time,u10_mean,v10_mean,wind_speed_ms,wind_dir_deg,date,TIME_PERIOD
2014-01-01 12:00:00,-1.199233,9.002121,9.081649,172.41193,2014-01-01 12:00:00,2014-01
2014-01-02 12:00:00,1.615858,6.791447,6.981028,193.38329,2014-01-02 12:00:00,2014-01
2014-01-03 12:00:00,1.1412724,10.383637,10.446168,186.27225,2014-01-03 12:00:00,2014-01
2014-01-04 12:00:00,0.94168997,7.967321,8.0227785,186.74075,2014-01-04 12:00:00,2014-01
2014-01-05 12:00:00,4.01425,4.746041,6.2160363,220.22488,2014-01-05 12:00:00,2014-01
2014-01-06 12:00:00,3.1840045,9.464131,9.985373,198.5944,2014-01-06 12:00:00,2014-01
2014-01-07 12:00:00,5.4803214,9.958098,11.366514,208.82567,2014-01-07 12:00:00,2014-01
2014-01-08 12:00:00,7.472134,4.618343,8.7841835,238.28079,2014-01-08 12:00:00,2014-01
2014-01-09 12:00:00,4.6776557,0.49153176,4.70341,264.0013,2014-01-09 12:00:00,2014-01
2014-01-10 12:00:00,6.8860683,1.2909932,7.0060406,259.3815,2014-01-10 12:00:00,2014-01
2014-01-11 12:00:00,7.9499474,-2.4602072,8.321916,287.1953,2014-01-11 12:00:00,2014-01
2014-01-12 12:00:00,2.1789267,0.143169,2.1836252,266.24072,2014-01-12 12:00:00,2014-01
2014-01-13 12:00:00,0.03918127,4.5369873,4.5371566,180.4948,2014-01-13 12:00:00,2014-01
2014-01-14 12:00:00,-3.3197856,3.8572447,5.0891366,139.28265,2014-01-14 12:00:00,2014-01
2014-01-15 12:00:00,-3.888685,7.0728602,8.071383,151.19785,2014-01-15 12:00:00,2014-01
2014-01-16 12:00:00,-5.38685,6.5234284,8.460099,140.45114,2014-01-16 12:00:00,2014-01
2014-01-17 12:00:00,-4.9130287,6.619924,8.243861,143.41876,2014-01-17 12:00:00,2014-01
2014-01-18 12:00:00,-7.689015,5.474177,9.438621,125.44888,2014-01-18 12:00:00,2014-01
2014-01-19 12:00:00,-9.688143,5.2298455,11.009604,118.36103,2014-01-19 12:00:00,2014-01
2014-01-20 12:00:00,-5.4047074,2.4129348,5.918878,114.0584,2014-01-20 12:00:00,2014-01
2014-01-21 12:00:00,-4.006028,4.2179465,5.8171587,136.47609,2014-01-21 12:00:00,2014-01
2014-01-22 12:00:00,-6.2022142,7.3807497,9.640692,139.9589,2014-01-22 12:00:00,2014-01
2014-01-23 12:00:00,-3.6969936,7.5955925,8.447532,154.04648,2014-01-23 12:00:00,2014-01
2014-01-24 12:00:00,-5.362365,6.501716,8.427768,140.4855,2014-01-24 12:00:00,2014-01
2014-01-25 12:00:00,-2.005661,10.080602,10.278191,168.74724,2014-01-25 12:00:00,2014-01
2014-01-26 12:00:00,-5.600058,9.287109,10.844863,148.91034,2014-01-26 12:00:00,2014-01
2014-01-27 12:00:00,-3.9285963,5.0164833,6.371732,141.93417,2014-01-27 12:00:00,2014-01
2014-01-28 12:00:00,-8.125957,7.8805094,11.319611,134.12149,2014-01-28 12:00:00,2014-01
2014-01-29 12:00:00,-9.013565,2.7274547,9.417185,106.83553,2014-01-29 12:00:00,2014-01
2014-01-30 12:00:00,-6.593145,3.3978806,7.41722,117.26503,2014-01-30 12:00:00,2014-01
2014-01-31 12:00:00,-5.496222,7.159707,9.026066,142.48799,2014-01-31 12:00:00,2014-01
2014-02-01 12:00:00,-1.258812,7.9612556,8.060162,171.01494,2014-02-01 12:00:00,2014-02
2014-02-02 12:00:00,3.493327,9.396202,10.024567,200.39417,2014-02-02 12:00:00,2014-02
2014-02-03 12:00:00,-3.2945838,7.385579,8.087092,155.95915,2014-02-03 12:00:00,2014-02
2014-02-04 12:00:00,-1.9287821,8.373576,8.592844,167.02866,2014-02-04 12:00:00,2014-02
2014-02-05 12:00:00,-6.418934,8.141471,10.3675585,141.74689,2014-02-05 12:00:00,2014-02
2014-02-06 12:00:00,3.1145616,8.126464,8.7028675,200.96991,2014-02-06 12:00:00,2014-02
2014-02-07 12:00:00,3.3820336,0.30503237,3.3957615,264.8463,2014-02-07 12:00:00,2014-02
2014-02-08 12:00:00,-0.8500972,10.153586,10.189111,175.21414,2014-02-08 12:00:00,2014-02
2014-02-09 12:00:00,3.3204365,9.991077,10.528386,198.38373,2014-02-09 12:00:00,2014-02
2014-02-10 12:00:00,3.055264,6.078114,6.8028016,206.68713,2014-02-10 12:00:00,2014-02
2014-02-11 12:00:00,-1.3502837,8.351485,8.459939,170.8158,2014-02-11 12:00:00,2014-02
2014-02-12 12:00:00,2.7256927,8.795857,9.208502,197.21736,2014-02-12 12:00:00,2014-02
2014-02-13 12:00:00,5.0191364,8.429286,9.810433,210.77127,2014-02-13 12:00:00,2014-02
2014-02-14 12:00:00,2.5979745,6.823597,7.3014345,200.84352,2014-02-14 12:00:00,2014-02
2014-02-15 12:00:00,4.1784253,9.125187,10.036347,204.60306,2014-02-15 12:00:00,2014-02
2014-02-16 12:00:00,9.278845,-0.3789229,9.286579,272.3385,2014-02-16 12:00:00,2014-02
2014-02-17 12:00:00,3.1059341,2.4398155,3.9496236,231.84917,2014-02-17 12:00:00,2014-02
2014-02-18 12:00:00,0.39724392,3.6653063,3.68677,186.18555,2014-02-18 12:00:00,2014-02
2014-02-19 12:00:00,2.2665696,-0.15429212,2.271815,273.8943,2014-02-19 12:00:00,2014-02
2014-02-20 12:00:00,-2.0591025,8.875822,9.111538,166.939,2014-02-20 12:00:00,2014-02
2014-02-21 12:00:00,5.1615243,6.241431,8.099185,219.59,2014-02-21 12:00:00,2014-02
2014-02-22 12:00:00,7.0299807,5.4160013,8.874329,232.38881,2014-02-22 12:00:00,2014-02
2014-02-23 12:00:00,2.7115362,11.90265,12.207601,192.8335,2014-02-23 12:00:00,2014-02
2014-02-24 12:00:00,0.5503806,9.467796,9.48378,183.32697,2014-02-24 12:00:00,2014-02
2014-02-25 12:00:00,-2.2424748,8.505796,8.796434,165.23056,2014-02-25 12:00:00,2014-02
2014-02-26 12:00:00,1.2319915,6.4962955,6.6120844,190.73834,2014-02-26 12:00:00,2014-02
2014-02-27 12:00:00,-0.6543029,9.156405,9.179753,175.91267,2014-02-27 12:00:00,2014-02
2014-02-28 12:00:00,-1.4972119,3.490115,3.7977028,156.78133,2014-02-28 12:00:00,2014-02
2014-03-01 12:00:00,-1.1438292,2.930782,3.1460814,158.68024,2014-03-01 12:00:00,2014-03
2014-03-02 12:00:00,0.45070064,7.149045,7.163238,183.60735,2014-03-02 12:00:00,2014-03
2014-03-03 12:00:00,-4.4299417,5.7787924,7.2814026,142.52673,2014-03-03 12:00:00,2014-03
2014-03-04 12:00:00,-1.3809228,4.7092547,4.907548,163.65697,2014-03-04 12:00:00,2014-03
2014-03-05 12:00:00,1.817097,3.222861,3.699821,209.41495,2014-03-05 12:00:00,2014-03
2014-03-06 12:00:00,3.34062,6.3589783,7.1830597,207.7147,2014-03-06 12:00:00,2014-03
2014-03-07 12:00:00,7.276945,6.8465385,9.991447,226.74551,2014-03-07 12:00:00,2014-03
2014-03-08 12:00:00,-0.10912563,8.701416,8.7021,179.28148,2014-03-08 12:00:00,2014-03
2014-03-09 12:00:00,3.334673,6.43368,7.246536,207.39838,2014-03-09 12:00:00,2014-03
2014-03-10 12:00:00,2.8153715,-3.9695299,4.866568,324.654,2014-03-10 12:00:00,2014-03
2014-03-11 12:00:00,-1.1344662,0.43509465,1.2150395,110.983,2014-03-11 12:00:00,2014-03
2014-03-12 12:00:00,0.15666328,2.2418096,2.2472768,183.99747,2014-03-12 12:00:00,2014-03
2014-03-13 12:00:00,3.9541929,-0.62901795,4.003911,279.03864,2014-03-13 12:00:00,2014-03
2014-03-14 12:00:00,5.5493407,6.103475,8.249097,222.27742,2014-03-14 12:00:00,2014-03
2014-03-15 12:00:00,7.943304,-2.9254797,8.464899,290.2185,2014-03-15 12:00:00,2014-03
2014-03-16 12:00:00,9.476225,-2.0236268,9.689886,282.05432,2014-03-16 12:00:00,2014-03
2014-03-17 12:00:00,7.8999033,-0.97068316,7.9593153,277.00497,2014-03-17 12:00:00,2014-03
2014-03-18 12:00:00,5.4509993,2.617165,6.04673,244.35313,2014-03-18 12:00:00,2014-03
2014-03-19 12:00:00,9.858686,2.8384867,10.259176,253.93796,2014-03-19 12:00:00,2014-03
2014-03-20 12:00:00,5.047536,9.454128,10.71719,208.09766,2014-03-20 12:00:00,2014-03
2014-03-21 12:00:00,7.7571816,4.4927354,8.964293,239.92181,2014-03-21 12:00:00,2014-03
2014-03-22 12:00:00,5.0266013,5.3675375,7.3537188,223.12132,2014-03-22 12:00:00,2014-03
2014-03-23 12:00:00,5.8068705,-0.34275347,5.8169775,273.378,2014-03-23 12:00:00,2014-03
2014-03-24 12:00:00,0.33747718,-1.0056571,1.060772,341.44934,2014-03-24 12:00:00,2014-03
2014-03-25 12:00:00,-4.1794157,1.5831941,4.46923,110.74707,2014-03-25 12:00:00,2014-03
2014-03-26 12:00:00,-4.6426687,-3.4087787,5.7597,53.712845,2014-03-26 12:00:00,2014-03
2014-03-27 12:00:00,-6.359505,-0.32548162,6.367829,87.070145,2014-03-27 12:00:00,2014-03
2014-03-28 12:00:00,-5.8504667,0.392125,5.863593,93.834496,2014-03-28 12:00:00,2014-03
2014-03-29 12:00:00,-4.5317526,1.466174,4.763029,107.92814,2014-03-29 12:00:00,2014-03
2014-03-30 12:00:00,-2.213857,-0.52048624,2.2742183,76.76982,2014-03-30 12:00:00,2014-03
2014-03-31 12:00:00,-2.2804973,-1.2284971,2.5903423,61.688797,2014-03-31 12:00:00,2014-03
2014-04-01 12:00:00,-2.8689108,0.8923533,3.0044873,107.27792,2014-04-01 12:00:00,2014-04
2014-04-02 12:00:00,-2.637007,0.29036435,2.652945,96.28361,2014-04-02 12:00:00,2014-04
2014-04-03 12:00:00,-4.8155384,0.9914077,4.916533,101.63334,2014-04-03 12:00:00,2014-04
2014-04-04 12:00:00,-4.2421575,3.2102802,5.3199434,127.11685,2014-04-04 12:00:00,2014-04
2014-04-05 12:00:00,1.3570945,4.378252,4.5837536,197.22148,2014-04-05 12:00:00,2014-04
2014-04-06 12:00:00,1.762555,6.7624707,6.9883914,194.60843,2014-04-06 12:00:00,2014-04
2014-04-07 12:00:00,0.6732539,4.8977456,4.9438024,187.82693,2014-04-07 12:00:00,2014-04
2014-04-08 12:00:00,8.028058,-1.3349093,8.138286,279.4408,2014-04-08 12:00:00,2014-04
2014-04-09 12:00:00,5.4007597,-0.058248974,5.401074,270.61792,2014-04-09 12:00:00,2014-04
2014-04-10 12:00:00,3.9972255,1.8583528,4.4080935,245.06578,2014-04-10 12:00:00,2014-04
2014-04-11 12:00:00,3.5034409,-1.1337805,3.6823301,287.93256,2014-04-11 12:00:00,2014-04
2014-04-12 12:00:00,6.407111,5.6530156,8.544452,228.57793,2014-04-12 12:00:00,2014-04
2014-04-13 12:00:00,9.188126,-0.43970534,9.198641,272.73984,2014-04-13 12:00:00,2014-04
2014-04-14 12:00:00,6.155878,-8.670099,10.6332245,324.62476,2014-04-14 12:00:00,2014-04
2014-04-15 12:00:00,1.0376298,-3.8054736,3.9444017,344.74805,2014-04-15 12:00:00,2014-04
2014-04-16 12:00:00,2.1174438,5.442484,5.83988,201.25894,2014-04-16 12:00:00,2014-04
2014-04-17 12:00:00,7.36536,2.8286877,7.889867,248.99057,2014-04-17 12:00:00,2014-04
2014-04-18 12:00:00,1.5465174,-6.577514,6.7568784,346.76883,2014-04-18 12:00:00,2014-04
2014-04-19 12:00:00,-3.1027627,1.2417467,3.342016,111.81162,2014-04-19 12:00:00,2014-04
2014-04-20 12:00:00,-5.5871496,-1.2321754,5.721407,77.56322,2014-04-20 12:00:00,2014-04
2014-04-21 12:00:00,-5.324029,-3.1979158,6.210632,59.008575,2014-04-21 12:00:00,2014-04
2014-04-22 12:00:00,-4.3559647,0.5242453,4.3873982,96.86261,2014-04-22 12:00:00,2014-04
2014-04-23 12:00:00,-3.832243,2.5905814,4.6257105,124.05855,2014-04-23 12:00:00,2014-04
2014-04-24 12:00:00,-4.508429,1.3249314,4.6990824,106.376945,2014-04-24 12:00:00,2014-04
2014-04-25 12:00:00,-5.3540173,-0.72917753,5.4034433,82.24446,2014-04-25 12:00:00,2014-04
2014-04-26 12:00:00,-4.012032,3.2114651,5.139057,128.67583,2014-04-26 12:00:00,2014-04
2014-04-27 12:00:00,-3.7244377,-0.32685322,3.7387524,84.98463,2014-04-27 12:00:00,2014-04
2014-04-28 12:00:00,-1.4546626,-0.56253743,1.5596447,68.85786,2014-04-28 12:00:00,2014-04
2014-04-29 12:00:00,-0.67381763,-2.459764,2.550386,15.319565,2014-04-29 12:00:00,2014-04
2014-04-30 12:00:00,0.79198754,-4.1282783,4.2035613,349.14008,2014-04-30 12:00:00,2014-04
2014-05-01 12:00:00,-3.3251116,-1.6842688,3.7273488,63.13643,2014-05-01 12:00:00,2014-05
2014-05-02 12:00:00,-0.79144806,-5.3011327,5.3598876,8.491425,2014-05-02 12:00:00,2014-05
2014-05-03 12:00:00,2.68064,-3.3542643,4.2938237,321.36908,2014-05-03 12:00:00,2014-05
2014-05-04 12:00:00,1.3446589,1.9260576,2.349001,214.92046,2014-05-04 12:00:00,2014-05
2014-05-05 12:00:00,-0.48861676,4.6830783,4.7085,174.0435,2014-05-05 12:00:00,2014-05
2014-05-06 12:00:00,0.13359706,5.0646253,5.066387,181.51102,2014-05-06 12:00:00,2014-05
2014-05-07 12:00:00,2.8296995,3.6771643,4.639907,217.57947,2014-05-07 12:00:00,2014-05
2014-05-08 12:00:00,2.0582032,2.2176,3.0255497,222.86507,2014-05-08 12:00:00,2014-05
2014-05-09 12:00:00,2.6492484,2.4978833,3.6411452,226.68445,2014-05-09 12:00:00,2014-05
2014-05-10 12:00:00,-0.31628594,5.551556,5.5605583,176.73924,2014-05-10 12:00:00,2014-05
2014-05-11 12:00:00,2.8426197,-0.16906843,2.8476431,273.40372,2014-05-11 12:00:00,2014-05
2014-05-12 12:00:00,3.6074862,-3.5607452,5.068813,314.6264,2014-05-12 12:00:00,2014-05
2014-05-13 12:00:00,3.702368,-5.3076744,6.4713936,325.1023,2014-05-13 12:00:00,2014-05
2014-05-14 12:00:00,2.7579484,-5.313802,5.9868827,332.56995,2014-05-14 12:00:00,2014-05
2014-05-15 12:00:00,2.942859,1.4950258,3.3008363,243.0686,2014-05-15 12:00:00,2014-05
2014-05-16 12:00:00,1.574363,2.4388704,2.9028792,212.84344,2014-05-16 12:00:00,2014-05
2014-05-17 12:00:00,1.3432926,2.1967158,2.5748777,211.4458,2014-05-17 12:00:00,2014-05
2014-05-18 12:00:00,-1.5348327,3.618258,3.930331,157.01378,2014-05-18 12:00:00,2014-05
2014-05-19 12:00:00,-3.6797025,1.679946,4.0450497,114.53879,2014-05-19 12:00:00,2014-05
2014-05-20 12:00:00,-2.5648272,2.452288,3.5485284,133.71501,2014-05-20 12:00:00,2014-05
2014-05-21 12:00:00,-0.5112855,3.5630207,3.599518,171.83392,2014-05-21 12:00:00,2014-05
2014-05-22 12:00:00,-0.79538965,2.707605,2.822015,163.62926,2014-05-22 12:00:00,2014-05
2014-05-23 12:00:00,0.031101093,0.7244933,0.7251606,182.45808,2014-05-23 12:00:00,2014-05
2014-05-24 12:00:00,-0.6719798,0.4812353,0.8265254,125.60818,2014-05-24 12:00:00,2014-05
2014-05-25 12:00:00,0.7909009,0.7619052,1.0981911,226.06976,2014-05-25 12:00:00,2014-05
2014-05-26 12:00:00,-2.5907493,-1.236337,2.870629,64.48897,2014-05-26 12:00:00,2014-05
2014-05-27 12:00:00,-4.657465,-2.739207,5.4032617,59.538826,2014-05-27 12:00:00,2014-05
2014-05-28 12:00:00,-5.3843946,-0.9410604,5.4660134,80.086235,2014-05-28 12:00:00,2014-05
2014-05-29 12:00:00,-3.5243413,-0.94782907,3.6495702,74.94716,2014-05-29 12:00:00,2014-05
2014-05-30 12:00:00,1.2811759,-3.991351,4.1919317,342.20398,2014-05-30 12:00:00,2014-05
2014-05-31 12:00:00,3.0359094,-3.9690185,4.9969845,322.58755,2014-05-31 12:00:00,2014-05
2014-06-01 12:00:00,0.81779414,-0.2848386,0.8659794,289.20328,2014-06-01 12:00:00,2014-06
2014-06-02 12:00:00,-1.2647753,3.1697574,3.4127727,158.24734,2014-06-02 12:00:00,2014-06
2014-06-03 12:00:00,-1.3858098,3.1206315,3.4144998,156.05496,2014-06-03 12:00:00,2014-06
2014-06-04 12:00:00,-3.4115698,2.354633,4.145251,124.613075,2014-06-04 12:00:00,2014-06
2014-06-05 12:00:00,0.46541828,1.4066918,1.4816868,198.30733,2014-06-05 12:00:00,2014-06
2014-06-06 12:00:00,0.8228526,1.6328545,1.8284693,206.74513,2014-06-06 12:00:00,2014-06
2014-06-07 12:00:00,-2.0138311,0.7018561,2.1326315,109.21436,2014-06-07 12:00:00,2014-06
2014-06-08 12:00:00,1.3775232,1.6992085,2.1874368,219.03117,2014-06-08 12:00:00,2014-06
2014-06-09 12:00:00,-1.6475478,1.2115445,2.0450559,126.32936,2014-06-09 12:00:00,2014-06
2014-06-10 12:00:00,-0.41408947,3.5126328,3.5369563,173.27667,2014-06-10 12:00:00,2014-06
2014-06-11 12:00:00,4.337026,1.8096162,4.6994157,247.35175,2014-06-11 12:00:00,2014-06
2014-06-12 12:00:00,4.2266297,-0.08157616,4.227417,271.1057,2014-06-12 12:00:00,2014-06
2014-06-13 12:00:00,2.6373959,-5.224805,5.85273,333.2161,2014-06-13 12:00:00,2014-06
2014-06-14 12:00:00,1.0722579,-5.131051,5.241891,348.19653,2014-06-14 12:00:00,2014-06
2014-06-15 12:00:00,1.6850103,-5.6477,5.893706,343.38733,2014-06-15 12:00:00,2014-06
2014-06-16 12:00:00,1.846104,-8.067487,8.276016,347.11078,2014-06-16 12:00:00,2014-06
2014-06-17 12:00:00,1.9952787,-5.59588,5.9409604,340.37567,2014-06-17 12:00:00,2014-06
2014-06-18 12:00:00,3.1084511,-4.873591,5.780515,327.46964,2014-06-18 12:00:00,2014-06
2014-06-19 12:00:00,5.451413,-7.2546554,9.074576,323.07745,2014-06-19 12:00:00,2014-06
2014-06-20 12:00:00,4.4648924,-5.236735,6.8817625,319.54877,2014-06-20 12:00:00,2014-06
2014-06-21 12:00:00,4.1155953,-3.6765733,5.5186334,311.77527,2014-06-21 12:00:00,2014-06
2014-06-22 12:00:00,3.3517697,-4.792559,5.848332,325.03223,2014-06-22 12:00:00,2014-06
2014-06-23 12:00:00,2.211682,-2.2765095,3.1739619,315.8275,2014-06-23 12:00:00,2014-06
2014-06-24 12:00:00,0.5378662,-3.8694322,3.906636,352.08636,2014-06-24 12:00:00,2014-06
2014-06-25 12:00:00,0.37552437,-3.1855218,3.2075799,353.27673,2014-06-25 12:00:00,2014-06
2014-06-26 12:00:00,0.079900414,-1.2417306,1.2442986,356.3183,2014-06-26 12:00:00,2014-06
2014-06-27 12:00:00,-0.17620419,0.36204696,0.40264863,154.04834,2014-06-27 12:00:00,2014-06
2014-06-28 12:00:00,0.37094834,-2.1832662,2.214555,350.35724,2014-06-28 12:00:00,2014-06
2014-06-29 12:00:00,1.6522192,-4.539851,4.8311567,340.00168,2014-06-29 12:00:00,2014-06
2014-06-30 12:00:00,3.418839,-3.8776367,5.169577,318.59796,2014-06-30 12:00:00,2014-06
2014-07-01 12:00:00,2.409599,-4.3127275,4.9402213,330.80713,2014-07-01 12:00:00,2014-07
2014-07-02 12:00:00,3.1729748,2.204861,3.8638296,235.20505,2014-07-02 12:00:00,2014-07
2014-07-03 12:00:00,4.549721,3.147759,5.5324807,235.32228,2014-07-03 12:00:00,2014-07
2014-07-04 12:00:00,0.19304651,7.1891117,7.191703,181.53818,2014-07-04 12:00:00,2014-07
2014-07-05 12:00:00,-0.22197968,5.1176424,5.122454,177.51633,2014-07-05 12:00:00,2014-07
2014-07-06 12:00:00,-1.8051101,3.117929,3.6027634,149.93152,2014-07-06 12:00:00,2014-07
2014-07-07 12:00:00,1.3249161,2.7541528,3.0562658,205.6904,2014-07-07 12:00:00,2014-07
2014-07-08 12:00:00,-1.1076709,-4.022211,4.171944,15.396957,2014-07-08 12:00:00,2014-07
2014-07-09 12:00:00,-0.17361915,-5.9368305,5.9393687,1.6751099,2014-07-09 12:00:00,2014-07
2014-07-10 12:00:00,-1.6029203,-3.6445558,3.9814746,23.740479,2014-07-10 12:00:00,2014-07
2014-07-11 12:00:00,-0.9317356,-0.9929116,1.3616184,43.179443,2014-07-11 12:00:00,2014-07
2014-07-12 12:00:00,-1.4592143,0.9232637,1.7267665,122.32207,2014-07-12 12:00:00,2014-07
2014-07-13 12:00:00,0.08144359,0.26288474,0.27521163,197.21336,2014-07-13 12:00:00,2014-07
2014-07-14 12:00:00,3.634392,-1.047448,3.782321,286.0772,2014-07-14 12:00:00,2014-07
2014-07-15 12:00:00,5.4991446,0.6141211,5.5333295,263.62784,2014-07-15 12:00:00,2014-07
2014-07-16 12:00:00,0.79073083,2.944668,3.0489876,195.03102,2014-07-16 12:00:00,2014-07
2014-07-17 12:00:00,2.200105,0.33190185,2.224999,261.4212,2014-07-17 12:00:00,2014-07
2014-07-18 12:00:00,-2.8374803,-0.8755055,2.9694788,72.85238,2014-07-18 12:00:00,2014-07
2014-07-19 12:00:00,-4.8908696,1.3510295,5.0740404,105.442024,2014-07-19 12:00:00,2014-07
2014-07-20 12:00:00,-3.917051,1.6654658,4.2564144,113.0344,2014-07-20 12:00:00,2014-07
2014-07-21 12:00:00,-1.3199204,-1.143842,1.7465864,49.08783,2014-07-21 12:00:00,2014-07
2014-07-22 12:00:00,-1.2746606,-3.044567,3.3006287,22.717468,2014-07-22 12:00:00,2014-07
2014-07-23 12:00:00,-2.858827,-2.5877752,3.8560956,47.849,2014-07-23 12:00:00,2014-07
2014-07-24 12:00:00,-2.5148854,-2.4631097,3.5201645,45.595917,2014-07-24 12:00:00,2014-07
2014-07-25 12:00:00,-2.2634678,-2.1053708,3.0912573,47.072495,2014-07-25 12:00:00,2014-07
2014-07-26 12:00:00,-1.3919479,-0.8812361,1.6474513,57.662292,2014-07-26 12:00:00,2014-07
2014-07-27 12:00:00,1.998319,0.10240395,2.0009413,267.06644,2014-07-27 12:00:00,2014-07
2014-07-28 12:00:00,0.20877798,-2.5163808,2.5250268,355.25717,2014-07-28 12:00:00,2014-07
2014-07-29 12:00:00,2.1416194,-0.7006549,2.25332,288.1161,2014-07-29 12:00:00,2014-07
2014-07-30 12:00:00,5.7840123,0.53238434,5.808462,264.7411,2014-07-30 12:00:00,2014-07
2014-07-31 12:00:00,4.5784564,2.2035904,5.0811486,244.29869,2014-07-31 12:00:00,2014-07
2014-08-01 12:00:00,0.11112864,3.7947867,3.7964134,181.6774,2014-08-01 12:00:00,2014-08
2014-08-02 12:00:00,-2.6442733,3.0436678,4.0318847,139.0166,2014-08-02 12:00:00,2014-08
2014-08-03 12:00:00,1.0114378,3.8956604,4.0248203,194.55446,2014-08-03 12:00:00,2014-08
2014-08-04 12:00:00,2.4283319,2.8518436,3.7456386,220.41425,2014-08-04 12:00:00,2014-08
2014-08-05 12:00:00,1.9422048,0.3938471,1.9817353,258.5368,2014-08-05 12:00:00,2014-08
2014-08-06 12:00:00,-0.89251494,4.746436,4.829621,169.35051,2014-08-06 12:00:00,2014-08
2014-08-07 12:00:00,2.8587718,0.41607228,2.888891,261.71918,2014-08-07 12:00:00,2014-08
2014-08-08 12:00:00,-2.1817977,1.055832,2.4238446,115.82362,2014-08-08 12:00:00,2014-08
2014-08-09 12:00:00,2.0833976,3.3317266,3.929497,212.01859,2014-08-09 12:00:00,2014-08
2014-08-10 12:00:00,-3.922834,6.266061,7.392709,147.9516,2014-08-10 12:00:00,2014-08
2014-08-11 12:00:00,5.1876364,7.6777506,9.266036,214.04576,2014-08-11 12:00:00,2014-08
2014-08-12 12:00:00,5.6530533,7.1878977,9.144555,218.18393,2014-08-12 12:00:00,2014-08
2014-08-13 12:00:00,3.2091818,3.621034,4.8384643,221.54932,2014-08-13 12:00:00,2014-08
2014-08-14 12:00:00,4.106901,-1.747165,4.4630957,293.04596,2014-08-14 12:00:00,2014-08
2014-08-15 12:00:00,3.5740047,-4.7845993,5.9720936,323.24097,2014-08-15 12:00:00,2014-08
2014-08-16 12:00:00,6.3656373,1.6682378,6.5806046,255.31479,2014-08-16 12:00:00,2014-08
2014-08-17 12:00:00,6.1964984,2.9127467,6.846947,244.8235,2014-08-17 12:00:00,2014-08
2014-08-18 12:00:00,6.9535832,-5.9926834,9.179574,310.75516,2014-08-18 12:00:00,2014-08
2014-08-19 12:00:00,6.498234,-4.623486,7.9751906,305.4318,2014-08-19 12:00:00,2014-08
2014-08-20 12:00:00,6.3435473,-3.7692506,7.378878,300.7182,2014-08-20 12:00:00,2014-08
2014-08-21 12:00:00,4.495908,2.5183103,5.1531615,240.74533,2014-08-21 12:00:00,2014-08
2014-08-22 12:00:00,3.368863,-0.6857799,3.4379547,281.50616,2014-08-22 12:00:00,2014-08
2014-08-23 12:00:00,5.212191,-2.8015797,5.9174137,298.25824,2014-08-23 12:00:00,2014-08
2014-08-24 12:00:00,5.786058,-3.0706604,6.5503755,297.9549,2014-08-24 12:00:00,2014-08
2014-08-25 12:00:00,0.9755173,-1.2932822,1.6199422,322.9729,2014-08-25 12:00:00,2014-08
2014-08-26 12:00:00,-2.0631466,-3.820799,4.3422437,28.368073,2014-08-26 12:00:00,2014-08
2014-08-27 12:00:00,-0.025430216,-1.4939356,1.494152,0.9752197,2014-08-27 12:00:00,2014-08
2014-08-28 12:00:00,-1.7677376,4.7678757,5.0850306,159.65724,2014-08-28 12:00:00,2014-08
2014-08-29 12:00:00,0.86219716,5.1457086,5.217442,189.51192,2014-08-29 12:00:00,2014-08
2014-08-30 12:00:00,2.1948512,2.3763566,3.2348793,222.7262,2014-08-30 12:00:00,2014-08
2014-08-31 12:00:00,-0.1123203,-1.0936819,1.0994344,5.863678,2014-08-31 12:00:00,2014-08
2014-09-01 12:00:00,0.7326686,2.2575533,2.373468,197.98038,2014-09-01 12:00:00,2014-09
2014-09-02 12:00:00,-0.32120377,0.4590036,0.56022865,145.01625,2014-09-02 12:00:00,2014-09
2014-09-03 12:00:00,-2.0613816,2.5685196,3.2934155,141.25099,2014-09-03 12:00:00,2014-09
2014-09-04 12:00:00,-2.9191778,2.2320142,3.674709,127.401665,2014-09-04 12:00:00,2014-09
2014-09-05 12:00:00,-1.12641,0.9078052,1.4466892,128.8663,2014-09-05 12:00:00,2014-09
2014-09-06 12:00:00,0.30717802,-1.2105842,1.2489485,345.76202,2014-09-06 12:00:00,2014-09
2014-09-07 12:00:00,1.8699063,0.7165895,2.002511,249.03206,2014-09-07 12:00:00,2014-09
2014-09-08 12:00:00,4.19082,-2.9844704,5.144904,305.45636,2014-09-08 12:00:00,2014-09
2014-09-09 12:00:00,4.041497,-4.880597,6.336713,320.3727,2014-09-09 12:00:00,2014-09
2014-09-10 12:00:00,0.22925955,-3.343588,3.3514388,356.07755,2014-09-10 12:00:00,2014-09
2014-09-11 12:00:00,-1.2255754,-1.3355583,1.812664,42.54106,2014-09-11 12:00:00,2014-09
2014-09-12 12:00:00,-1.2246002,-2.0237966,2.3654594,31.178162,2014-09-12 12:00:00,2014-09
2014-09-13 12:00:00,-1.6819483,-2.362438,2.900011,35.449142,2014-09-13 12:00:00,2014-09
2014-09-14 12:00:00,-4.1750197,-3.1375196,5.22253,53.07522,2014-09-14 12:00:00,2014-09
2014-09-15 12:00:00,-5.418185,-0.36518514,5.430478,86.14411,2014-09-15 12:00:00,2014-09
2014-09-16 12:00:00,-5.1345444,0.9170234,5.215791,100.1262,2014-09-16 12:00:00,2014-09
2014-09-17 12:00:00,-5.4092846,1.0060071,5.502037,100.535385,2014-09-17 12:00:00,2014-09
2014-09-18 12:00:00,-4.697585,0.6680237,4.744846,98.09353,2014-09-18 12:00:00,2014-09
2014-09-19 12:00:00,-2.6724849,0.9672457,2.8421364,109.89659,2014-09-19 12:00:00,2014-09
2014-09-20 12:00:00,1.6481726,-1.9932988,2.586448,320.41412,2014-09-20 12:00:00,2014-09
2014-09-21 12:00:00,3.3257437,-8.755478,9.36584,339.20087,2014-09-21 12:00:00,2014-09
2014-09-22 12:00:00,1.6543493,-5.597961,5.837297,343.53613,2014-09-22 12:00:00,2014-09
2014-09-23 12:00:00,3.9580832,1.5960175,4.2677503,248.03923,2014-09-23 12:00:00,2014-09
2014-09-24 12:00:00,3.8892417,-2.2040935,4.470372,299.5409,2014-09-24 12:00:00,2014-09
2014-09-25 12:00:00,7.800713,1.3522408,7.91705,260.1656,2014-09-25 12:00:00,2014-09
2014-09-26 12:00:00,9.609253,-0.06825046,9.609496,270.40692,2014-09-26 12:00:00,2014-09
2014-09-27 12:00:00,5.617989,2.0032358,5.964458,250.37503,2014-09-27 12:00:00,2014-09
2014-09-28 12:00:00,3.2138202,2.367768,3.9918623,233.61923,2014-09-28 12:00:00,2014-09
2014-09-29 12:00:00,0.012373158,1.795886,1.7959286,180.39474,2014-09-29 12:00:00,2014-09
2014-09-30 12:00:00,0.33001134,3.6976576,3.712355,185.10007,2014-09-30 12:00:00,2014-09
2014-10-01 12:00:00,2.6494367,3.8036711,4.635453,214.85904,2014-10-01 12:00:00,2014-10
2014-10-02 12:00:00,0.5026805,1.617569,1.6938764,197.2633,2014-10-02 12:00:00,2014-10
2014-10-03 12:00:00,1.5409187,7.1495576,7.313727,192.1627,2014-10-03 12:00:00,2014-10
2014-10-04 12:00:00,-1.6314894,7.148776,7.332582,167.14417,2014-10-04 12:00:00,2014-10
2014-10-05 12:00:00,-0.7634208,1.2940722,1.502476,149.46208,2014-10-05 12:00:00,2014-10
2014-10-06 12:00:00,-7.3471212,7.7288547,10.663742,136.45045,2014-10-06 12:00:00,2014-10
2014-10-07 12:00:00,-4.382463,4.0112333,5.9410415,132.46762,2014-10-07 12:00:00,2014-10
2014-10-08 12:00:00,1.1086665,7.264264,7.348379,188.67747,2014-10-08 12:00:00,2014-10
2014-10-09 12:00:00,2.8547425,7.1050425,7.6571,201.88982,2014-10-09 12:00:00,2014-10
2014-10-10 12:00:00,5.6100903,4.4615464,7.1678805,231.50575,2014-10-10 12:00:00,2014-10
2014-10-11 12:00:00,1.3796782,4.0498276,4.2783895,198.81273,2014-10-11 12:00:00,2014-10
2014-10-12 12:00:00,2.2707973,0.50107634,2.3254242,257.55646,2014-10-12 12:00:00,2014-10
2014-10-13 12:00:00,-3.3298676,-0.8957259,3.4482377,74.943985,2014-10-13 12:00:00,2014-10
2014-10-14 12:00:00,-3.196177,-1.1877328,3.4097297,69.61442,2014-10-14 12:00:00,2014-10
2014-10-15 12:00:00,-2.7197707,-1.3388277,3.0314374,63.79094,2014-10-15 12:00:00,2014-10
2014-10-16 12:00:00,-2.8401268,0.475521,2.87966,99.504845,2014-10-16 12:00:00,2014-10
2014-10-17 12:00:00,-0.40076262,1.894398,1.936325,168.05511,2014-10-17 12:00:00,2014-10
2014-10-18 12:00:00,-0.25572038,9.324845,9.328351,178.42914,2014-10-18 12:00:00,2014-10
2014-10-19 12:00:00,5.71351,7.528093,9.450734,217.19699,2014-10-19 12:00:00,2014-10
2014-10-20 12:00:00,7.77425,0.9199375,7.82849,263.2515,2014-10-20 12:00:00,2014-10
2014-10-21 12:00:00,3.8101137,3.482966,5.162172,227.5684,2014-10-21 12:00:00,2014-10
2014-10-22 12:00:00,4.675877,-4.7331133,6.653284,315.3485,2014-10-22 12:00:00,2014-10
2014-10-23 12:00:00,4.236928,6.155488,7.472723,214.5403,2014-10-23 12:00:00,2014-10
2014-10-24 12:00:00,3.5703826,5.724361,6.74655,211.9525,2014-10-24 12:00:00,2014-10
2014-10-25 12:00:00,5.1206436,6.5625772,8.323966,217.96417,2014-10-25 12:00:00,2014-10
2014-10-26 12:00:00,7.219314,8.535619,11.1792345,220.22409,2014-10-26 12:00:00,2014-10
2014-10-27 12:00:00,4.314398,7.7283726,8.851089,209.17262,2014-10-27 12:00:00,2014-10
2014-10-28 12:00:00,3.9493282,7.480938,8.459411,207.83041,2014-10-28 12:00:00,2014-10
2014-10-29 12:00:00,2.7615929,-2.3266952,3.611081,310.11478,2014-10-29 12:00:00,2014-10
2014-10-30 12:00:00,-1.6461203,5.4349155,5.678734,163.14955,2014-10-30 12:00:00,2014-10
2014-10-31 12:00:00,-0.8690579,6.3160934,6.375602,172.16562,2014-10-31 12:00:00,2014-10
2014-11-01 12:00:00,3.4213033,5.6629467,6.616214,211.13852,2014-11-01 12:00:00,2014-11
2014-11-02 12:00:00,3.796902,8.240938,9.073562,204.73726,2014-11-02 12:00:00,2014-11
2014-11-03 12:00:00,2.0921774,6.92356,7.232765,196.81389,2014-11-03 12:00:00,2014-11
2014-11-04 12:00:00,2.2776475,-0.14861542,2.282491,273.73322,2014-11-04 12:00:00,2014-11
2014-11-05 12:00:00,-2.2639167,-1.7315714,2.8502033,52.58921,2014-11-05 12:00:00,2014-11
2014-11-06 12:00:00,-2.14888,5.648932,6.0438495,159.17296,2014-11-06 12:00:00,2014-11
2014-11-07 12:00:00,-4.784593,10.346243,11.398994,155.18195,2014-11-07 12:00:00,2014-11
2014-11-08 12:00:00,2.4806075,7.6166263,8.010394,198.03957,2014-11-08 12:00:00,2014-11
2014-11-09 12:00:00,-0.15978247,6.211534,6.213589,178.52647,2014-11-09 12:00:00,2014-11
2014-11-10 12:00:00,1.3824304,5.384793,5.559416,194.39851,2014-11-10 12:00:00,2014-11
2014-11-11 12:00:00,-4.559611,5.1159916,6.8529863,138.29108,2014-11-11 12:00:00,2014-11
2014-11-12 12:00:00,-6.3365917,4.920234,8.022537,127.82861,2014-11-12 12:00:00,2014-11
2014-11-13 12:00:00,-4.5515175,4.4473205,6.363566,134.33661,2014-11-13 12:00:00,2014-11
2014-11-14 12:00:00,-7.9176025,5.3114505,9.534145,123.85532,2014-11-14 12:00:00,2014-11
2014-11-15 12:00:00,-6.3384995,3.0562563,7.0368514,115.742134,2014-11-15 12:00:00,2014-11
2014-11-16 12:00:00,-6.4713364,-0.5399142,6.49382,85.23077,2014-11-16 12:00:00,2014-11
2014-11-17 12:00:00,-6.545486,1.458836,6.7060857,102.56454,2014-11-17 12:00:00,2014-11
2014-11-18 12:00:00,-6.036337,-0.35769466,6.0469255,86.6088,2014-11-18 12:00:00,2014-11
2014-11-19 12:00:00,-4.2053885,0.93709546,4.3085313,102.5621,2014-11-19 12:00:00,2014-11
2014-11-20 12:00:00,-2.61102,1.2468867,2.8934672,115.5267,2014-11-20 12:00:00,2014-11
2014-11-21 12:00:00,-3.986572,2.8072248,4.875784,125.15207,2014-11-21 12:00:00,2014-11
2014-11-22 12:00:00,-4.0577564,6.4358473,7.6082535,147.76886,2014-11-22 12:00:00,2014-11
2014-11-23 12:00:00,-0.03813828,2.1286306,2.1289723,178.97356,2014-11-23 12:00:00,2014-11
2014-11-24 12:00:00,5.9328895,-2.749104,6.5388646,294.86145,2014-11-24 12:00:00,2014-11
2014-11-25 12:00:00,0.26115805,0.58172995,0.6376623,204.17691,2014-11-25 12:00:00,2014-11
2014-11-26 12:00:00,-5.0386267,4.53694,6.780235,132.00089,2014-11-26 12:00:00,2014-11
2014-11-27 12:00:00,-6.117709,5.8143444,8.439962,133.54361,2014-11-27 12:00:00,2014-11
2014-11-28 12:00:00,-8.423841,5.033624,9.813179,120.86022,2014-11-28 12:00:00,2014-11
2014-11-29 12:00:00,-7.1411324,5.3306046,8.911291,126.74005,2014-11-29 12:00:00,2014-11
2014-11-30 12:00:00,-3.91238,3.0117607,4.9373493,127.58917,2014-11-30 12:00:00,2014-11
2014-12-01 12:00:00,-4.502021,4.221628,6.171737,133.15906,2014-12-01 12:00:00,2014-12
2014-12-02 12:00:00,0.6526547,-3.1353927,3.2025998,348.2414,2014-12-02 12:00:00,2014-12
2014-12-03 12:00:00,-0.31522176,-1.0707637,1.1161988,16.403885,2014-12-03 12:00:00,2014-12
2014-12-04 12:00:00,-2.459399,2.9008486,3.8030994,139.70804,2014-12-04 12:00:00,2014-12
2014-12-05 12:00:00,3.5721717,0.15903182,3.57571,267.4509,2014-12-05 12:00:00,2014-12
2014-12-06 12:00:00,4.212376,1.5109234,4.4751534,250.26776,2014-12-06 12:00:00,2014-12
2014-12-07 12:00:00,8.696218,3.039466,9.212087,250.73466,2014-12-07 12:00:00,2014-12
2014-12-08 12:00:00,6.644379,-1.293646,6.7691426,281.01752,2014-12-08 12:00:00,2014-12
2014-12-09 12:00:00,3.8822386,8.182022,9.056338,205.38359,2014-12-09 12:00:00,2014-12
2014-12-10 12:00:00,11.18511,5.139232,12.309281,245.3226,2014-12-10 12:00:00,2014-12
2014-12-11 12:00:00,10.679551,2.4498808,10.956948,257.07993,2014-12-11 12:00:00,2014-12
2014-12-12 12:00:00,6.1138515,1.9524133,6.4180293,252.28949,2014-12-12 12:00:00,2014-12
2014-12-13 12:00:00,7.07899,-1.7885848,7.3014474,284.17966,2014-12-13 12:00:00,2014-12
2014-12-14 12:00:00,6.366899,9.746696,11.641972,213.15404,2014-12-14 12:00:00,2014-12
2014-12-15 12:00:00,9.336063,-0.63490283,9.357627,273.89044,2014-12-15 12:00:00,2014-12
2014-12-16 12:00:00,8.838759,-3.4865239,9.501553,291.52716,2014-12-16 12:00:00,2014-12
2014-12-17 12:00:00,4.155572,2.1933632,4.6988955,242.17435,2014-12-17 12:00:00,2014-12
2014-12-18 12:00:00,7.4048543,4.852339,8.853082,236.76352,2014-12-18 12:00:00,2014-12
2014-12-19 12:00:00,11.5165415,0.18917869,11.518095,269.0589,2014-12-19 12:00:00,2014-12
2014-12-20 12:00:00,10.917402,-5.7799478,12.353035,297.8979,2014-12-20 12:00:00,2014-12
2014-12-21 12:00:00,8.376417,5.6104803,10.0817585,236.18604,2014-12-21 12:00:00,2014-12
2014-12-22 12:00:00,10.492842,2.184426,10.71781,258.24,2014-12-22 12:00:00,2014-12
2014-12-23 12:00:00,9.259009,1.1694583,9.332571,262.8014,2014-12-23 12:00:00,2014-12
2014-12-24 12:00:00,6.7810454,-1.6090096,6.969325,283.3483,2014-12-24 12:00:00,2014-12
2014-12-25 12:00:00,1.6491928,-4.1213436,4.4390664,338.19073,2014-12-25 12:00:00,2014-12
2014-12-26 12:00:00,3.8173454,1.2629174,4.0208316,251.69388,2014-12-26 12:00:00,2014-12
2014-12-27 12:00:00,-4.9267454,0.33978444,4.9384484,93.9453,2014-12-27 12:00:00,2014-12
2014-12-28 12:00:00,2.3124657,-3.0579531,3.8338718,322.90292,2014-12-28 12:00:00,2014-12
2014-12-29 12:00:00,4.023525,-4.8999786,6.3402324,320.6095,2014-12-29 12:00:00,2014-12
2014-12-30 12:00:00,6.2954593,-0.9545097,6.3674088,278.62146,2014-12-30 12:00:00,2014-12
2014-12-31 12:00:00,5.3989954,4.1860704,6.8317156,232.21205,2014-12-31 12:00:00,2014-12
2015-01-01 12:00:00,6.150348,7.858314,9.9789715,218.04868,2015-01-01 12:00:00,2015-01
2015-01-02 12:00:00,12.8954115,-1.7135303,13.0087595,277.56906,2015-01-02 12:00:00,2015-01
2015-01-03 12:00:00,6.937792,-2.376582,7.3335595,288.90918,2015-01-03 12:00:00,2015-01
2015-01-04 12:00:00,6.1103625,-1.8453308,6.3829284,286.80432,2015-01-04 12:00:00,2015-01
2015-01-05 12:00:00,3.820757,3.60828,5.2552705,226.63826,2015-01-05 12:00:00,2015-01
2015-01-06 12:00:00,1.649853,8.133156,8.298809,191.46715,2015-01-06 12:00:00,2015-01
2015-01-07 12:00:00,4.4516335,7.9213123,9.086486,209.33519,2015-01-07 12:00:00,2015-01
2015-01-08 12:00:00,8.412614,2.1758602,8.689445,255.49866,2015-01-08 12:00:00,2015-01
2015-01-09 12:00:00,11.727003,-1.1528453,11.783533,275.61453,2015-01-09 12:00:00,2015-01
2015-01-10 12:00:00,15.778858,-0.5083029,15.787044,271.8451,2015-01-10 12:00:00,2015-01
2015-01-11 12:00:00,12.469159,-3.3239417,12.9045925,284.9264,2015-01-11 12:00:00,2015-01
2015-01-12 12:00:00,12.011904,7.111817,13.959361,239.37173,2015-01-12 12:00:00,2015-01
2015-01-13 12:00:00,8.754533,4.0307484,9.637882,245.27777,2015-01-13 12:00:00,2015-01
2015-01-14 12:00:00,9.272735,4.5143313,10.313234,244.04135,2015-01-14 12:00:00,2015-01
2015-01-15 12:00:00,5.030638,11.004341,12.099705,204.56752,2015-01-15 12:00:00,2015-01
2015-01-16 12:00:00,9.740208,3.4301195,10.326537,250.59973,2015-01-16 12:00:00,2015-01
2015-01-17 12:00:00,7.450148,3.0040329,8.0329895,248.03983,2015-01-17 12:00:00,2015-01
2015-01-18 12:00:00,1.3159682,-0.38022405,1.3697965,286.11566,2015-01-18 12:00:00,2015-01
2015-01-19 12:00:00,-1.2895066,0.2606098,1.3155776,101.425606,2015-01-19 12:00:00,2015-01
2015-01-20 12:00:00,-1.9289762,2.1675124,2.9015615,138.33253,2015-01-20 12:00:00,2015-01
2015-01-21 12:00:00,-4.0452814,3.9424999,5.648682,134.2628,2015-01-21 12:00:00,2015-01
2015-01-22 12:00:00,-2.1058824,0.8463287,2.2695844,111.8946,2015-01-22 12:00:00,2015-01
2015-01-23 12:00:00,3.0362806,8.147276,8.694659,200.43913,2015-01-23 12:00:00,2015-01
2015-01-24 12:00:00,8.051982,-3.3595312,8.724728,292.64737,2015-01-24 12:00:00,2015-01
2015-01-25 12:00:00,4.6403894,3.3418872,5.718516,234.23955,2015-01-25 12:00:00,2015-01
2015-01-26 12:00:00,7.3630996,-1.782616,7.575814,283.6095,2015-01-26 12:00:00,2015-01
2015-01-27 12:00:00,5.8871245,-1.3977469,6.0507793,283.3561,2015-01-27 12:00:00,2015-01
2015-01-28 12:00:00,7.0934305,6.2069387,9.425649,228.81322,2015-01-28 12:00:00,2015-01
2015-01-29 12:00:00,7.737529,1.8850172,7.9638333,256.30832,2015-01-29 12:00:00,2015-01
2015-01-30 12:00:00,3.349717,1.0960444,3.524474,251.88164,2015-01-30 12:00:00,2015-01
2015-01-31 12:00:00,-0.109550096,-1.4994831,1.5034796,4.178543,2015-01-31 12:00:00,2015-01
2015-02-01 12:00:00,2.97634,-7.8762155,8.41982,339.29895,2015-02-01 12:00:00,2015-02
2015-02-02 12:00:00,3.1538353,-6.616906,7.3300834,334.516,2015-02-02 12:00:00,2015-02
2015-02-03 12:00:00,-0.4443536,-5.8749833,5.8917637,4.3253326,2015-02-03 12:00:00,2015-02
2015-02-04 12:00:00,-0.39942428,-4.9388366,4.954962,4.623703,2015-02-04 12:00:00,2015-02
2015-02-05 12:00:00,-2.5659747,-0.015216866,2.5660198,89.660225,2015-02-05 12:00:00,2015-02
2015-02-06 12:00:00,0.6478998,-2.460957,2.544815,345.25034,2015-02-06 12:00:00,2015-02
2015-02-07 12:00:00,6.908622,-6.7118845,9.632156,314.17245,2015-02-07 12:00:00,2015-02
2015-02-08 12:00:00,5.144927,-4.9922185,7.1688576,314.13696,2015-02-08 12:00:00,2015-02
2015-02-09 12:00:00,6.1863794,-5.020114,7.966984,309.0586,2015-02-09 12:00:00,2015-02
2015-02-10 12:00:00,4.532531,-0.4785549,4.557724,276.0271,2015-02-10 12:00:00,2015-02
2015-02-11 12:00:00,2.4454668,4.5447083,5.16088,208.2843,2015-02-11 12:00:00,2015-02
2015-02-12 12:00:00,1.9344169,2.9512703,3.5287342,213.24292,2015-02-12 12:00:00,2015-02
2015-02-13 12:00:00,-1.5611031,7.7033863,7.859975,168.54407,2015-02-13 12:00:00,2015-02
2015-02-14 12:00:00,-4.845371,2.9828758,5.6899176,121.61702,2015-02-14 12:00:00,2015-02
2015-02-15 12:00:00,-7.2102695,4.355641,8.423752,121.1357,2015-02-15 12:00:00,2015-02
2015-02-16 12:00:00,-2.4004633,8.225015,8.568144,163.73016,2015-02-16 12:00:00,2015-02
2015-02-17 12:00:00,7.227809,1.346169,7.3521013,259.44962,2015-02-17 12:00:00,2015-02
2015-02-18 12:00:00,6.601005,5.61388,8.665386,229.62021,2015-02-18 12:00:00,2015-02
2015-02-19 12:00:00,5.885286,7.8903494,9.843485,216.71867,2015-02-19 12:00:00,2015-02
2015-02-20 12:00:00,5.3900647,3.8022304,6.5961924,234.8003,2015-02-20 12:00:00,2015-02
2015-02-21 12:00:00,4.6456957,-1.4551504,4.8682594,287.39188,2015-02-21 12:00:00,2015-02
2015-02-22 12:00:00,3.8085072,5.4798613,6.6733503,214.79932,2015-02-22 12:00:00,2015-02
2015-02-23 12:00:00,6.0369787,7.2022123,9.397711,219.97012,2015-02-23 12:00:00,2015-02
2015-02-24 12:00:00,7.1672115,3.8319294,8.127275,241.86893,2015-02-24 12:00:00,2015-02
2015-02-25 12:00:00,4.291703,0.904664,4.3860154,258.09668,2015-02-25 12:00:00,2015-02
2015-02-26 12:00:00,1.5742573,7.644248,7.804666,191.63681,2015-02-26 12:00:00,2015-02
2015-02-27 12:00:00,5.6884,0.5459224,5.714536,264.51804,2015-02-27 12:00:00,2015-02
2015-02-28 12:00:00,3.1961107,9.170889,9.711865,199.21376,2015-02-28 12:00:00,2015-02
2015-03-01 12:00:00,9.267906,4.3657513,10.2446995,244.77669,2015-03-01 12:00:00,2015-03
2015-03-02 12:00:00,8.330192,0.547042,8.348134,266.2428,2015-03-02 12:00:00,2015-03
2015-03-03 12:00:00,7.0714145,3.3288043,7.815743,244.79172,2015-03-03 12:00:00,2015-03
2015-03-04 12:00:00,5.8060737,-4.454102,7.3177533,307.49344,2015-03-04 12:00:00,2015-03
2015-03-05 12:00:00,5.758843,3.5883245,6.7853036,238.07304,2015-03-05 12:00:00,2015-03
2015-03-06 12:00:00,4.313136,4.928495,6.54929,221.19055,2015-03-06 12:00:00,2015-03
2015-03-07 12:00:00,6.4994884,7.462534,9.896098,221.05421,2015-03-07 12:00:00,2015-03
2015-03-08 12:00:00,5.806054,2.9411674,6.5085125,243.13463,2015-03-08 12:00:00,2015-03
2015-03-09 12:00:00,0.16769305,6.380516,6.382719,181.50551,2015-03-09 12:00:00,2015-03
2015-03-10 12:00:00,8.660097,-2.0898015,8.908679,283.5669,2015-03-10 12:00:00,2015-03
2015-03-11 12:00:00,-1.137383,4.5312614,4.6718273,165.90941,2015-03-11 12:00:00,2015-03
2015-03-12 12:00:00,-3.540532,5.094843,6.2042556,145.20361,2015-03-12 12:00:00,2015-03
2015-03-13 12:00:00,-5.016093,2.7948697,5.742167,119.12571,2015-03-13 12:00:00,2015-03
2015-03-14 12:00:00,-5.101571,-1.9277331,5.4536395,69.299904,2015-03-14 12:00:00,2015-03
2015-03-15 12:00:00,-6.4548697,-0.28507772,6.461162,87.47119,2015-03-15 12:00:00,2015-03
2015-03-16 12:00:00,-6.76138,1.9385624,7.0337963,105.998184,2015-03-16 12:00:00,2015-03
2015-03-17 12:00:00,-4.6855354,1.2586628,4.8516464,105.03625,2015-03-17 12:00:00,2015-03
2015-03-18 12:00:00,-0.2219391,-2.5619922,2.571587,4.95105,2015-03-18 12:00:00,2015-03
2015-03-19 12:00:00,0.7805746,-2.358489,2.4843042,341.68732,2015-03-19 12:00:00,2015-03
2015-03-20 12:00:00,4.416692,0.33082625,4.4290643,265.71634,2015-03-20 12:00:00,2015-03
2015-03-21 12:00:00,-2.6065743,-5.1090817,5.735586,27.029968,2015-03-21 12:00:00,2015-03
2015-03-22 12:00:00,2.1212964,4.6179733,5.0818872,204.672,2015-03-22 12:00:00,2015-03
2015-03-23 12:00:00,6.1982784,1.8384848,6.46519,253.479,2015-03-23 12:00:00,2015-03
2015-03-24 12:00:00,0.49048734,0.065235555,0.49480653,262.42404,2015-03-24 12:00:00,2015-03
2015-03-25 12:00:00,-2.6553516,-1.5436157,3.0714233,59.829605,2015-03-25 12:00:00,2015-03
2015-03-26 12:00:00,0.38661855,5.4050364,5.418846,184.09135,2015-03-26 12:00:00,2015-03
2015-03-27 12:00:00,4.735126,-1.5133891,4.971093,287.72433,2015-03-27 12:00:00,2015-03
2015-03-28 12:00:00,-0.4413859,10.138448,10.148051,177.50716,2015-03-28 12:00:00,2015-03
2015-03-29 12:00:00,4.5120535,2.983504,5.4092445,236.52614,2015-03-29 12:00:00,2015-03
2015-03-30 12:00:00,9.852939,-3.4810572,10.449792,289.45837,2015-03-30 12:00:00,2015-03
2015-03-31 12:00:00,9.076656,-3.482648,9.721858,290.99146,2015-03-31 12:00:00,2015-03
2015-04-01 12:00:00,9.755106,-4.033324,10.556031,292.463,2015-04-01 12:00:00,2015-04
2015-04-02 12:00:00,4.027544,-7.2318916,8.277763,330.88593,2015-04-02 12:00:00,2015-04
2015-04-03 12:00:00,0.12650014,0.09130722,0.15601057,234.17842,2015-04-03 12:00:00,2015-04
2015-04-04 12:00:00,-0.13753578,-2.3839076,2.3878717,3.301941,2015-04-04 12:00:00,2015-04
2015-04-05 12:00:00,2.7742383,-1.0816181,2.9776325,291.29977,2015-04-05 12:00:00,2015-04
2015-04-06 12:00:00,0.1624599,-0.04725827,0.16919386,286.21927,2015-04-06 12:00:00,2015-04
2015-04-07 12:00:00,5.287206,-0.62888724,5.3244762,276.78317,2015-04-07 12:00:00,2015-04
2015-04-08 12:00:00,0.3052575,-0.13280554,0.33289555,293.51196,2015-04-08 12:00:00,2015-04
2015-04-09 12:00:00,1.8936118,2.7844343,3.3673196,214.21846,2015-04-09 12:00:00,2015-04
2015-04-10 12:00:00,0.45343688,4.431139,4.4542785,185.84271,2015-04-10 12:00:00,2015-04
2015-04-11 12:00:00,5.6569834,3.0888958,6.445366,241.36403,2015-04-11 12:00:00,2015-04
2015-04-12 12:00:00,6.702778,5.98958,8.98901,228.21613,2015-04-12 12:00:00,2015-04
2015-04-13 12:00:00,4.7605433,-0.7312921,4.816385,278.73322,2015-04-13 12:00:00,2015-04
2015-04-14 12:00:00,7.7222624,2.14039,8.013402,254.50815,2015-04-14 12:00:00,2015-04
2015-04-15 12:00:00,7.0553346,-0.7650376,7.096691,276.18863,2015-04-15 12:00:00,2015-04
2015-04-16 12:00:00,2.6611202,-2.6505241,3.755907,314.88568,2015-04-16 12:00:00,2015-04
2015-04-17 12:00:00,-0.7412264,-4.99946,5.054109,8.433319,2015-04-17 12:00:00,2015-04
2015-04-18 12:00:00,0.92899597,-4.596549,4.689488,348.57404,2015-04-18 12:00:00,2015-04
2015-04-19 12:00:00,-2.7466464,-2.666751,3.8282669,45.845566,2015-04-19 12:00:00,2015-04
2015-04-20 12:00:00,0.61063564,-2.6673877,2.7363906,347.10565,2015-04-20 12:00:00,2015-04
2015-04-21 12:00:00,3.2596986,-4.0103564,5.1680355,320.89508,2015-04-21 12:00:00,2015-04
2015-04-22 12:00:00,2.0789423,-3.9004455,4.4198956,331.94232,2015-04-22 12:00:00,2015-04
2015-04-23 12:00:00,4.0661836,-0.8583356,4.15579,281.91965,2015-04-23 12:00:00,2015-04
2015-04-24 12:00:00,2.8221197,3.4102328,4.4265165,219.60927,2015-04-24 12:00:00,2015-04
2015-04-25 12:00:00,4.465463,3.0667577,5.417136,235.51978,2015-04-25 12:00:00,2015-04
2015-04-26 12:00:00,3.2508955,-1.6632292,3.6516645,297.09528,2015-04-26 12:00:00,2015-04
2015-04-27 12:00:00,3.8129964,-2.1223822,4.3638797,299.10107,2015-04-27 12:00:00,2015-04
2015-04-28 12:00:00,4.1788383,3.1087344,5.2083507,233.35358,2015-04-28 12:00:00,2015-04
2015-04-29 12:00:00,1.682425,5.731423,5.973254,196.35928,2015-04-29 12:00:00,2015-04
2015-04-30 12:00:00,2.6733935,1.2947944,2.970442,244.15787,2015-04-30 12:00:00,2015-04
2015-05-01 12:00:00,0.026886448,-4.2424436,4.242529,359.6369,2015-05-01 12:00:00,2015-05
2015-05-02 12:00:00,-0.44671994,-2.6551986,2.6925151,9.550217,2015-05-02 12:00:00,2015-05
2015-05-03 12:00:00,-5.9784274,4.3555202,7.396766,126.074814,2015-05-03 12:00:00,2015-05
2015-05-04 12:00:00,2.7642262,4.0957155,4.941238,214.01569,2015-05-04 12:00:00,2015-05
2015-05-05 12:00:00,-1.2778687,4.351338,4.535095,163.63393,2015-05-05 12:00:00,2015-05
2015-05-06 12:00:00,1.9437705,9.33695,9.537132,191.75989,2015-05-06 12:00:00,2015-05
2015-05-07 12:00:00,7.3676586,1.6749183,7.555643,257.19238,2015-05-07 12:00:00,2015-05
2015-05-08 12:00:00,1.0959402,0.9787279,1.4693513,228.2336,2015-05-08 12:00:00,2015-05
2015-05-09 12:00:00,1.787504,2.213236,2.8449225,218.92581,2015-05-09 12:00:00,2015-05
2015-05-10 12:00:00,2.0972757,3.912103,4.438819,208.19572,2015-05-10 12:00:00,2015-05
2015-05-11 12:00:00,2.3631012,7.2247696,7.601417,198.11206,2015-05-11 12:00:00,2015-05
2015-05-12 12:00:00,6.499767,3.8061912,7.5322013,239.64723,2015-05-12 12:00:00,2015-05
2015-05-13 12:00:00,4.9757547,-4.100917,6.4479184,309.49466,2015-05-13 12:00:00,2015-05
2015-05-14 12:00:00,-0.5745585,-4.090252,4.1304092,7.9960327,2015-05-14 12:00:00,2015-05
2015-05-15 12:00:00,2.5309827,-1.4315114,2.9077654,299.49228,2015-05-15 12:00:00,2015-05
2015-05-16 12:00:00,6.7622213,-1.0832492,6.8484354,279.10095,2015-05-16 12:00:00,2015-05
2015-05-17 12:00:00,7.1226296,1.197123,7.222531,260.4593,2015-05-17 12:00:00,2015-05
2015-05-18 12:00:00,-0.13148952,6.9345775,6.935824,178.91373,2015-05-18 12:00:00,2015-05
2015-05-19 12:00:00,4.257537,3.645827,5.6052365,229.42578,2015-05-19 12:00:00,2015-05
2015-05-20 12:00:00,3.7416294,-0.5668908,3.7843304,278.6153,2015-05-20 12:00:00,2015-05
2015-05-21 12:00:00,4.832287,2.1283607,5.280238,246.2291,2015-05-21 12:00:00,2015-05
2015-05-22 12:00:00,6.1130657,2.8550727,6.746926,244.96533,2015-05-22 12:00:00,2015-05
2015-05-23 12:00:00,2.4560792,-3.5953608,4.354187,325.66205,2015-05-23 12:00:00,2015-05
2015-05-24 12:00:00,4.1219945,2.7738328,4.968399,236.06203,2015-05-24 12:00:00,2015-05
2015-05-25 12:00:00,4.216236,-2.6820867,4.997023,302.4618,2015-05-25 12:00:00,2015-05
2015-05-26 12:00:00,5.5846176,-3.0852752,6.380194,298.91888,2015-05-26 12:00:00,2015-05
2015-05-27 12:00:00,4.07569,1.1255232,4.2282443,254.56223,2015-05-27 12:00:00,2015-05
2015-05-28 12:00:00,6.951496,0.57097393,6.974906,265.30444,2015-05-28 12:00:00,2015-05
2015-05-29 12:00:00,3.9876118,4.345338,5.897712,222.54185,2015-05-29 12:00:00,2015-05
2015-05-30 12:00:00,6.0192647,-0.91841847,6.0889277,278.67526,2015-05-30 12:00:00,2015-05
2015-05-31 12:00:00,0.7537524,6.0534153,6.100162,187.09776,2015-05-31 12:00:00,2015-05
2015-06-01 12:00:00,6.7658277,5.1381593,8.495711,232.78595,2015-06-01 12:00:00,2015-06
2015-06-02 12:00:00,5.55614,8.431616,10.097665,213.38348,2015-06-02 12:00:00,2015-06
2015-06-03 12:00:00,7.6253,-0.6048613,7.649252,274.53537,2015-06-03 12:00:00,2015-06
2015-06-04 12:00:00,1.3392459,1.9456105,2.3619864,214.54128,2015-06-04 12:00:00,2015-06
2015-06-05 12:00:00,-3.9575424,5.0453534,6.412311,141.88959,2015-06-05 12:00:00,2015-06
2015-06-06 12:00:00,5.912049,5.548161,8.1076765,226.81866,2015-06-06 12:00:00,2015-06
2015-06-07 12:00:00,6.3296723,-1.1046022,6.4253325,279.8991,2015-06-07 12:00:00,2015-06
2015-06-08 12:00:00,1.6698912,-5.339951,5.594963,342.63464,2015-06-08 12:00:00,2015-06
2015-06-09 12:00:00,0.45904675,-3.6810393,3.7095518,352.89157,2015-06-09 12:00:00,2015-06
2015-06-10 12:00:00,1.5723759,-2.0985217,2.6222432,323.15656,2015-06-10 12:00:00,2015-06
2015-06-11 12:00:00,-0.035706654,0.22135556,0.22421697,170.83661,2015-06-11 12:00:00,2015-06
2015-06-12 12:00:00,-0.59229094,0.5682457,0.82079947,133.81305,2015-06-12 12:00:00,2015-06
2015-06-13 12:00:00,1.2668347,-1.246068,1.7769512,314.5265,2015-06-13 12:00:00,2015-06
2015-06-14 12:00:00,3.3639476,-3.658563,4.9700327,317.4023,2015-06-14 12:00:00,2015-06
2015-06-15 12:00:00,2.9968443,-3.3463166,4.492094,318.15347,2015-06-15 12:00:00,2015-06
2015-06-16 12:00:00,1.6545287,-1.1028013,1.9883753,303.68484,2015-06-16 12:00:00,2015-06
2015-06-17 12:00:00,6.033875,2.5380888,6.545956,247.18643,2015-06-17 12:00:00,2015-06
2015-06-18 12:00:00,6.5482707,-3.873182,7.6079817,300.60352,2015-06-18 12:00:00,2015-06
2015-06-19 12:00:00,4.57076,-4.2443748,6.2375126,312.87958,2015-06-19 12:00:00,2015-06
2015-06-20 12:00:00,2.91097,-1.1487257,3.1294277,291.53516,2015-06-20 12:00:00,2015-06
2015-06-21 12:00:00,1.1969944,1.994327,2.32597,210.97217,2015-06-21 12:00:00,2015-06
2015-06-22 12:00:00,1.2092323,-1.854174,2.2136405,326.88892,2015-06-22 12:00:00,2015-06
2015-06-23 12:00:00,4.021801,-6.2242246,7.4105234,327.13135,2015-06-23 12:00:00,2015-06
2015-06-24 12:00:00,5.018901,-1.286063,5.181054,284.37244,2015-06-24 12:00:00,2015-06
2015-06-25 12:00:00,2.6952608,0.115929335,2.6977527,267.5371,2015-06-25 12:00:00,2015-06
2015-06-26 12:00:00,-0.23762837,2.8853247,2.8950934,175.29189,2015-06-26 12:00:00,2015-06
2015-06-27 12:00:00,3.84119,-0.81512165,3.9267244,281.98074,2015-06-27 12:00:00,2015-06
2015-06-28 12:00:00,1.3762288,5.306212,5.481778,194.53996,2015-06-28 12:00:00,2015-06
2015-06-29 12:00:00,3.4024985,0.46816748,3.4345562,262.16556,2015-06-29 12:00:00,2015-06
2015-06-30 12:00:00,-0.6938083,2.7926784,2.8775723,166.048,2015-06-30 12:00:00,2015-06
2015-07-01 12:00:00,-4.462863,4.352297,6.2337494,134.2814,2015-07-01 12:00:00,2015-07
2015-07-02 12:00:00,-2.4063745,4.4080987,5.022148,151.36993,2015-07-02 12:00:00,2015-07
2015-07-03 12:00:00,1.4404055,-1.9226289,2.4023466,323.15997,2015-07-03 12:00:00,2015-07
2015-07-04 12:00:00,-1.9171323,1.0749314,2.1979249,119.27925,2015-07-04 12:00:00,2015-07
2015-07-05 12:00:00,-0.30716503,0.53209984,0.6143945,150.00348,2015-07-05 12:00:00,2015-07
2015-07-06 12:00:00,6.609465,2.1092598,6.9378676,252.30069,2015-07-06 12:00:00,2015-07
2015-07-07 12:00:00,1.1586759,4.1641784,4.3223734,195.54913,2015-07-07 12:00:00,2015-07
2015-07-08 12:00:00,6.5005045,-3.6706917,7.4652886,299.45245,2015-07-08 12:00:00,2015-07
2015-07-09 12:00:00,6.982951,-6.2529907,9.373446,311.84332,2015-07-09 12:00:00,2015-07
2015-07-10 12:00:00,2.0034218,0.39754584,2.0424843,258.7764,2015-07-10 12:00:00,2015-07
2015-07-11 12:00:00,0.45103484,3.4186182,3.4482434,187.5159,2015-07-11 12:00:00,2015-07
2015-07-12 12:00:00,3.3818195,3.499656,4.8666515,224.01898,2015-07-12 12:00:00,2015-07
2015-07-13 12:00:00,2.7038872,1.8480061,3.2750776,235.64885,2015-07-13 12:00:00,2015-07
2015-07-14 12:00:00,3.0524168,-2.1895874,3.7565331,305.65295,2015-07-14 12:00:00,2015-07
2015-07-15 12:00:00,2.2912962,-0.50452787,2.3461857,282.41797,2015-07-15 12:00:00,2015-07
2015-07-16 12:00:00,-0.30438712,-1.479879,1.5108585,11.622726,2015-07-16 12:00:00,2015-07
2015-07-17 12:00:00,-1.8781614,4.35997,4.747297,156.69489,2015-07-17 12:00:00,2015-07
2015-07-18 12:00:00,7.1664715,4.7921877,8.6211,236.22952,2015-07-18 12:00:00,2015-07
2015-07-19 12:00:00,2.952377,3.5533357,4.6198187,219.72234,2015-07-19 12:00:00,2015-07
2015-07-20 12:00:00,1.2557234,1.4777877,1.9392518,220.35562,2015-07-20 12:00:00,2015-07
2015-07-21 12:00:00,5.017217,4.0296826,6.4351234,231.22958,2015-07-21 12:00:00,2015-07
2015-07-22 12:00:00,4.352513,0.80821943,4.426916,259.48053,2015-07-22 12:00:00,2015-07
2015-07-23 12:00:00,5.1917653,2.512801,5.767894,244.17313,2015-07-23 12:00:00,2015-07
2015-07-24 12:00:00,1.3605391,0.41051117,1.4211215,253.21002,2015-07-24 12:00:00,2015-07
2015-07-25 12:00:00,1.4317638,-5.8980536,6.069348,346.3553,2015-07-25 12:00:00,2015-07
2015-07-26 12:00:00,3.2778697,0.13670088,3.280719,267.6119,2015-07-26 12:00:00,2015-07
2015-07-27 12:00:00,0.83112824,-0.2509921,0.86819994,286.80377,2015-07-27 12:00:00,2015-07
2015-07-28 12:00:00,2.2504573,-2.1072886,3.0830543,313.1183,2015-07-28 12:00:00,2015-07
2015-07-29 12:00:00,5.1924376,-4.669458,6.9832115,311.96442,2015-07-29 12:00:00,2015-07
2015-07-30 12:00:00,5.780386,-5.81378,8.198347,315.16504,2015-07-30 12:00:00,2015-07
2015-07-31 12:00:00,3.317856,0.47684115,3.3519468,261.82147,2015-07-31 12:00:00,2015-07
2015-08-01 12:00:00,1.502451,4.724564,4.9577074,197.6411,2015-08-01 12:00:00,2015-08
2015-08-02 12:00:00,2.0823603,1.600536,2.6263928,232.45352,2015-08-02 12:00:00,2015-08
2015-08-03 12:00:00,-3.712633,5.034302,6.255225,143.59244,2015-08-03 12:00:00,2015-08
2015-08-04 12:00:00,0.5754016,4.703831,4.738894,186.97412,2015-08-04 12:00:00,2015-08
2015-08-05 12:00:00,1.1079425,4.958503,5.080776,192.59544,2015-08-05 12:00:00,2015-08
2015-08-06 12:00:00,-0.6766535,4.864759,4.9115925,172.08138,2015-08-06 12:00:00,2015-08
2015-08-07 12:00:00,1.5936501,-0.5615859,1.6897038,289.41193,2015-08-07 12:00:00,2015-08
2015-08-08 12:00:00,2.374637,0.3441661,2.399448,261.7533,2015-08-08 12:00:00,2015-08
2015-08-09 12:00:00,0.7684069,4.91557,4.9752665,188.88463,2015-08-09 12:00:00,2015-08
2015-08-10 12:00:00,-0.101840235,4.191257,4.1924944,178.6081,2015-08-10 12:00:00,2015-08
2015-08-11 12:00:00,3.609699,-0.83360666,3.7047033,283.00363,2015-08-11 12:00:00,2015-08
2015-08-12 12:00:00,0.22218856,-0.9258139,0.9521025,346.50464,2015-08-12 12:00:00,2015-08
2015-08-13 12:00:00,-3.4525006,0.7197136,3.526719,101.77534,2015-08-13 12:00:00,2015-08
2015-08-14 12:00:00,-3.816228,3.260286,5.019269,130.50798,2015-08-14 12:00:00,2015-08
2015-08-15 12:00:00,0.12666908,0.19760568,0.23471911,212.66066,2015-08-15 12:00:00,2015-08
2015-08-16 12:00:00,0.16657154,-3.123894,3.128332,356.94775,2015-08-16 12:00:00,2015-08
2015-08-17 12:00:00,-2.2688885,-3.175603,3.902859,35.54486,2015-08-17 12:00:00,2015-08
2015-08-18 12:00:00,-3.7853146,1.4757698,4.0628195,111.29918,2015-08-18 12:00:00,2015-08
2015-08-19 12:00:00,-2.2777104,4.6427193,5.1713448,153.86751,2015-08-19 12:00:00,2015-08
2015-08-20 12:00:00,-2.2738044,5.1738563,5.651458,156.2755,2015-08-20 12:00:00,2015-08
2015-08-21 12:00:00,-1.9899709,6.8556285,7.1386013,163.81367,2015-08-21 12:00:00,2015-08
2015-08-22 12:00:00,-3.5874465,4.638889,5.8642187,142.28372,2015-08-22 12:00:00,2015-08
2015-08-23 12:00:00,-8.099873,2.5621023,8.495428,107.552895,2015-08-23 12:00:00,2015-08
2015-08-24 12:00:00,-6.4322276,1.7540585,6.667104,105.253586,2015-08-24 12:00:00,2015-08
2015-08-25 12:00:00,3.3956933,3.8064685,5.100974,221.73567,2015-08-25 12:00:00,2015-08
2015-08-26 12:00:00,0.91922355,8.742759,8.79095,186.00209,2015-08-26 12:00:00,2015-08
2015-08-27 12:00:00,4.1420608,5.933845,7.2365174,214.91658,2015-08-27 12:00:00,2015-08
2015-08-28 12:00:00,5.195764,3.8722866,6.480013,233.30367,2015-08-28 12:00:00,2015-08
2015-08-29 12:00:00,2.7784998,5.328662,6.0095506,207.53868,2015-08-29 12:00:00,2015-08
2015-08-30 12:00:00,0.44062594,1.5109211,1.5738596,196.25813,2015-08-30 12:00:00,2015-08
2015-08-31 12:00:00,-1.7250148,-1.519519,2.2988288,48.624054,2015-08-31 12:00:00,2015-08
2015-09-01 12:00:00,2.1908772,-5.850529,6.24729,339.47034,2015-09-01 12:00:00,2015-09
2015-09-02 12:00:00,4.483991,-3.8166065,5.8883495,310.4032,2015-09-02 12:00:00,2015-09
2015-09-03 12:00:00,2.0888937,-1.0387118,2.332895,296.43906,2015-09-03 12:00:00,2015-09
2015-09-04 12:00:00,2.8322816,-3.0317254,4.1488767,316.94797,2015-09-04 12:00:00,2015-09
2015-09-05 12:00:00,5.4913487,-10.179895,11.566555,331.6562,2015-09-05 12:00:00,2015-09
2015-09-06 12:00:00,5.228616,-6.1638656,8.082801,319.69308,2015-09-06 12:00:00,2015-09
2015-09-07 12:00:00,2.216071,-5.7476463,6.1600657,338.91528,2015-09-07 12:00:00,2015-09
2015-09-08 12:00:00,0.20222685,-3.8095078,3.8148715,356.9613,2015-09-08 12:00:00,2015-09
2015-09-09 12:00:00,-2.7875931,0.6347282,2.858943,102.82741,2015-09-09 12:00:00,2015-09
2015-09-10 12:00:00,-4.4686766,1.1495285,4.6141615,104.42607,2015-09-10 12:00:00,2015-09
2015-09-11 12:00:00,-6.202194,2.5905168,6.7214575,112.669205,2015-09-11 12:00:00,2015-09
2015-09-12 12:00:00,-6.500921,5.109108,8.268311,128.164,2015-09-12 12:00:00,2015-09
2015-09-13 12:00:00,-1.9724818,3.1223454,3.6932,147.71814,2015-09-13 12:00:00,2015-09
2015-09-14 12:00:00,-3.4956167,4.2548,5.5066013,140.5945,2015-09-14 12:00:00,2015-09
2015-09-15 12:00:00,0.61547315,5.9706025,6.002241,185.88548,2015-09-15 12:00:00,2015-09
2015-09-16 12:00:00,-2.9866507,3.560402,4.647208,140.00833,2015-09-16 12:00:00,2015-09
2015-09-17 12:00:00,4.094033,-0.89273447,4.190236,282.3012,2015-09-17 12:00:00,2015-09
2015-09-18 12:00:00,4.5274925,-0.8872509,4.6136107,281.0877,2015-09-18 12:00:00,2015-09
2015-09-19 12:00:00,3.852754,-4.0260944,5.5725355,316.26035,2015-09-19 12:00:00,2015-09
2015-09-20 12:00:00,2.9235888,-1.4616007,3.268585,296.562,2015-09-20 12:00:00,2015-09
2015-09-21 12:00:00,1.6838347,4.4322762,4.741347,200.80193,2015-09-21 12:00:00,2015-09
2015-09-22 12:00:00,-0.21265179,0.23260143,0.31515744,137.56543,2015-09-22 12:00:00,2015-09
2015-09-23 12:00:00,2.4131038,1.6753005,2.9376354,235.22963,2015-09-23 12:00:00,2015-09
2015-09-24 12:00:00,4.6635985,4.5077515,6.48606,225.97351,2015-09-24 12:00:00,2015-09
2015-09-25 12:00:00,6.6439285,0.050010655,6.644117,269.56873,2015-09-25 12:00:00,2015-09
2015-09-26 12:00:00,2.388981,-2.2422273,3.2764025,313.185,2015-09-26 12:00:00,2015-09
2015-09-27 12:00:00,0.32962164,-0.9965167,1.049617,341.69714,2015-09-27 12:00:00,2015-09
2015-09-28 12:00:00,-0.61983114,1.2984487,1.438805,154.48193,2015-09-28 12:00:00,2015-09
2015-09-29 12:00:00,-0.66094804,2.5832963,2.6665094,165.64848,2015-09-29 12:00:00,2015-09
2015-09-30 12:00:00,0.34926417,0.68441314,0.76837933,207.03577,2015-09-30 12:00:00,2015-09
2015-10-01 12:00:00,2.071927,-0.8753758,2.2492588,292.90375,2015-10-01 12:00:00,2015-10
2015-10-02 12:00:00,3.6536798,-0.12057566,3.655669,271.89014,2015-10-02 12:00:00,2015-10
2015-10-03 12:00:00,-0.19927604,2.0229886,2.0327797,174.37419,2015-10-03 12:00:00,2015-10
2015-10-04 12:00:00,1.1201555,-0.08745714,1.1235644,274.46436,2015-10-04 12:00:00,2015-10
2015-10-05 12:00:00,-4.899458,4.762583,6.83278,134.18839,2015-10-05 12:00:00,2015-10
2015-10-06 12:00:00,-7.7460012,4.890688,9.160751,122.26759,2015-10-06 12:00:00,2015-10
2015-10-07 12:00:00,-4.4474626,4.063188,6.0240703,132.41473,2015-10-07 12:00:00,2015-10
2015-10-08 12:00:00,0.35602704,0.29477704,0.46222153,230.37651,2015-10-08 12:00:00,2015-10
2015-10-09 12:00:00,-1.1076617,0.763259,1.3451687,124.56966,2015-10-09 12:00:00,2015-10
2015-10-10 12:00:00,-3.8433857,1.8372188,4.259928,115.54878,2015-10-10 12:00:00,2015-10
2015-10-11 12:00:00,-5.509205,3.3205507,6.4325266,121.078545,2015-10-11 12:00:00,2015-10
2015-10-12 12:00:00,-3.7204366,3.0396733,4.804296,129.24953,2015-10-12 12:00:00,2015-10
2015-10-13 12:00:00,-3.925639,-2.4173734,4.6102424,58.375618,2015-10-13 12:00:00,2015-10
2015-10-14 12:00:00,-4.4461055,-1.0638578,4.5716133,76.543365,2015-10-14 12:00:00,2015-10
2015-10-15 12:00:00,-4.0164523,-1.5863013,4.318361,68.44842,2015-10-15 12:00:00,2015-10
2015-10-16 12:00:00,-2.7687542,-4.230752,5.05621,33.202164,2015-10-16 12:00:00,2015-10
2015-10-17 12:00:00,-2.947361,-3.3074508,4.430143,41.705124,2015-10-17 12:00:00,2015-10
2015-10-18 12:00:00,-1.5257691,-3.2893887,3.626024,24.884033,2015-10-18 12:00:00,2015-10
2015-10-19 12:00:00,-0.09439165,-2.5922174,2.5939355,2.0854187,2015-10-19 12:00:00,2015-10
2015-10-20 12:00:00,3.9229784,-2.1484594,4.4727664,298.70776,2015-10-20 12:00:00,2015-10
2015-10-21 12:00:00,6.0420046,4.6496887,7.6240034,232.41953,2015-10-21 12:00:00,2015-10
2015-10-22 12:00:00,10.09415,1.7502263,10.244761,260.16327,2015-10-22 12:00:00,2015-10
2015-10-23 12:00:00,4.0197616,4.6462016,6.1437507,220.86542,2015-10-23 12:00:00,2015-10
2015-10-24 12:00:00,3.2271316,7.266386,7.95077,203.94685,2015-10-24 12:00:00,2015-10
2015-10-25 12:00:00,6.5800686,-0.4219885,6.593586,273.66943,2015-10-25 12:00:00,2015-10
2015-10-26 12:00:00,-1.571816,5.9766016,6.179836,165.26517,2015-10-26 12:00:00,2015-10
2015-10-27 12:00:00,-4.7785115,3.805025,6.108387,128.52956,2015-10-27 12:00:00,2015-10
2015-10-28 12:00:00,-6.144819,4.0605707,7.3652587,123.457214,2015-10-28 12:00:00,2015-10
2015-10-29 12:00:00,-2.2443311,6.4516973,6.8309164,160.81891,2015-10-29 12:00:00,2015-10
2015-10-30 12:00:00,-3.637545,8.036946,8.821805,155.64836,2015-10-30 12:00:00,2015-10
2015-10-31 12:00:00,-2.415127,7.771403,8.13803,162.73627,2015-10-31 12:00:00,2015-10
2015-11-01 12:00:00,2.8120584,3.1365218,4.212534,221.87791,2015-11-01 12:00:00,2015-11
2015-11-02 12:00:00,0.5848835,3.9141526,3.9576104,188.4987,2015-11-02 12:00:00,2015-11
2015-11-03 12:00:00,1.1760503,4.128881,4.2931056,195.89882,2015-11-03 12:00:00,2015-11
2015-11-04 12:00:00,-1.9267809,2.9328308,3.5091283,146.6963,2015-11-04 12:00:00,2015-11
2015-11-05 12:00:00,-1.1839916,5.363113,5.4922504,167.55074,2015-11-05 12:00:00,2015-11
2015-11-06 12:00:00,-0.11687545,6.182422,6.183527,178.91698,2015-11-06 12:00:00,2015-11
2015-11-07 12:00:00,1.8612567,6.9972215,7.2405376,194.89572,2015-11-07 12:00:00,2015-11
2015-11-08 12:00:00,0.8121204,7.4778004,7.521771,186.19827,2015-11-08 12:00:00,2015-11
2015-11-09 12:00:00,9.811232,7.3451586,12.256085,233.17972,2015-11-09 12:00:00,2015-11
2015-11-10 12:00:00,8.965978,3.11923,9.493069,250.8174,2015-11-10 12:00:00,2015-11
2015-11-11 12:00:00,5.56876,5.0340185,7.506826,227.8872,2015-11-11 12:00:00,2015-11
2015-11-12 12:00:00,5.8481135,3.5809515,6.857379,238.51978,2015-11-12 12:00:00,2015-11
2015-11-13 12:00:00,9.8453,5.422977,11.240045,241.1532,2015-11-13 12:00:00,2015-11
2015-11-14 12:00:00,11.767963,1.7827203,11.902229,261.3858,2015-11-14 12:00:00,2015-11
2015-11-15 12:00:00,4.2889314,0.56559503,4.326064,262.48758,2015-11-15 12:00:00,2015-11
2015-11-16 12:00:00,9.6513405,3.6599917,10.322011,249.23221,2015-11-16 12:00:00,2015-11
2015-11-17 12:00:00,8.422783,3.981761,9.316528,244.69817,2015-11-17 12:00:00,2015-11
2015-11-18 12:00:00,5.9697905,5.158862,7.89001,229.1677,2015-11-18 12:00:00,2015-11
2015-11-19 12:00:00,6.8601933,-1.9071878,7.120366,285.53635,2015-11-19 12:00:00,2015-11
2015-11-20 12:00:00,2.103171,-1.0451523,2.3485467,296.42468,2015-11-20 12:00:00,2015-11
2015-11-21 12:00:00,0.22209245,-8.238835,8.241828,358.45587,2015-11-21 12:00:00,2015-11
2015-11-22 12:00:00,-0.40153182,-6.4484954,6.460984,3.5630798,2015-11-22 12:00:00,2015-11
2015-11-23 12:00:00,5.3569107,3.1562016,6.217564,239.49413,2015-11-23 12:00:00,2015-11
2015-11-24 12:00:00,5.6184087,3.2738547,6.502664,239.77058,2015-11-24 12:00:00,2015-11
2015-11-25 12:00:00,4.9255366,-5.5856323,7.4471607,318.59344,2015-11-25 12:00:00,2015-11
2015-11-26 12:00:00,4.3526506,1.0643793,4.480901,256.2588,2015-11-26 12:00:00,2015-11
2015-11-27 12:00:00,5.490636,8.157685,9.833357,213.94304,2015-11-27 12:00:00,2015-11
2015-11-28 12:00:00,8.371811,4.750216,9.625579,240.42917,2015-11-28 12:00:00,2015-11
2015-11-29 12:00:00,9.949295,5.92614,11.580483,239.22052,2015-11-29 12:00:00,2015-11
2015-11-30 12:00:00,9.255082,1.9925821,9.46715,257.8499,2015-11-30 12:00:00,2015-11
2015-12-01 12:00:00,4.6065254,1.7708545,4.9351797,248.97208,2015-12-01 12:00:00,2015-12
2015-12-02 12:00:00,6.8375545,7.1336584,9.881358,223.78586,2015-12-02 12:00:00,2015-12
2015-12-03 12:00:00,1.9817024,5.1322827,5.501588,201.11282,2015-12-03 12:00:00,2015-12
2015-12-04 12:00:00,10.052774,2.3399725,10.321519,256.89667,2015-12-04 12:00:00,2015-12
2015-12-05 12:00:00,9.578287,9.214715,13.291145,226.1083,2015-12-05 12:00:00,2015-12
2015-12-06 12:00:00,10.415935,4.576405,11.376958,246.28094,2015-12-06 12:00:00,2015-12
2015-12-07 12:00:00,-1.0740662,4.6838202,4.805392,167.08456,2015-12-07 12:00:00,2015-12
2015-12-08 12:00:00,1.2517865,9.260287,9.344511,187.69846,2015-12-08 12:00:00,2015-12
2015-12-09 12:00:00,5.9816647,6.8357606,9.083387,221.1877,2015-12-09 12:00:00,2015-12
2015-12-10 12:00:00,9.087904,6.991338,11.465984,232.42886,2015-12-10 12:00:00,2015-12
2015-12-11 12:00:00,8.69622,2.6687162,9.096499,252.93967,2015-12-11 12:00:00,2015-12
2015-12-12 12:00:00,3.793756,1.0631838,3.9399168,254.3447,2015-12-12 12:00:00,2015-12
2015-12-13 12:00:00,1.8877345,-1.1861534,2.2294621,302.1431,2015-12-13 12:00:00,2015-12
2015-12-14 12:00:00,-0.3992705,3.93119,3.9514139,174.20065,2015-12-14 12:00:00,2015-12
2015-12-15 12:00:00,-3.7449737,3.1892848,4.91898,130.4183,2015-12-15 12:00:00,2015-12
2015-12-16 12:00:00,-1.4421479,7.2535586,7.3955326,168.75513,2015-12-16 12:00:00,2015-12
2015-12-17 12:00:00,3.5974925,7.5239615,8.339781,205.55423,2015-12-17 12:00:00,2015-12
2015-12-18 12:00:00,7.3297715,5.175775,8.97297,234.77292,2015-12-18 12:00:00,2015-12
2015-12-19 12:00:00,3.5221713,9.156722,9.810772,201.03944,2015-12-19 12:00:00,2015-12
2015-12-20 12:00:00,6.0641227,7.836656,9.908923,217.73325,2015-12-20 12:00:00,2015-12
2015-12-21 12:00:00,6.9582696,8.113742,10.688794,220.61609,2015-12-21 12:00:00,2015-12
2015-12-22 12:00:00,7.50894,9.2561,11.918875,219.05043,2015-12-22 12:00:00,2015-12
2015-12-23 12:00:00,11.044949,4.885578,12.077242,246.13846,2015-12-23 12:00:00,2015-12
2015-12-24 12:00:00,2.85612,11.545876,11.893891,193.89441,2015-12-24 12:00:00,2015-12
2015-12-25 12:00:00,7.950411,1.7138299,8.133035,257.83517,2015-12-25 12:00:00,2015-12
2015-12-26 12:00:00,-0.600374,1.2706649,1.4053606,154.70982,2015-12-26 12:00:00,2015-12
2015-12-27 12:00:00,4.8913918,0.25476468,4.8980217,267.0185,2015-12-27 12:00:00,2015-12
2015-12-28 12:00:00,-6.5693917,6.483816,9.23021,134.62439,2015-12-28 12:00:00,2015-12
2015-12-29 12:00:00,-2.9232137,8.455984,8.947002,160.92986,2015-12-29 12:00:00,2015-12
2015-12-30 12:00:00,-3.2480867,12.997472,13.397177,165.96907,2015-12-30 12:00:00,2015-12
2015-12-31 12:00:00,2.9227498,8.429357,8.921688,199.1232,2015-12-31 12:00:00,2015-12
2016-01-01 12:00:00,1.1541214,2.500754,2.7542272,204.77376,2016-01-01 12:00:00,2016-01
2016-01-02 12:00:00,-9.862223,6.783523,11.969947,124.52133,2016-01-02 12:00:00,2016-01
2016-01-03 12:00:00,-9.609994,6.926642,11.846111,125.78312,2016-01-03 12:00:00,2016-01
2016-01-04 12:00:00,-8.19921,4.161164,9.194691,116.90816,2016-01-04 12:00:00,2016-01
2016-01-05 12:00:00,-8.222963,4.178422,9.223683,116.93698,2016-01-05 12:00:00,2016-01
2016-01-06 12:00:00,-6.7681227,2.9796677,7.394992,113.76151,2016-01-06 12:00:00,2016-01
2016-01-07 12:00:00,-9.028395,5.8713603,10.769624,123.03682,2016-01-07 12:00:00,2016-01
2016-01-08 12:00:00,-0.4420413,1.5344064,1.5968105,163.92905,2016-01-08 12:00:00,2016-01
2016-01-09 12:00:00,-3.4252937,4.7750654,5.876554,144.34703,2016-01-09 12:00:00,2016-01
2016-01-10 12:00:00,-1.2979965,6.669896,6.795021,168.98758,2016-01-10 12:00:00,2016-01
2016-01-11 12:00:00,-3.2571366,5.1059694,6.0563903,147.4659,2016-01-11 12:00:00,2016-01
2016-01-12 12:00:00,-0.47190243,-0.5846902,0.75136846,38.90695,2016-01-12 12:00:00,2016-01
2016-01-13 12:00:00,3.998252,0.43142384,4.0214605,263.84143,2016-01-13 12:00:00,2016-01
2016-01-14 12:00:00,-0.8587287,2.1015944,2.2702675,157.77467,2016-01-14 12:00:00,2016-01
2016-01-15 12:00:00,0.35910177,-2.7090614,2.7327583,352.44913,2016-01-15 12:00:00,2016-01
2016-01-16 12:00:00,1.1249393,-6.7250085,6.8184476,350.50366,2016-01-16 12:00:00,2016-01
2016-01-17 12:00:00,0.63339233,-0.5127178,0.81490207,308.98944,2016-01-17 12:00:00,2016-01
2016-01-18 12:00:00,1.8216705,3.5144727,3.9585354,207.39923,2016-01-18 12:00:00,2016-01
2016-01-19 12:00:00,2.1894295,-3.3120751,3.9703202,326.5335,2016-01-19 12:00:00,2016-01
2016-01-20 12:00:00,0.8479839,-3.066228,3.1813252,344.5409,2016-01-20 12:00:00,2016-01
2016-01-21 12:00:00,0.16863927,5.0625896,5.0653977,181.90787,2016-01-21 12:00:00,2016-01
2016-01-22 12:00:00,-3.0672894,10.430718,10.872357,163.61334,2016-01-22 12:00:00,2016-01
2016-01-23 12:00:00,5.0464325,2.9098022,5.8252406,240.032,2016-01-23 12:00:00,2016-01
2016-01-24 12:00:00,2.7404377,6.165655,6.747244,203.96362,2016-01-24 12:00:00,2016-01
2016-01-25 12:00:00,1.8375632,8.680334,8.872702,191.95264,2016-01-25 12:00:00,2016-01
2016-01-26 12:00:00,3.599869,11.150855,11.717535,197.89182,2016-01-26 12:00:00,2016-01
2016-01-27 12:00:00,4.3173532,6.5054507,7.807716,213.57031,2016-01-27 12:00:00,2016-01
2016-01-28 12:00:00,8.989307,3.9229398,9.808012,246.42351,2016-01-28 12:00:00,2016-01
2016-01-29 12:00:00,12.278694,7.9252443,14.614234,237.15991,2016-01-29 12:00:00,2016-01
2016-01-30 12:00:00,10.580815,3.4399016,11.125941,251.99026,2016-01-30 12:00:00,2016-01
2016-01-31 12:00:00,8.668392,0.8071592,8.705891,264.68024,2016-01-31 12:00:00,2016-01
2016-02-01 12:00:00,9.590562,7.3075213,12.05731,232.69443,2016-02-01 12:00:00,2016-02
2016-02-02 12:00:00,11.276211,3.1379912,11.704697,254.44894,2016-02-02 12:00:00,2016-02
2016-02-03 12:00:00,7.748489,-5.291819,9.383093,304.33105,2016-02-03 12:00:00,2016-02
2016-02-04 12:00:00,4.6388574,-4.1721425,6.239052,311.9679,2016-02-04 12:00:00,2016-02
2016-02-05 12:00:00,3.9180183,6.4738364,7.5671277,211.18266,2016-02-05 12:00:00,2016-02
2016-02-06 12:00:00,1.0996003,7.9126925,7.988731,187.91153,2016-02-06 12:00:00,2016-02
2016-02-07 12:00:00,4.633935,9.384011,10.465802,206.2807,2016-02-07 12:00:00,2016-02
2016-02-08 12:00:00,5.771151,7.65135,9.583806,217.026,2016-02-08 12:00:00,2016-02
2016-02-09 12:00:00,3.9316123,3.714495,5.4087934,226.62653,2016-02-09 12:00:00,2016-02
2016-02-10 12:00:00,3.504575,-2.7956135,4.4830236,308.5795,2016-02-10 12:00:00,2016-02
2016-02-11 12:00:00,0.68655384,-1.4626433,1.6157603,334.85498,2016-02-11 12:00:00,2016-02
2016-02-12 12:00:00,-3.7564712,0.271949,3.766302,94.14069,2016-02-12 12:00:00,2016-02
2016-02-13 12:00:00,-4.6460657,0.22946455,4.6517286,92.82749,2016-02-13 12:00:00,2016-02
2016-02-14 12:00:00,-4.114727,-4.556172,6.139192,42.08554,2016-02-14 12:00:00,2016-02
2016-02-15 12:00:00,-0.22030582,-7.1032305,7.106646,1.776474,2016-02-15 12:00:00,2016-02
2016-02-16 12:00:00,1.6210339,7.716623,7.8850503,191.86365,2016-02-16 12:00:00,2016-02
2016-02-17 12:00:00,-0.54303354,8.766537,8.7833395,176.4554,2016-02-17 12:00:00,2016-02
2016-02-18 12:00:00,2.2224078,3.2149425,3.9083183,214.65512,2016-02-18 12:00:00,2016-02
2016-02-19 12:00:00,3.284648,6.613972,7.3846827,206.41003,2016-02-19 12:00:00,2016-02
2016-02-20 12:00:00,9.026232,3.6294987,9.728624,248.09467,2016-02-20 12:00:00,2016-02
2016-02-21 12:00:00,9.246194,4.1234336,10.123972,245.96503,2016-02-21 12:00:00,2016-02
2016-02-22 12:00:00,8.008924,-2.82337,8.492012,289.41898,2016-02-22 12:00:00,2016-02
2016-02-23 12:00:00,5.4044347,-6.726448,8.628616,321.21948,2016-02-23 12:00:00,2016-02
2016-02-24 12:00:00,5.229252,-3.5876913,6.341656,304.45328,2016-02-24 12:00:00,2016-02
2016-02-25 12:00:00,4.1435385,-4.190336,5.893032,315.32172,2016-02-25 12:00:00,2016-02
2016-02-26 12:00:00,2.2394032,0.054207668,2.2400591,268.61334,2016-02-26 12:00:00,2016-02
2016-02-27 12:00:00,-0.8645158,-2.096172,2.267449,22.412537,2016-02-27 12:00:00,2016-02
2016-02-28 12:00:00,-0.88040257,-3.8476238,3.9470644,12.888397,2016-02-28 12:00:00,2016-02
2016-02-29 12:00:00,-0.99347395,2.9928074,3.1533928,161.63622,2016-02-29 12:00:00,2016-02
2016-03-01 12:00:00,-0.96716124,10.702232,10.745845,174.83621,2016-03-01 12:00:00,2016-03
2016-03-02 12:00:00,3.6311314,1.1353251,3.8044813,252.63739,2016-03-02 12:00:00,2016-03
2016-03-03 12:00:00,1.7554901,-0.18777616,1.7655042,276.10544,2016-03-03 12:00:00,2016-03
2016-03-04 12:00:00,-4.280368,2.785068,5.106677,123.05048,2016-03-04 12:00:00,2016-03
2016-03-05 12:00:00,-2.622414,-3.1966496,4.1346855,39.364197,2016-03-05 12:00:00,2016-03
2016-03-06 12:00:00,0.8435422,-3.4140158,3.516684,346.12122,2016-03-06 12:00:00,2016-03
2016-03-07 12:00:00,0.6865828,-5.5049014,5.547552,352.89066,2016-03-07 12:00:00,2016-03
2016-03-08 12:00:00,3.0581875,3.990693,5.027737,217.46402,2016-03-08 12:00:00,2016-03
2016-03-09 12:00:00,-4.5099273,5.7784877,7.3300996,142.02908,2016-03-09 12:00:00,2016-03
2016-03-10 12:00:00,-3.285753,2.0346973,3.8647337,121.7678,2016-03-10 12:00:00,2016-03
2016-03-11 12:00:00,-1.5895529,4.1254334,4.421072,158.92804,2016-03-11 12:00:00,2016-03
2016-03-12 12:00:00,-0.48675236,5.0756783,5.098964,174.52214,2016-03-12 12:00:00,2016-03
2016-03-13 12:00:00,-0.28775102,2.2363594,2.2547958,172.66808,2016-03-13 12:00:00,2016-03
2016-03-14 12:00:00,-0.43713588,-2.6581063,2.693811,9.338928,2016-03-14 12:00:00,2016-03
2016-03-15 12:00:00,-2.276435,-4.0332026,4.6312933,29.441422,2016-03-15 12:00:00,2016-03
2016-03-16 12:00:00,-2.2643867,-1.2153544,2.5699286,61.776413,2016-03-16 12:00:00,2016-03
2016-03-17 12:00:00,1.4051791,-3.3707693,3.651933,337.37012,2016-03-17 12:00:00,2016-03
2016-03-18 12:00:00,1.1879803,-5.956273,6.0735893,348.72034,2016-03-18 12:00:00,2016-03
2016-03-19 12:00:00,2.735144,-5.842711,6.451224,334.9143,2016-03-19 12:00:00,2016-03
2016-03-20 12:00:00,4.4553056,-5.1928763,6.8422008,319.37158,2016-03-20 12:00:00,2016-03
2016-03-21 12:00:00,6.6548786,-3.7095032,7.618912,299.13577,2016-03-21 12:00:00,2016-03
2016-03-22 12:00:00,4.3214974,-3.4559922,5.533464,308.65005,2016-03-22 12:00:00,2016-03
2016-03-23 12:00:00,1.6401633,-2.6933117,3.153421,328.65955,2016-03-23 12:00:00,2016-03
2016-03-24 12:00:00,3.8047287,4.633403,5.995363,219.3912,2016-03-24 12:00:00,2016-03
2016-03-25 12:00:00,5.0265985,-2.3827217,5.562738,295.362,2016-03-25 12:00:00,2016-03
2016-03-26 12:00:00,0.3256772,10.636461,10.641446,181.75378,2016-03-26 12:00:00,2016-03
2016-03-27 12:00:00,3.9775467,9.791369,10.568434,202.10846,2016-03-27 12:00:00,2016-03
2016-03-28 12:00:00,-1.1040969,8.335018,8.407827,172.45425,2016-03-28 12:00:00,2016-03
2016-03-29 12:00:00,5.961138,1.9698691,6.2781806,251.71376,2016-03-29 12:00:00,2016-03
2016-03-30 12:00:00,3.6017115,1.1609671,3.7842002,252.13391,2016-03-30 12:00:00,2016-03
2016-03-31 12:00:00,1.3939791,-3.3726516,3.6493776,337.54376,2016-03-31 12:00:00,2016-03
2016-04-01 12:00:00,0.8133122,6.2644095,6.3169856,187.39737,2016-04-01 12:00:00,2016-04
2016-04-02 12:00:00,1.1519309,4.5587373,4.702024,194.18102,2016-04-02 12:00:00,2016-04
2016-04-03 12:00:00,-1.3722978,3.8269978,4.0656013,160.27301,2016-04-03 12:00:00,2016-04
2016-04-04 12:00:00,-1.6596631,2.7346036,3.198834,148.74594,2016-04-04 12:00:00,2016-04
2016-04-05 12:00:00,1.3276851,3.7297196,3.9589841,199.59444,2016-04-05 12:00:00,2016-04
2016-04-06 12:00:00,4.6238165,5.4844985,7.173521,220.13324,2016-04-06 12:00:00,2016-04
2016-04-07 12:00:00,4.5153584,-1.3232915,4.70527,286.33398,2016-04-07 12:00:00,2016-04
2016-04-08 12:00:00,3.5496547,-1.0385213,3.6984558,286.30786,2016-04-08 12:00:00,2016-04
2016-04-09 12:00:00,-2.47917,4.260286,4.9291296,149.80377,2016-04-09 12:00:00,2016-04
2016-04-10 12:00:00,-3.794315,1.7151328,4.1639533,114.32426,2016-04-10 12:00:00,2016-04
2016-04-11 12:00:00,-6.030779,0.59588224,6.060146,95.64291,2016-04-11 12:00:00,2016-04
2016-04-12 12:00:00,-3.6702287,1.278987,3.8866937,109.212234,2016-04-12 12:00:00,2016-04
2016-04-13 12:00:00,-1.2378283,-0.6353147,1.391346,62.83087,2016-04-13 12:00:00,2016-04
2016-04-14 12:00:00,1.0242321,0.9086893,1.3692216,228.42085,2016-04-14 12:00:00,2016-04
2016-04-15 12:00:00,2.0071676,-0.6664369,2.1149137,288.3676,2016-04-15 12:00:00,2016-04
2016-04-16 12:00:00,1.975008,-3.930494,4.3988,333.32123,2016-04-16 12:00:00,2016-04
2016-04-17 12:00:00,5.728398,-2.3335626,6.1854715,292.16437,2016-04-17 12:00:00,2016-04
2016-04-18 12:00:00,9.3867445,2.2335753,9.648826,256.61536,2016-04-18 12:00:00,2016-04
2016-04-19 12:00:00,5.773036,-5.8773136,8.238371,315.51282,2016-04-19 12:00:00,2016-04
2016-04-20 12:00:00,2.0986125,-0.47119784,2.1508608,282.65466,2016-04-20 12:00:00,2016-04
2016-04-21 12:00:00,3.6801298,-2.032044,4.203874,298.906,2016-04-21 12:00:00,2016-04
2016-04-22 12:00:00,0.78035605,-5.260023,5.317593,351.56137,2016-04-22 12:00:00,2016-04
2016-04-23 12:00:00,2.967628,-6.9464607,7.553816,336.86713,2016-04-23 12:00:00,2016-04
2016-04-24 12:00:00,2.3624442,-5.736764,6.20416,337.61774,2016-04-24 12:00:00,2016-04
2016-04-25 12:00:00,1.7141834,-2.323219,2.8871737,323.5783,2016-04-25 12:00:00,2016-04
2016-04-26 12:00:00,-1.202721,-5.6785736,5.8045444,11.958511,2016-04-26 12:00:00,2016-04
2016-04-27 12:00:00,1.684489,-4.9630075,5.2410827,341.25232,2016-04-27 12:00:00,2016-04
2016-04-28 12:00:00,0.9620364,1.5565343,1.8298396,211.71867,2016-04-28 12:00:00,2016-04
2016-04-29 12:00:00,1.6843755,5.310043,5.570788,197.59932,2016-04-29 12:00:00,2016-04
2016-04-30 12:00:00,2.129208,-0.6391191,2.2230608,286.70804,2016-04-30 12:00:00,2016-04
2016-05-01 12:00:00,1.2223707,5.4919314,5.6263223,192.54811,2016-05-01 12:00:00,2016-05
2016-05-02 12:00:00,1.4740932,8.398394,8.526779,189.9552,2016-05-02 12:00:00,2016-05
2016-05-03 12:00:00,5.701358,0.9880976,5.786348,260.1678,2016-05-03 12:00:00,2016-05
2016-05-04 12:00:00,0.3833158,5.198417,5.21253,184.2172,2016-05-04 12:00:00,2016-05
2016-05-05 12:00:00,-1.2853725,6.4972463,6.623171,168.80948,2016-05-05 12:00:00,2016-05
2016-05-06 12:00:00,-4.14001,2.979794,5.1008677,125.74466,2016-05-06 12:00:00,2016-05
2016-05-07 12:00:00,-4.3365207,1.5911216,4.619208,110.1487,2016-05-07 12:00:00,2016-05
2016-05-08 12:00:00,-5.9675164,3.112779,6.730575,117.54747,2016-05-08 12:00:00,2016-05
2016-05-09 12:00:00,-6.248205,1.7409122,6.486204,105.56922,2016-05-09 12:00:00,2016-05
2016-05-10 12:00:00,-4.8158484,-1.4281244,5.02314,73.482445,2016-05-10 12:00:00,2016-05
2016-05-11 12:00:00,-5.2181287,-1.2302227,5.361186,76.73423,2016-05-11 12:00:00,2016-05
2016-05-12 12:00:00,-3.6431842,-3.57817,5.1064754,45.515823,2016-05-12 12:00:00,2016-05
2016-05-13 12:00:00,0.2333959,-8.530451,8.533643,358.43274,2016-05-13 12:00:00,2016-05
2016-05-14 12:00:00,3.613226,-8.304684,9.056664,336.48694,2016-05-14 12:00:00,2016-05
2016-05-15 12:00:00,3.8486142,-5.2256074,6.4899,323.62866,2016-05-15 12:00:00,2016-05
2016-05-16 12:00:00,4.27865,-2.7883728,5.107041,303.09207,2016-05-16 12:00:00,2016-05
2016-05-17 12:00:00,3.7248678,-0.1768951,3.729066,272.71893,2016-05-17 12:00:00,2016-05
2016-05-18 12:00:00,0.26592273,3.4953873,3.5054882,184.35057,2016-05-18 12:00:00,2016-05
2016-05-19 12:00:00,0.20600899,0.6414809,0.6737488,197.80421,2016-05-19 12:00:00,2016-05
2016-05-20 12:00:00,4.7631555,3.546508,5.938465,233.32968,2016-05-20 12:00:00,2016-05
2016-05-21 12:00:00,0.24758676,7.3779225,7.382076,181.922,2016-05-21 12:00:00,2016-05
2016-05-22 12:00:00,1.1667602,1.0595875,1.5760885,227.756,2016-05-22 12:00:00,2016-05
2016-05-23 12:00:00,1.8453251,-5.8282375,6.1133933,342.43127,2016-05-23 12:00:00,2016-05
2016-05-24 12:00:00,0.50704116,-7.931227,7.947418,356.34204,2016-05-24 12:00:00,2016-05
2016-05-25 12:00:00,-2.1773005,-3.098275,3.786812,35.09749,2016-05-25 12:00:00,2016-05
2016-05-26 12:00:00,-0.8926552,-1.0034866,1.3430632,41.654816,2016-05-26 12:00:00,2016-05
2016-05-27 12:00:00,-1.6220483,-1.838509,2.451766,41.420776,2016-05-27 12:00:00,2016-05
2016-05-28 12:00:00,-2.3453736,-1.4375736,2.7508898,58.49421,2016-05-28 12:00:00,2016-05
2016-05-29 12:00:00,-3.1062617,-3.5048964,4.683285,41.549408,2016-05-29 12:00:00,2016-05
2016-05-30 12:00:00,-1.9261541,-6.921469,7.1844835,15.551193,2016-05-30 12:00:00,2016-05
2016-05-31 12:00:00,-2.6150339,-5.18073,5.803306,26.782898,2016-05-31 12:00:00,2016-05
2016-06-01 12:00:00,-0.14719053,-7.1942415,7.195747,1.1720886,2016-06-01 12:00:00,2016-06
2016-06-02 12:00:00,-0.6600376,-6.3940225,6.427999,5.893631,2016-06-02 12:00:00,2016-06
2016-06-03 12:00:00,-1.6363717,-3.3612888,3.7384455,25.958145,2016-06-03 12:00:00,2016-06
2016-06-04 12:00:00,-0.57230693,-4.496828,4.5331,7.2529907,2016-06-04 12:00:00,2016-06
2016-06-05 12:00:00,0.22015662,-3.7498136,3.756271,356.63995,2016-06-05 12:00:00,2016-06
2016-06-06 12:00:00,0.15809663,-0.7635714,0.7797665,348.30225,2016-06-06 12:00:00,2016-06
2016-06-07 12:00:00,1.354129,-1.1787109,1.7952784,311.03815,2016-06-07 12:00:00,2016-06
2016-06-08 12:00:00,1.0227749,-5.928902,6.0164733,350.2124,2016-06-08 12:00:00,2016-06
2016-06-09 12:00:00,2.5061789,-4.2646537,4.9465346,329.5588,2016-06-09 12:00:00,2016-06
2016-06-10 12:00:00,0.7269331,-2.2099056,2.3263953,341.79172,2016-06-10 12:00:00,2016-06
2016-06-11 12:00:00,-1.9237422,0.8278309,2.0942988,113.28334,2016-06-11 12:00:00,2016-06
2016-06-12 12:00:00,-2.9634957,1.7662978,3.4499443,120.795715,2016-06-12 12:00:00,2016-06
2016-06-13 12:00:00,-2.627183,0.047335148,2.6276093,91.03221,2016-06-13 12:00:00,2016-06
2016-06-14 12:00:00,-2.2624962,1.2561406,2.5878134,119.03909,2016-06-14 12:00:00,2016-06
2016-06-15 12:00:00,-1.473304,0.13649175,1.4796131,95.29297,2016-06-15 12:00:00,2016-06
2016-06-16 12:00:00,-0.34089524,-0.4630872,0.57502985,36.35814,2016-06-16 12:00:00,2016-06
2016-06-17 12:00:00,1.9835156,-2.5621164,3.2401812,322.25403,2016-06-17 12:00:00,2016-06
2016-06-18 12:00:00,4.3170137,-5.253181,6.79945,320.58694,2016-06-18 12:00:00,2016-06
2016-06-19 12:00:00,3.3758402,-0.3688689,3.395933,276.2358,2016-06-19 12:00:00,2016-06
2016-06-20 12:00:00,2.630348,5.586704,6.1749487,205.21213,2016-06-20 12:00:00,2016-06
2016-06-21 12:00:00,1.9039999,3.1252556,3.659568,211.35103,2016-06-21 12:00:00,2016-06
2016-06-22 12:00:00,0.87368965,4.611425,4.693461,190.72821,2016-06-22 12:00:00,2016-06
2016-06-23 12:00:00,-1.2424417,2.196098,2.523194,150.501,2016-06-23 12:00:00,2016-06
2016-06-24 12:00:00,2.2118888,0.35044593,2.2394786,260.99704,2016-06-24 12:00:00,2016-06
2016-06-25 12:00:00,0.029060178,-0.8470696,0.847568,358.03513,2016-06-25 12:00:00,2016-06
2016-06-26 12:00:00,3.947979,-0.43732917,3.9721272,276.32104,2016-06-26 12:00:00,2016-06
2016-06-27 12:00:00,5.5229354,1.1698247,5.6454678,258.0408,2016-06-27 12:00:00,2016-06
2016-06-28 12:00:00,2.1478097,2.7351172,3.477636,218.14154,2016-06-28 12:00:00,2016-06
2016-06-29 12:00:00,1.2416317,4.6018977,4.766457,195.09935,2016-06-29 12:00:00,2016-06
2016-06-30 12:00:00,4.319512,4.166039,6.0011716,226.03616,2016-06-30 12:00:00,2016-06
2016-07-01 12:00:00,3.499003,4.974593,6.0819073,215.12158,2016-07-01 12:00:00,2016-07
2016-07-02 12:00:00,6.160447,3.4463735,7.0589375,240.77579,2016-07-02 12:00:00,2016-07
2016-07-03 12:00:00,5.4064703,2.2386549,5.8516235,247.50705,2016-07-03 12:00:00,2016-07
2016-07-04 12:00:00,3.1437876,1.7247177,3.5858126,241.25032,2016-07-04 12:00:00,2016-07
2016-07-05 12:00:00,3.6414864,-2.7065392,4.537155,306.6216,2016-07-05 12:00:00,2016-07
2016-07-06 12:00:00,5.2862287,-3.0693707,6.112712,300.14096,2016-07-06 12:00:00,2016-07
2016-07-07 12:00:00,3.9501438,3.5993307,5.344045,227.66054,2016-07-07 12:00:00,2016-07
2016-07-08 12:00:00,3.9146364,3.506643,5.2555614,228.14673,2016-07-08 12:00:00,2016-07
2016-07-09 12:00:00,3.7361555,2.794062,4.665366,233.20923,2016-07-09 12:00:00,2016-07
2016-07-10 12:00:00,2.8258765,5.3324594,6.0349565,207.92084,2016-07-10 12:00:00,2016-07
2016-07-11 12:00:00,4.694074,4.790331,6.7068324,224.41852,2016-07-11 12:00:00,2016-07
2016-07-12 12:00:00,5.330032,-0.61256367,5.365116,276.55606,2016-07-12 12:00:00,2016-07
2016-07-13 12:00:00,4.38021,-3.0278466,5.3248563,304.6544,2016-07-13 12:00:00,2016-07
2016-07-14 12:00:00,4.750944,-5.570644,7.321444,319.54065,2016-07-14 12:00:00,2016-07
2016-07-15 12:00:00,4.4123735,-0.25783172,4.4199,273.3442,2016-07-15 12:00:00,2016-07
2016-07-16 12:00:00,6.695278,1.5083984,6.8630905,257.30365,2016-07-16 12:00:00,2016-07
2016-07-17 12:00:00,6.0171666,0.7922212,6.0690947,262.49957,2016-07-17 12:00:00,2016-07
2016-07-18 12:00:00,3.3966768,0.25650975,3.4063485,265.68134,2016-07-18 12:00:00,2016-07
2016-07-19 12:00:00,0.9294748,1.8275654,2.0503461,206.95726,2016-07-19 12:00:00,2016-07
2016-07-20 12:00:00,-4.3025584,4.9810133,6.581983,139.17981,2016-07-20 12:00:00,2016-07
2016-07-21 12:00:00,1.1841695,1.0044992,1.5528284,229.69295,2016-07-21 12:00:00,2016-07
2016-07-22 12:00:00,-0.6185374,0.40373424,0.73864055,123.13345,2016-07-22 12:00:00,2016-07
2016-07-23 12:00:00,0.0033037039,0.5573917,0.5574015,180.3396,2016-07-23 12:00:00,2016-07
2016-07-24 12:00:00,-0.3307065,2.7959435,2.8154337,173.25435,2016-07-24 12:00:00,2016-07
2016-07-25 12:00:00,2.7916048,3.2499151,4.284274,220.66183,2016-07-25 12:00:00,2016-07
2016-07-26 12:00:00,4.0348215,1.982314,4.4954815,243.83504,2016-07-26 12:00:00,2016-07
2016-07-27 12:00:00,2.7904222,3.0664146,4.1460047,222.30203,2016-07-27 12:00:00,2016-07
2016-07-28 12:00:00,2.9655058,2.9883468,4.2100406,224.7802,2016-07-28 12:00:00,2016-07
2016-07-29 12:00:00,2.5277255,1.7500428,3.0744178,235.30363,2016-07-29 12:00:00,2016-07
2016-07-30 12:00:00,4.086282,0.04281353,4.086506,269.39972,2016-07-30 12:00:00,2016-07
2016-07-31 12:00:00,5.2343698,-0.22261658,5.2391014,272.4353,2016-07-31 12:00:00,2016-07
2016-08-01 12:00:00,5.9819965,-0.7669546,6.030962,277.30606,2016-08-01 12:00:00,2016-08
2016-08-02 12:00:00,1.0842594,1.9039036,2.190997,209.6612,2016-08-02 12:00:00,2016-08
2016-08-03 12:00:00,1.3542595,4.6035595,4.7986226,196.39265,2016-08-03 12:00:00,2016-08
2016-08-04 12:00:00,4.323211,2.517538,5.0028143,239.78644,2016-08-04 12:00:00,2016-08
2016-08-05 12:00:00,4.5125303,-2.9786553,5.4069695,303.42822,2016-08-05 12:00:00,2016-08
2016-08-06 12:00:00,4.544847,-2.2288158,5.0619416,296.12357,2016-08-06 12:00:00,2016-08
2016-08-07 12:00:00,6.348148,5.4772263,8.384449,229.21214,2016-08-07 12:00:00,2016-08
2016-08-08 12:00:00,10.713623,-1.7825593,10.860904,279.44647,2016-08-08 12:00:00,2016-08
2016-08-09 12:00:00,7.3465347,-5.4706235,9.159656,306.67334,2016-08-09 12:00:00,2016-08
2016-08-10 12:00:00,4.44637,-5.163689,6.814242,319.2688,2016-08-10 12:00:00,2016-08
2016-08-11 12:00:00,2.6007283,2.4278295,3.5578287,226.96924,2016-08-11 12:00:00,2016-08
2016-08-12 12:00:00,6.944258,3.7724166,7.902775,241.4873,2016-08-12 12:00:00,2016-08
2016-08-13 12:00:00,6.9740453,-0.6174537,7.001325,275.05954,2016-08-13 12:00:00,2016-08
2016-08-14 12:00:00,3.563573,-2.4320486,4.3143845,304.31253,2016-08-14 12:00:00,2016-08
2016-08-15 12:00:00,0.091799006,-2.0386384,2.0407043,357.42172,2016-08-15 12:00:00,2016-08
2016-08-16 12:00:00,-1.3036186,-1.1372368,1.7299505,48.899567,2016-08-16 12:00:00,2016-08
2016-08-17 12:00:00,-1.276186,-0.25436354,1.3012884,78.72779,2016-08-17 12:00:00,2016-08
2016-08-18 12:00:00,-2.5928297,-0.8238402,2.7205658,72.37298,2016-08-18 12:00:00,2016-08
2016-08-19 12:00:00,-2.4366586,2.0144064,3.1615088,129.58083,2016-08-19 12:00:00,2016-08
2016-08-20 12:00:00,-0.24057057,6.023301,6.0281034,177.71283,2016-08-20 12:00:00,2016-08
2016-08-21 12:00:00,1.6157961,2.964863,3.3765678,208.58957,2016-08-21 12:00:00,2016-08
2016-08-22 12:00:00,3.020166,3.5635178,4.6711946,220.28207,2016-08-22 12:00:00,2016-08
2016-08-23 12:00:00,0.47988647,1.7673047,1.8312992,195.19156,2016-08-23 12:00:00,2016-08
2016-08-24 12:00:00,-0.27986318,2.8000474,2.8139987,174.29228,2016-08-24 12:00:00,2016-08
2016-08-25 12:00:00,-1.458853,-0.95606726,1.7442238,56.760963,2016-08-25 12:00:00,2016-08
2016-08-26 12:00:00,4.9980235,1.0596406,5.109117,258.02985,2016-08-26 12:00:00,2016-08
2016-08-27 12:00:00,-0.5575277,0.22931814,0.60284656,112.35799,2016-08-27 12:00:00,2016-08
2016-08-28 12:00:00,-0.53964144,0.3278972,0.6314503,121.28373,2016-08-28 12:00:00,2016-08
2016-08-29 12:00:00,4.7897744,-2.7407281,5.5184717,299.77835,2016-08-29 12:00:00,2016-08
2016-08-30 12:00:00,4.3578444,2.5280433,5.0380363,239.88141,2016-08-30 12:00:00,2016-08
2016-08-31 12:00:00,2.8508887,5.9836574,6.6281013,205.47527,2016-08-31 12:00:00,2016-08
2016-09-01 12:00:00,5.6409383,1.1023589,5.7476416,258.94254,2016-09-01 12:00:00,2016-09
2016-09-02 12:00:00,4.89371,4.0598555,6.358524,230.32066,2016-09-02 12:00:00,2016-09
2016-09-03 12:00:00,4.325444,2.2447531,4.8732314,242.57227,2016-09-03 12:00:00,2016-09
2016-09-04 12:00:00,0.60580254,-1.5626093,1.675931,338.80933,2016-09-04 12:00:00,2016-09
2016-09-05 12:00:00,-0.142799,2.984032,2.9874468,177.26024,2016-09-05 12:00:00,2016-09
2016-09-06 12:00:00,3.1634898,5.869671,6.6678863,208.32268,2016-09-06 12:00:00,2016-09
2016-09-07 12:00:00,0.37875468,2.6437526,2.6707456,188.15295,2016-09-07 12:00:00,2016-09
2016-09-08 12:00:00,-1.8198828,5.574342,5.8638945,161.91943,2016-09-08 12:00:00,2016-09
2016-09-09 12:00:00,1.6731008,6.2691107,6.4885297,194.94284,2016-09-09 12:00:00,2016-09
2016-09-10 12:00:00,1.9796319,3.9030921,4.376422,206.89394,2016-09-10 12:00:00,2016-09
2016-09-11 12:00:00,3.202483,2.558228,4.098832,231.38121,2016-09-11 12:00:00,2016-09
2016-09-12 12:00:00,-1.5975623,6.541078,6.7333426,166.27504,2016-09-12 12:00:00,2016-09
2016-09-13 12:00:00,-3.5391095,3.8383,5.2209044,137.32236,2016-09-13 12:00:00,2016-09
2016-09-14 12:00:00,-3.387226,0.74213237,3.467573,102.35808,2016-09-14 12:00:00,2016-09
2016-09-15 12:00:00,-4.5227447,3.0756447,5.4694433,124.217255,2016-09-15 12:00:00,2016-09
2016-09-16 12:00:00,-1.3311529,2.8684154,3.1622422,155.10529,2016-09-16 12:00:00,2016-09
2016-09-17 12:00:00,-1.9519118,-1.5907289,2.5180106,50.82138,2016-09-17 12:00:00,2016-09
2016-09-18 12:00:00,-2.103033,1.5489482,2.6118937,126.37279,2016-09-18 12:00:00,2016-09
2016-09-19 12:00:00,0.031880468,-0.51072574,0.5117198,356.4281,2016-09-19 12:00:00,2016-09
2016-09-20 12:00:00,-1.2532959,0.6418177,1.4080769,117.117165,2016-09-20 12:00:00,2016-09
2016-09-21 12:00:00,-2.1962054,3.878803,4.4574018,150.48116,2016-09-21 12:00:00,2016-09
2016-09-22 12:00:00,0.25694135,5.265149,5.2714148,182.79384,2016-09-22 12:00:00,2016-09
2016-09-23 12:00:00,5.3475113,0.8804231,5.4195037,260.6506,2016-09-23 12:00:00,2016-09
2016-09-24 12:00:00,0.8915285,8.497473,8.544113,185.98938,2016-09-24 12:00:00,2016-09
2016-09-25 12:00:00,0.08652468,7.7767015,7.777183,180.63745,2016-09-25 12:00:00,2016-09
2016-09-26 12:00:00,2.555253,3.8138769,4.590749,213.82162,2016-09-26 12:00:00,2016-09
2016-09-27 12:00:00,1.5110916,10.256166,10.366887,188.38136,2016-09-27 12:00:00,2016-09
2016-09-28 12:00:00,7.964474,0.15898037,7.966061,268.85645,2016-09-28 12:00:00,2016-09
2016-09-29 12:00:00,11.162912,4.755234,12.133543,246.92673,2016-09-29 12:00:00,2016-09
2016-09-30 12:00:00,8.538404,2.7260191,8.963009,252.29349,2016-09-30 12:00:00,2016-09
2016-10-01 12:00:00,-0.005557136,0.8261832,0.8262019,179.61462,2016-10-01 12:00:00,2016-10
2016-10-02 12:00:00,-1.3138595,-4.5444593,4.7305746,16.125244,2016-10-02 12:00:00,2016-10
2016-10-03 12:00:00,-2.7514434,-1.8326546,3.3059134,56.333595,2016-10-03 12:00:00,2016-10
2016-10-04 12:00:00,-6.113255,2.4036758,6.5688314,111.4643,2016-10-04 12:00:00,2016-10
2016-10-05 12:00:00,-6.391691,1.2625186,6.5151877,101.173515,2016-10-05 12:00:00,2016-10
2016-10-06 12:00:00,-6.118181,-3.0768497,6.8482947,63.302055,2016-10-06 12:00:00,2016-10
2016-10-07 12:00:00,-5.290688,-0.95967174,5.3770204,79.71897,2016-10-07 12:00:00,2016-10
2016-10-08 12:00:00,-4.4238853,-1.9575045,4.8376217,66.13132,2016-10-08 12:00:00,2016-10
2016-10-09 12:00:00,-2.9592462,-3.424743,4.5261464,40.82959,2016-10-09 12:00:00,2016-10
2016-10-10 12:00:00,-4.1733603,-2.2418802,4.7374005,61.755836,2016-10-10 12:00:00,2016-10
2016-10-11 12:00:00,-5.391926,-1.3496175,5.558267,75.9474,2016-10-11 12:00:00,2016-10
2016-10-12 12:00:00,-6.1374474,-1.2290171,6.2592926,78.67636,2016-10-12 12:00:00,2016-10
2016-10-13 12:00:00,-8.054215,1.701815,8.232044,101.930824,2016-10-13 12:00:00,2016-10
2016-10-14 12:00:00,-8.717412,1.8453522,8.910589,101.95226,2016-10-14 12:00:00,2016-10
2016-10-15 12:00:00,-5.63387,3.1525362,6.455926,119.23001,2016-10-15 12:00:00,2016-10
2016-10-16 12:00:00,-6.175425,6.1566477,8.720102,134.91277,2016-10-16 12:00:00,2016-10
2016-10-17 12:00:00,-1.1895404,6.371622,6.481711,169.42499,2016-10-17 12:00:00,2016-10
2016-10-18 12:00:00,1.5125102,3.384808,3.7073727,204.0776,2016-10-18 12:00:00,2016-10
2016-10-19 12:00:00,-1.8152913,-3.9353912,4.333888,24.762619,2016-10-19 12:00:00,2016-10
2016-10-20 12:00:00,-3.2260842,-4.504086,5.5402536,35.61241,2016-10-20 12:00:00,2016-10
2016-10-21 12:00:00,-3.4918208,-2.3627586,4.216093,55.91555,2016-10-21 12:00:00,2016-10
2016-10-22 12:00:00,-4.8513865,-2.517693,5.465778,62.572334,2016-10-22 12:00:00,2016-10
2016-10-23 12:00:00,-5.276371,-0.984318,5.367399,79.43282,2016-10-23 12:00:00,2016-10
2016-10-24 12:00:00,-5.786701,1.1947283,5.9087467,101.665436,2016-10-24 12:00:00,2016-10
2016-10-25 12:00:00,-1.3307536,2.1041217,2.4896252,147.68866,2016-10-25 12:00:00,2016-10
2016-10-26 12:00:00,4.4073763,5.772735,7.262881,217.36105,2016-10-26 12:00:00,2016-10
2016-10-27 12:00:00,6.8637886,5.1271353,8.567328,233.24088,2016-10-27 12:00:00,2016-10
2016-10-28 12:00:00,8.660764,-2.618379,9.047914,286.82147,2016-10-28 12:00:00,2016-10
2016-10-29 12:00:00,4.272736,-2.1093163,4.7650275,296.2741,2016-10-29 12:00:00,2016-10
2016-10-30 12:00:00,1.2658887,1.59047,2.032749,218.51703,2016-10-30 12:00:00,2016-10
2016-10-31 12:00:00,2.701776,0.9058435,2.8495872,251.46487,2016-10-31 12:00:00,2016-10
2016-11-01 12:00:00,5.3366323,-6.2292047,8.202599,319.41293,2016-11-01 12:00:00,2016-11
2016-11-02 12:00:00,2.561191,-5.991682,6.5161304,336.85535,2016-11-02 12:00:00,2016-11
2016-11-03 12:00:00,2.9142356,2.2970288,3.7106752,231.75447,2016-11-03 12:00:00,2016-11
2016-11-04 12:00:00,1.0886843,2.059771,2.3297832,207.85852,2016-11-04 12:00:00,2016-11
2016-11-05 12:00:00,0.27811673,-4.553773,4.562258,356.50507,2016-11-05 12:00:00,2016-11
2016-11-06 12:00:00,-4.1733184,-4.98783,6.5034633,39.919235,2016-11-06 12:00:00,2016-11
2016-11-07 12:00:00,-4.591718,-2.8429575,5.400582,58.23633,2016-11-07 12:00:00,2016-11
2016-11-08 12:00:00,-3.4755566,0.8144623,3.569712,103.18872,2016-11-08 12:00:00,2016-11
2016-11-09 12:00:00,-5.717067,2.5900996,6.2764215,114.37276,2016-11-09 12:00:00,2016-11
2016-11-10 12:00:00,-3.0615153,4.272399,5.2560697,144.37538,2016-11-10 12:00:00,2016-11
2016-11-11 12:00:00,-1.2419101,2.6552582,2.931337,154.9337,2016-11-11 12:00:00,2016-11
2016-11-12 12:00:00,-0.19949041,9.634965,9.63703,178.81387,2016-11-12 12:00:00,2016-11
2016-11-13 12:00:00,0.36544344,1.5565444,1.5988683,193.21252,2016-11-13 12:00:00,2016-11
2016-11-14 12:00:00,4.9667416,4.6496625,6.8035197,226.88852,2016-11-14 12:00:00,2016-11
2016-11-15 12:00:00,6.379664,-2.1721625,6.7393174,288.8028,2016-11-15 12:00:00,2016-11
2016-11-16 12:00:00,8.371473,3.0874805,8.922673,249.75552,2016-11-16 12:00:00,2016-11
2016-11-17 12:00:00,5.7728643,6.656103,8.81077,220.93523,2016-11-17 12:00:00,2016-11
2016-11-18 12:00:00,6.01745,2.2429683,6.421885,249.55736,2016-11-18 12:00:00,2016-11
2016-11-19 12:00:00,4.2395,4.722064,6.345963,221.9177,2016-11-19 12:00:00,2016-11
2016-11-20 12:00:00,-2.353497,4.2653294,4.871548,151.11124,2016-11-20 12:00:00,2016-11
2016-11-21 12:00:00,-3.2317302,0.75699186,3.319204,103.183136,2016-11-21 12:00:00,2016-11
2016-11-22 12:00:00,0.34759283,5.737882,5.7484007,183.46666,2016-11-22 12:00:00,2016-11
2016-11-23 12:00:00,2.0268416,-3.2080996,3.7947319,327.71576,2016-11-23 12:00:00,2016-11
2016-11-24 12:00:00,0.27299944,-2.1338809,2.1512733,352.7094,2016-11-24 12:00:00,2016-11
2016-11-25 12:00:00,1.8218462,-0.3185666,1.8494887,279.91843,2016-11-25 12:00:00,2016-11
2016-11-26 12:00:00,4.974516,-4.3190236,6.5878506,310.96548,2016-11-26 12:00:00,2016-11
2016-11-27 12:00:00,-1.2815253,-6.48622,6.6116076,11.176361,2016-11-27 12:00:00,2016-11
2016-11-28 12:00:00,-0.96156675,0.73691756,1.2114694,127.46554,2016-11-28 12:00:00,2016-11
2016-11-29 12:00:00,6.5790944,1.6673211,6.7870793,255.77908,2016-11-29 12:00:00,2016-11
2016-11-30 12:00:00,7.9078183,-1.5032436,8.049431,280.76324,2016-11-30 12:00:00,2016-11
2016-12-01 12:00:00,8.148984,-5.14594,9.637772,302.27167,2016-12-01 12:00:00,2016-12
2016-12-02 12:00:00,0.6049519,-4.9084425,4.9455814,352.97388,2016-12-02 12:00:00,2016-12
2016-12-03 12:00:00,1.8004664,-0.7897653,1.9660642,293.6844,2016-12-03 12:00:00,2016-12
2016-12-04 12:00:00,1.0910369,0.39980265,1.1619827,249.875,2016-12-04 12:00:00,2016-12
2016-12-05 12:00:00,2.3601398,-0.5582733,2.425269,283.3083,2016-12-05 12:00:00,2016-12
2016-12-06 12:00:00,-0.51918125,4.6170435,4.6461425,173.5841,2016-12-06 12:00:00,2016-12
2016-12-07 12:00:00,5.3061886,6.7400413,8.578099,218.21207,2016-12-07 12:00:00,2016-12
2016-12-08 12:00:00,6.2323523,3.137071,6.977351,243.28148,2016-12-08 12:00:00,2016-12
2016-12-09 12:00:00,4.3717527,4.725908,6.43789,222.7707,2016-12-09 12:00:00,2016-12
2016-12-10 12:00:00,6.37877,1.7593181,6.616941,254.58069,2016-12-10 12:00:00,2016-12
2016-12-11 12:00:00,6.797287,-2.6395566,7.2918015,291.22244,2016-12-11 12:00:00,2016-12
2016-12-12 12:00:00,0.1306277,5.239704,5.241332,181.42812,2016-12-12 12:00:00,2016-12
2016-12-13 12:00:00,0.6529675,1.447283,1.587764,204.28336,2016-12-13 12:00:00,2016-12
2016-12-14 12:00:00,-2.5230901,5.3432474,5.9089994,154.72324,2016-12-14 12:00:00,2016-12
2016-12-15 12:00:00,-3.0547867,7.0503526,7.6836967,156.5738,2016-12-15 12:00:00,2016-12
2016-12-16 12:00:00,-0.9071022,5.444902,5.5199447,170.54158,2016-12-16 12:00:00,2016-12
2016-12-17 12:00:00,5.0125346,2.227308,5.4851074,246.04214,2016-12-17 12:00:00,2016-12
2016-12-18 12:00:00,3.0087247,0.9121857,3.1439636,253.13373,2016-12-18 12:00:00,2016-12
2016-12-19 12:00:00,0.97959864,3.8837337,4.0053716,194.1565,2016-12-19 12:00:00,2016-12
2016-12-20 12:00:00,-0.16623233,7.9133344,7.91508,178.79659,2016-12-20 12:00:00,2016-12
2016-12-21 12:00:00,6.4733796,8.08283,10.355519,218.69055,2016-12-21 12:00:00,2016-12
2016-12-22 12:00:00,8.073562,5.7595706,9.917412,234.49644,2016-12-22 12:00:00,2016-12
2016-12-23 12:00:00,3.046168,10.356152,10.794861,196.39076,2016-12-23 12:00:00,2016-12
2016-12-24 12:00:00,12.621871,3.1952448,13.020032,255.79395,2016-12-24 12:00:00,2016-12
2016-12-25 12:00:00,9.405059,4.9084663,10.608872,242.44011,2016-12-25 12:00:00,2016-12
2016-12-26 12:00:00,14.753447,-0.11299438,14.75388,270.4388,2016-12-26 12:00:00,2016-12
2016-12-27 12:00:00,7.1940975,-2.9855292,7.788994,292.5383,2016-12-27 12:00:00,2016-12
2016-12-28 12:00:00,4.3224916,2.9057026,5.2083626,236.08987,2016-12-28 12:00:00,2016-12
2016-12-29 12:00:00,3.9954102,5.6132154,6.8899555,215.44275,2016-12-29 12:00:00,2016-12
2016-12-30 12:00:00,7.3189235,4.1059318,8.391979,240.70747,2016-12-30 12:00:00,2016-12
2016-12-31 12:00:00,7.6128488,3.1368816,8.233802,247.60583,2016-12-31 12:00:00,2016-12
2017-01-01 12:00:00,1.5767812,-5.081886,5.3208838,342.7622,2017-01-01 12:00:00,2017-01
2017-01-02 12:00:00,4.701507,-6.241979,7.814504,323.01263,2017-01-02 12:00:00,2017-01
2017-01-03 12:00:00,10.768151,-3.1056893,11.207068,286.08832,2017-01-03 12:00:00,2017-01
2017-01-04 12:00:00,3.1320908,-10.738082,11.185544,343.73904,2017-01-04 12:00:00,2017-01
2017-01-05 12:00:00,-2.5930326,0.83581936,2.7244103,107.86584,2017-01-05 12:00:00,2017-01
2017-01-06 12:00:00,3.330743,8.022967,8.686878,202.54584,2017-01-06 12:00:00,2017-01
2017-01-07 12:00:00,2.9731383,-2.8893292,4.145814,314.18097,2017-01-07 12:00:00,2017-01
2017-01-08 12:00:00,3.4798965,0.73249847,3.5561545,258.1131,2017-01-08 12:00:00,2017-01
2017-01-09 12:00:00,3.3136253,8.20308,8.84707,201.99619,2017-01-09 12:00:00,2017-01
2017-01-10 12:00:00,4.2482147,3.0432384,5.2257657,234.38382,2017-01-10 12:00:00,2017-01
2017-01-11 12:00:00,12.43459,-3.580871,12.939925,286.06516,2017-01-11 12:00:00,2017-01
2017-01-12 12:00:00,10.94298,1.1249862,11.000655,264.13037,2017-01-12 12:00:00,2017-01
2017-01-13 12:00:00,6.0504994,-6.1595054,8.634121,315.51147,2017-01-13 12:00:00,2017-01
2017-01-14 12:00:00,5.0682254,-8.18146,9.624095,328.22272,2017-01-14 12:00:00,2017-01
2017-01-15 12:00:00,0.3781061,-1.0775893,1.1419995,340.66498,2017-01-15 12:00:00,2017-01
2017-01-16 12:00:00,-0.9581,2.3670347,2.5535874,157.96347,2017-01-16 12:00:00,2017-01
2017-01-17 12:00:00,3.2128325,3.9374115,5.0818796,219.21361,2017-01-17 12:00:00,2017-01
2017-01-18 12:00:00,4.6109853,2.6664453,5.326454,239.96002,2017-01-18 12:00:00,2017-01
2017-01-19 12:00:00,4.211982,0.5580959,4.2487955,262.45215,2017-01-19 12:00:00,2017-01
2017-01-20 12:00:00,2.8392553,-0.31698406,2.8568952,276.3703,2017-01-20 12:00:00,2017-01
2017-01-21 12:00:00,-0.50793594,1.6980671,1.7724081,163.34671,2017-01-21 12:00:00,2017-01
2017-01-22 12:00:00,1.7157227,3.1107745,3.5525515,208.87857,2017-01-22 12:00:00,2017-01
2017-01-23 12:00:00,3.8931549,-0.74426824,3.9636586,280.82285,2017-01-23 12:00:00,2017-01
2017-01-24 12:00:00,3.2007587,4.4860854,5.510882,215.50732,2017-01-24 12:00:00,2017-01
2017-01-25 12:00:00,2.066764,6.7136483,7.0245705,197.11073,2017-01-25 12:00:00,2017-01
2017-01-26 12:00:00,-2.6466668,7.268383,7.735259,159.9917,2017-01-26 12:00:00,2017-01
2017-01-27 12:00:00,-2.678837,7.4167924,7.885745,160.14102,2017-01-27 12:00:00,2017-01
2017-01-28 12:00:00,-2.4687703,7.5620675,7.954853,161.91982,2017-01-28 12:00:00,2017-01
2017-01-29 12:00:00,4.839677,4.5833116,6.6655245,226.55843,2017-01-29 12:00:00,2017-01
2017-01-30 12:00:00,-1.8696325,0.064582475,1.8707476,91.97838,2017-01-30 12:00:00,2017-01
2017-01-31 12:00:00,-4.149143,5.7944474,7.1267815,144.39525,2017-01-31 12:00:00,2017-01
2017-02-01 12:00:00,-3.7431872,8.18763,9.002707,155.43126,2017-02-01 12:00:00,2017-02
2017-02-02 12:00:00,-4.1128597,8.058575,9.047444,152.96158,2017-02-02 12:00:00,2017-02
2017-02-03 12:00:00,-1.8834425,6.5645175,6.8293667,163.99115,2017-02-03 12:00:00,2017-02
2017-02-04 12:00:00,-2.2073488,4.8671513,5.3443007,155.60477,2017-02-04 12:00:00,2017-02
2017-02-05 12:00:00,-4.8859763,1.2229055,5.0366917,104.05183,2017-02-05 12:00:00,2017-02
2017-02-06 12:00:00,-5.724285,3.8574998,6.9027348,123.97537,2017-02-06 12:00:00,2017-02
2017-02-07 12:00:00,-8.685598,5.4589305,10.258633,122.14952,2017-02-07 12:00:00,2017-02
2017-02-08 12:00:00,-7.297561,0.47533488,7.3130255,93.72677,2017-02-08 12:00:00,2017-02
2017-02-09 12:00:00,-6.5821447,0.38859186,6.5936055,93.37867,2017-02-09 12:00:00,2017-02
2017-02-10 12:00:00,-6.628848,-0.20660171,6.6320667,88.21484,2017-02-10 12:00:00,2017-02
2017-02-11 12:00:00,-7.2221465,-2.6656933,7.698397,69.74091,2017-02-11 12:00:00,2017-02
2017-02-12 12:00:00,-7.419836,0.16964398,7.421775,91.30977,2017-02-12 12:00:00,2017-02
2017-02-13 12:00:00,-5.9986587,1.5415765,6.1935744,104.41239,2017-02-13 12:00:00,2017-02
2017-02-14 12:00:00,-4.6199174,4.0657716,6.1541967,131.34949,2017-02-14 12:00:00,2017-02
2017-02-15 12:00:00,-0.43691185,4.890655,4.910132,174.89497,2017-02-15 12:00:00,2017-02
2017-02-16 12:00:00,5.5618896,3.5460815,6.596159,237.47974,2017-02-16 12:00:00,2017-02
2017-02-17 12:00:00,3.513785,-2.7719636,4.4755406,308.2693,2017-02-17 12:00:00,2017-02
2017-02-18 12:00:00,3.8825853,5.729621,6.9212008,214.1229,2017-02-18 12:00:00,2017-02
2017-02-19 12:00:00,6.287401,-0.084015094,6.2879624,270.76556,2017-02-19 12:00:00,2017-02
2017-02-20 12:00:00,9.229515,1.2132896,9.308922,262.511,2017-02-20 12:00:00,2017-02
2017-02-21 12:00:00,7.0304337,-0.38938063,7.0412083,273.1701,2017-02-21 12:00:00,2017-02
2017-02-22 12:00:00,12.136167,0.9287372,12.171651,265.62387,2017-02-22 12:00:00,2017-02
2017-02-23 12:00:00,0.3886281,1.8997391,1.9390824,191.56143,2017-02-23 12:00:00,2017-02
2017-02-24 12:00:00,4.259075,-4.1775537,5.9658756,314.44635,2017-02-24 12:00:00,2017-02
2017-02-25 12:00:00,4.568161,9.396616,10.448181,205.92668,2017-02-25 12:00:00,2017-02
2017-02-26 12:00:00,3.1325111,6.04581,6.8091445,207.39,2017-02-26 12:00:00,2017-02
2017-02-27 12:00:00,1.3038343,7.7449737,7.8539543,189.55591,2017-02-27 12:00:00,2017-02
2017-02-28 12:00:00,4.321377,1.9690609,4.748842,245.50333,2017-02-28 12:00:00,2017-02
2017-03-01 12:00:00,6.7646203,1.0299101,6.8425727,261.3432,2017-03-01 12:00:00,2017-03
2017-03-02 12:00:00,7.6210165,0.97800225,7.6835136,262.68723,2017-03-02 12:00:00,2017-03
2017-03-03 12:00:00,1.4342632,3.1347194,3.4472563,204.58604,2017-03-03 12:00:00,2017-03
2017-03-04 12:00:00,-4.3572254,2.7194362,5.136219,121.96916,2017-03-04 12:00:00,2017-03
2017-03-05 12:00:00,-4.2785926,5.0352182,6.6075544,139.64433,2017-03-05 12:00:00,2017-03
2017-03-06 12:00:00,-5.909994,0.5826434,5.938645,95.63038,2017-03-06 12:00:00,2017-03
2017-03-07 12:00:00,-1.8113335,1.2517235,2.2017586,124.64645,2017-03-07 12:00:00,2017-03
2017-03-08 12:00:00,1.8284721,5.637255,5.926378,197.97073,2017-03-08 12:00:00,2017-03
2017-03-09 12:00:00,6.821151,-0.587407,6.8463964,274.9219,2017-03-09 12:00:00,2017-03
2017-03-10 12:00:00,2.2526135,1.040698,2.4813948,245.20325,2017-03-10 12:00:00,2017-03
2017-03-11 12:00:00,-1.786647,5.4618645,5.7466574,161.88641,2017-03-11 12:00:00,2017-03
2017-03-12 12:00:00,-3.6066031,5.4410005,6.5277925,146.46133,2017-03-12 12:00:00,2017-03
2017-03-13 12:00:00,4.7952313,0.8887174,4.8768907,259.5003,2017-03-13 12:00:00,2017-03
2017-03-14 12:00:00,8.875609,2.969415,9.359159,251.50186,2017-03-14 12:00:00,2017-03
2017-03-15 12:00:00,7.3436146,-0.092611395,7.3441987,270.72253,2017-03-15 12:00:00,2017-03
2017-03-16 12:00:00,5.019786,6.6875014,8.361874,216.8927,2017-03-16 12:00:00,2017-03
2017-03-17 12:00:00,9.45525,0.26013884,9.458828,268.42404,2017-03-17 12:00:00,2017-03
2017-03-18 12:00:00,5.068001,-3.6534052,6.2475595,305.78696,2017-03-18 12:00:00,2017-03
2017-03-19 12:00:00,4.371534,4.124575,6.010194,226.66496,2017-03-19 12:00:00,2017-03
2017-03-20 12:00:00,3.9323199,7.540205,8.503989,207.54265,2017-03-20 12:00:00,2017-03
2017-03-21 12:00:00,8.541394,1.7853627,8.725992,258.19373,2017-03-21 12:00:00,2017-03
2017-03-22 12:00:00,0.4554254,1.1839699,1.2685412,201.03972,2017-03-22 12:00:00,2017-03
2017-03-23 12:00:00,-2.6827106,-2.3430214,3.5618374,48.86676,2017-03-23 12:00:00,2017-03
2017-03-24 12:00:00,1.3087215,0.7880399,1.5276645,238.94597,2017-03-24 12:00:00,2017-03
2017-03-25 12:00:00,1.9584824,-1.3258734,2.365078,304.0976,2017-03-25 12:00:00,2017-03
2017-03-26 12:00:00,-0.20858711,-1.5649203,1.5787603,7.592163,2017-03-26 12:00:00,2017-03
2017-03-27 12:00:00,0.049787063,-0.56691474,0.56909674,354.98108,2017-03-27 12:00:00,2017-03
2017-03-28 12:00:00,0.37763807,0.051862422,0.38118267,262.18027,2017-03-28 12:00:00,2017-03
2017-03-29 12:00:00,2.827171,0.66012,2.9032145,256.8574,2017-03-29 12:00:00,2017-03
2017-03-30 12:00:00,3.8557954,4.845021,6.192042,218.5137,2017-03-30 12:00:00,2017-03
2017-03-31 12:00:00,0.04125188,6.216344,6.2164807,180.38022,2017-03-31 12:00:00,2017-03
2017-04-01 12:00:00,2.4452732,3.8757381,4.582653,212.24857,2017-04-01 12:00:00,2017-04
2017-04-02 12:00:00,3.843142,-1.7565981,4.2255626,294.56387,2017-04-02 12:00:00,2017-04
2017-04-03 12:00:00,0.30185118,5.186105,5.194882,183.33107,2017-04-03 12:00:00,2017-04
2017-04-04 12:00:00,3.5017638,0.8834787,3.6114933,255.84004,2017-04-04 12:00:00,2017-04
2017-04-05 12:00:00,7.4374084,-5.176402,9.061467,304.83774,2017-04-05 12:00:00,2017-04
2017-04-06 12:00:00,6.7068763,-1.1347955,6.8022017,279.60342,2017-04-06 12:00:00,2017-04
2017-04-07 12:00:00,4.82409,-2.8151631,5.5854263,300.26627,2017-04-07 12:00:00,2017-04
2017-04-08 12:00:00,3.3859775,1.9262905,3.8955665,240.36435,2017-04-08 12:00:00,2017-04
2017-04-09 12:00:00,2.1099005,5.4005685,5.7980876,201.33965,2017-04-09 12:00:00,2017-04
2017-04-10 12:00:00,7.201015,-5.1277537,8.840162,305.4542,2017-04-10 12:00:00,2017-04
2017-04-11 12:00:00,5.536477,2.0100985,5.890083,250.04584,2017-04-11 12:00:00,2017-04
2017-04-12 12:00:00,8.159014,-0.7213539,8.19084,275.0525,2017-04-12 12:00:00,2017-04
2017-04-13 12:00:00,6.4215198,-2.4305906,6.866126,290.732,2017-04-13 12:00:00,2017-04
2017-04-14 12:00:00,3.8663795,1.0576584,4.0084324,254.70087,2017-04-14 12:00:00,2017-04
2017-04-15 12:00:00,5.24933,-2.0988126,5.65336,291.79276,2017-04-15 12:00:00,2017-04
2017-04-16 12:00:00,4.285001,-2.931982,5.1920857,304.3816,2017-04-16 12:00:00,2017-04
2017-04-17 12:00:00,1.6059009,-5.605481,5.830981,344.01364,2017-04-17 12:00:00,2017-04
2017-04-18 12:00:00,-2.2551816,-1.646357,2.792192,53.869324,2017-04-18 12:00:00,2017-04
2017-04-19 12:00:00,1.4496294,2.3946843,2.7992747,211.18874,2017-04-19 12:00:00,2017-04
2017-04-20 12:00:00,5.7039347,1.8731301,6.003623,251.82019,2017-04-20 12:00:00,2017-04
2017-04-21 12:00:00,8.553537,-2.5517223,8.926045,286.61108,2017-04-21 12:00:00,2017-04
2017-04-22 12:00:00,5.7546053,-6.5737724,8.736703,318.80145,2017-04-22 12:00:00,2017-04
2017-04-23 12:00:00,5.5156264,-2.1927423,5.935508,291.68033,2017-04-23 12:00:00,2017-04
2017-04-24 12:00:00,5.460748,-3.980101,6.757291,306.08667,2017-04-24 12:00:00,2017-04
2017-04-25 12:00:00,3.022272,-6.235356,6.9291983,334.14056,2017-04-25 12:00:00,2017-04
2017-04-26 12:00:00,1.8685347,-5.368094,5.684,340.80792,2017-04-26 12:00:00,2017-04
2017-04-27 12:00:00,3.54303,-1.8909727,4.0160728,298.08957,2017-04-27 12:00:00,2017-04
2017-04-28 12:00:00,0.6136089,-3.5048487,3.558157,350.0696,2017-04-28 12:00:00,2017-04
2017-04-29 12:00:00,-2.9420335,2.3496518,3.7651594,128.61258,2017-04-29 12:00:00,2017-04
2017-04-30 12:00:00,-6.5291553,3.9276295,7.619458,121.02912,2017-04-30 12:00:00,2017-04
2017-05-01 12:00:00,-6.4763494,2.5414276,6.9571514,111.42587,2017-05-01 12:00:00,2017-05
2017-05-02 12:00:00,-4.9096336,-2.0725594,5.3291655,67.11339,2017-05-02 12:00:00,2017-05
2017-05-03 12:00:00,-4.7273684,-2.9573143,5.5761743,57.971016,2017-05-03 12:00:00,2017-05
2017-05-04 12:00:00,-5.7553353,-3.2822025,6.6254616,60.304382,2017-05-04 12:00:00,2017-05
2017-05-05 12:00:00,-3.6130705,-3.1609514,4.8006134,48.818436,2017-05-05 12:00:00,2017-05
2017-05-06 12:00:00,-2.72828,-2.662947,3.812453,45.694305,2017-05-06 12:00:00,2017-05
2017-05-07 12:00:00,1.1723849,-6.3547826,6.4620233,349.54712,2017-05-07 12:00:00,2017-05
2017-05-08 12:00:00,-1.8538195,-5.9740725,6.2550926,17.239685,2017-05-08 12:00:00,2017-05
2017-05-09 12:00:00,2.8142474,-3.3695014,4.3901625,320.13098,2017-05-09 12:00:00,2017-05
2017-05-10 12:00:00,2.0804875,-0.13973172,2.0851746,273.84238,2017-05-10 12:00:00,2017-05
2017-05-11 12:00:00,-3.4182131,1.3539362,3.6765914,111.60826,2017-05-11 12:00:00,2017-05
2017-05-12 12:00:00,-4.957602,3.1630344,5.8806977,122.538574,2017-05-12 12:00:00,2017-05
2017-05-13 12:00:00,-1.9850045,4.3897085,4.817653,155.66776,2017-05-13 12:00:00,2017-05
2017-05-14 12:00:00,1.1127876,4.24922,4.3925123,194.6751,2017-05-14 12:00:00,2017-05
2017-05-15 12:00:00,-0.013106183,5.7129445,5.7129593,179.86856,2017-05-15 12:00:00,2017-05
2017-05-16 12:00:00,0.95424116,6.739629,6.8068476,188.05875,2017-05-16 12:00:00,2017-05
2017-05-17 12:00:00,-1.1396072,3.456293,3.6393223,161.7516,2017-05-17 12:00:00,2017-05
2017-05-18 12:00:00,2.4799209,-0.7564928,2.5927377,286.96417,2017-05-18 12:00:00,2017-05
2017-05-19 12:00:00,-0.1522694,-0.9953246,1.0069047,8.697952,2017-05-19 12:00:00,2017-05
2017-05-20 12:00:00,1.1893748,4.769728,4.9157825,194.00168,2017-05-20 12:00:00,2017-05
2017-05-21 12:00:00,2.0633872,3.562762,4.11714,210.07744,2017-05-21 12:00:00,2017-05
2017-05-22 12:00:00,-1.5208838,3.1481955,3.4963155,154.21495,2017-05-22 12:00:00,2017-05
2017-05-23 12:00:00,3.622183,-0.3839079,3.642471,276.05008,2017-05-23 12:00:00,2017-05
2017-05-24 12:00:00,3.9203944,-1.6406881,4.2498646,292.70935,2017-05-24 12:00:00,2017-05
2017-05-25 12:00:00,2.2882867,-1.206816,2.5870178,297.80664,2017-05-25 12:00:00,2017-05
2017-05-26 12:00:00,-1.1001699,2.08344,2.3560765,152.16351,2017-05-26 12:00:00,2017-05
2017-05-27 12:00:00,-2.8362162,5.614584,6.290284,153.19931,2017-05-27 12:00:00,2017-05
2017-05-28 12:00:00,4.0937443,0.83295923,4.1776266,258.49896,2017-05-28 12:00:00,2017-05
2017-05-29 12:00:00,0.23367155,-1.5833706,1.6005201,351.60495,2017-05-29 12:00:00,2017-05
2017-05-30 12:00:00,3.7346594,1.5292357,4.0356216,247.7323,2017-05-30 12:00:00,2017-05
2017-05-31 12:00:00,5.071854,-3.042244,5.9143004,300.95654,2017-05-31 12:00:00,2017-05
2017-06-01 12:00:00,0.45405477,2.0954494,2.1440787,192.22618,2017-06-01 12:00:00,2017-06
2017-06-02 12:00:00,-0.098973446,2.5993385,2.601222,177.81944,2017-06-02 12:00:00,2017-06
2017-06-03 12:00:00,-0.24209689,0.5914015,0.63903576,157.7377,2017-06-03 12:00:00,2017-06
2017-06-04 12:00:00,4.39921,0.14486408,4.401594,268.11395,2017-06-04 12:00:00,2017-06
2017-06-05 12:00:00,1.5851227,5.709665,5.925613,195.51576,2017-06-05 12:00:00,2017-06
2017-06-06 12:00:00,-2.9983475,6.181315,6.8701344,154.12354,2017-06-06 12:00:00,2017-06
2017-06-07 12:00:00,4.9061475,0.33588246,4.9176316,266.08356,2017-06-07 12:00:00,2017-06
2017-06-08 12:00:00,2.7486255,4.7359276,5.4757605,210.12991,2017-06-08 12:00:00,2017-06
2017-06-09 12:00:00,1.5139284,3.553217,3.8622959,203.07753,2017-06-09 12:00:00,2017-06
2017-06-10 12:00:00,2.0463548,4.6145663,5.047949,203.91516,2017-06-10 12:00:00,2017-06
2017-06-11 12:00:00,3.1459057,5.7783647,6.5792265,208.56512,2017-06-11 12:00:00,2017-06
2017-06-12 12:00:00,7.992898,1.0147542,8.057055,262.7646,2017-06-12 12:00:00,2017-06
2017-06-13 12:00:00,4.8854136,-0.5525724,4.916564,276.4531,2017-06-13 12:00:00,2017-06
2017-06-14 12:00:00,0.8135125,2.3012922,2.44085,199.46863,2017-06-14 12:00:00,2017-06
2017-06-15 12:00:00,0.57088333,5.0925364,5.1244354,186.39627,2017-06-15 12:00:00,2017-06
2017-06-16 12:00:00,6.5866237,-2.6314864,7.0928364,291.77768,2017-06-16 12:00:00,2017-06
2017-06-17 12:00:00,4.0529275,1.0090208,4.176643,256.0198,2017-06-17 12:00:00,2017-06
2017-06-18 12:00:00,3.003712,1.6549712,3.429463,241.14632,2017-06-18 12:00:00,2017-06
2017-06-19 12:00:00,1.6450123,1.7772729,2.4217274,222.7868,2017-06-19 12:00:00,2017-06
2017-06-20 12:00:00,1.8840026,-3.309506,3.8081877,330.34842,2017-06-20 12:00:00,2017-06
2017-06-21 12:00:00,-0.5722976,1.3707796,1.4854499,157.33957,2017-06-21 12:00:00,2017-06
2017-06-22 12:00:00,1.9397666,1.2410606,2.3028083,237.38893,2017-06-22 12:00:00,2017-06
2017-06-23 12:00:00,5.640975,4.344844,7.120271,232.39548,2017-06-23 12:00:00,2017-06
2017-06-24 12:00:00,7.3640385,2.211061,7.688813,253.28755,2017-06-24 12:00:00,2017-06
2017-06-25 12:00:00,8.230743,-0.07419048,8.231078,270.51642,2017-06-25 12:00:00,2017-06
2017-06-26 12:00:00,4.6287913,-3.742525,5.9524956,308.95663,2017-06-26 12:00:00,2017-06
2017-06-27 12:00:00,-2.077512,-0.9181398,2.2713513,66.15736,2017-06-27 12:00:00,2017-06
2017-06-28 12:00:00,-4.3790836,-1.8234736,4.743567,67.39291,2017-06-28 12:00:00,2017-06
2017-06-29 12:00:00,-3.0389166,-0.09502188,3.040402,88.209045,2017-06-29 12:00:00,2017-06
2017-06-30 12:00:00,0.5548387,-3.3699877,3.4153569,350.65063,2017-06-30 12:00:00,2017-06
2017-07-01 12:00:00,3.162379,-3.2918098,4.5647182,316.14883,2017-07-01 12:00:00,2017-07
2017-07-02 12:00:00,7.8849077,-2.213327,8.189664,285.67966,2017-07-02 12:00:00,2017-07
2017-07-03 12:00:00,5.690443,0.17475078,5.6931257,268.24103,2017-07-03 12:00:00,2017-07
2017-07-04 12:00:00,2.311383,-1.4218935,2.7137194,301.59857,2017-07-04 12:00:00,2017-07
2017-07-05 12:00:00,0.6374303,-1.9456412,2.0473976,341.86017,2017-07-05 12:00:00,2017-07
2017-07-06 12:00:00,-0.87980634,3.0421734,3.1668403,163.86996,2017-07-06 12:00:00,2017-07
2017-07-07 12:00:00,2.6379302,0.69551176,2.7280784,255.22963,2017-07-07 12:00:00,2017-07
2017-07-08 12:00:00,3.841248,-2.319622,4.4872966,301.1266,2017-07-08 12:00:00,2017-07
2017-07-09 12:00:00,2.8499622,3.214087,4.295654,221.56372,2017-07-09 12:00:00,2017-07
2017-07-10 12:00:00,0.58249384,0.6824609,0.8972469,220.48141,2017-07-10 12:00:00,2017-07
2017-07-11 12:00:00,3.1820993,-0.4661747,3.2160652,278.33447,2017-07-11 12:00:00,2017-07
2017-07-12 12:00:00,2.8660593,-7.0722184,7.6308956,337.93945,2017-07-12 12:00:00,2017-07
2017-07-13 12:00:00,2.4255333,1.4555613,2.8287578,239.03204,2017-07-13 12:00:00,2017-07
2017-07-14 12:00:00,3.4792874,-0.7076246,3.5505173,281.49612,2017-07-14 12:00:00,2017-07
2017-07-15 12:00:00,2.5165443,4.644001,5.2820206,208.45288,2017-07-15 12:00:00,2017-07
2017-07-16 12:00:00,5.8418856,-0.1677306,5.844293,271.6446,2017-07-16 12:00:00,2017-07
2017-07-17 12:00:00,5.6082654,-0.54567426,5.6347494,275.55728,2017-07-17 12:00:00,2017-07
2017-07-18 12:00:00,-0.35149363,-0.5202604,0.62786835,34.043396,2017-07-18 12:00:00,2017-07
2017-07-19 12:00:00,-5.1560664,1.6181499,5.40402,107.423645,2017-07-19 12:00:00,2017-07
2017-07-20 12:00:00,-2.101956,3.8195896,4.3597574,151.1756,2017-07-20 12:00:00,2017-07
2017-07-21 12:00:00,-0.9341452,2.7199144,2.8758583,161.04514,2017-07-21 12:00:00,2017-07
2017-07-22 12:00:00,-3.790337,2.0125713,4.291515,117.96715,2017-07-22 12:00:00,2017-07
2017-07-23 12:00:00,-0.4368717,-0.5932942,0.7367869,36.366043,2017-07-23 12:00:00,2017-07
2017-07-24 12:00:00,-0.80593467,-2.8225307,2.9353383,15.935974,2017-07-24 12:00:00,2017-07
2017-07-25 12:00:00,0.09497947,-4.2688336,4.2698903,358.7254,2017-07-25 12:00:00,2017-07
2017-07-26 12:00:00,-0.6231898,3.348414,3.4059126,169.45703,2017-07-26 12:00:00,2017-07
2017-07-27 12:00:00,4.3019395,2.887333,5.1810594,236.13167,2017-07-27 12:00:00,2017-07
2017-07-28 12:00:00,3.819083,4.301919,5.7525563,221.59747,2017-07-28 12:00:00,2017-07
2017-07-29 12:00:00,4.20117,4.0178566,5.8131747,226.27768,2017-07-29 12:00:00,2017-07
2017-07-30 12:00:00,2.3764977,3.0134625,3.8377986,218.26025,2017-07-30 12:00:00,2017-07
2017-07-31 12:00:00,3.8593035,5.2043924,6.479192,216.55869,2017-07-31 12:00:00,2017-07
2017-08-01 12:00:00,1.9203707,4.2218623,4.6380973,204.45905,2017-08-01 12:00:00,2017-08
2017-08-02 12:00:00,2.7405918,4.2307777,5.0408654,212.93416,2017-08-02 12:00:00,2017-08
2017-08-03 12:00:00,2.9936342,5.0787587,5.8953915,210.51689,2017-08-03 12:00:00,2017-08
2017-08-04 12:00:00,7.0329585,1.7423373,7.2455673,256.08575,2017-08-04 12:00:00,2017-08
2017-08-05 12:00:00,6.117498,-1.602328,6.3238626,284.6775,2017-08-05 12:00:00,2017-08
2017-08-06 12:00:00,6.1746793,0.8090053,6.227452,262.53564,2017-08-06 12:00:00,2017-08
2017-08-07 12:00:00,3.251936,3.8403432,5.0322285,220.25734,2017-08-07 12:00:00,2017-08
2017-08-08 12:00:00,-2.5006337,-0.56056845,2.562695,77.36486,2017-08-08 12:00:00,2017-08
2017-08-09 12:00:00,1.9148215,-3.1180158,3.6590385,328.44525,2017-08-09 12:00:00,2017-08
2017-08-10 12:00:00,2.9458513,-1.7514551,3.4271905,300.73358,2017-08-10 12:00:00,2017-08
2017-08-11 12:00:00,3.5901244,4.728905,5.9373007,217.2053,2017-08-11 12:00:00,2017-08
2017-08-12 12:00:00,4.411129,-2.0878985,4.8803053,295.32935,2017-08-12 12:00:00,2017-08
2017-08-13 12:00:00,4.131894,-1.1730112,4.295172,285.84882,2017-08-13 12:00:00,2017-08
2017-08-14 12:00:00,-1.6438711,4.7370825,5.014206,160.8621,2017-08-14 12:00:00,2017-08
2017-08-15 12:00:00,0.7761723,3.978489,4.0534945,191.0393,2017-08-15 12:00:00,2017-08
2017-08-16 12:00:00,1.9862943,3.8569474,4.3383646,207.24808,2017-08-16 12:00:00,2017-08
2017-08-17 12:00:00,0.82966644,6.5161104,6.568717,187.25616,2017-08-17 12:00:00,2017-08
2017-08-18 12:00:00,2.857932,5.1831465,5.91885,208.87187,2017-08-18 12:00:00,2017-08
2017-08-19 12:00:00,7.296844,3.185876,7.9620185,246.41342,2017-08-19 12:00:00,2017-08
2017-08-20 12:00:00,6.6273766,-2.6765256,7.1474404,291.99176,2017-08-20 12:00:00,2017-08
2017-08-21 12:00:00,2.423148,-1.6362782,2.9238763,304.02997,2017-08-21 12:00:00,2017-08
2017-08-22 12:00:00,-0.66236573,-0.8088325,1.045437,39.314606,2017-08-22 12:00:00,2017-08
2017-08-23 12:00:00,-2.5737684,3.7993908,4.58908,145.88565,2017-08-23 12:00:00,2017-08
2017-08-24 12:00:00,3.3089576,0.9061589,3.4307907,254.685,2017-08-24 12:00:00,2017-08
2017-08-25 12:00:00,2.7435184,0.27360463,2.7571275,264.30484,2017-08-25 12:00:00,2017-08
2017-08-26 12:00:00,1.1801317,0.9634498,1.5234652,230.77208,2017-08-26 12:00:00,2017-08
2017-08-27 12:00:00,2.2111797,0.46724135,2.2600067,258.06842,2017-08-27 12:00:00,2017-08
2017-08-28 12:00:00,1.8216473,6.0575824,6.3255596,196.73718,2017-08-28 12:00:00,2017-08
2017-08-29 12:00:00,3.7963603,1.3626485,4.033505,250.25513,2017-08-29 12:00:00,2017-08
2017-08-30 12:00:00,1.2450886,-0.61017406,1.3865633,296.10785,2017-08-30 12:00:00,2017-08
2017-08-31 12:00:00,4.083118,-1.8341831,4.476168,294.19016,2017-08-31 12:00:00,2017-08
2017-09-01 12:00:00,2.1361158,-1.5807328,2.6573873,306.50156,2017-09-01 12:00:00,2017-09
2017-09-02 12:00:00,0.6280419,-1.1465927,1.3073299,331.28845,2017-09-02 12:00:00,2017-09
2017-09-03 12:00:00,-2.6168962,3.7675982,4.587259,145.21695,2017-09-03 12:00:00,2017-09
2017-09-04 12:00:00,-2.7836614,5.20077,5.8988795,151.84251,2017-09-04 12:00:00,2017-09
2017-09-05 12:00:00,0.5933879,5.55957,5.5911474,186.09227,2017-09-05 12:00:00,2017-09
2017-09-06 12:00:00,5.686569,-1.7792563,5.9584246,287.37424,2017-09-06 12:00:00,2017-09
2017-09-07 12:00:00,3.1299956,2.3323815,3.903444,233.30759,2017-09-07 12:00:00,2017-09
2017-09-08 12:00:00,3.1365247,2.667728,4.1175914,229.61763,2017-09-08 12:00:00,2017-09
2017-09-09 12:00:00,2.2409227,0.39310706,2.2751412,260.0503,2017-09-09 12:00:00,2017-09
2017-09-10 12:00:00,3.5909262,6.7615747,7.6559544,207.9718,2017-09-10 12:00:00,2017-09
2017-09-11 12:00:00,3.4792244,6.8545384,7.6869826,206.91142,2017-09-11 12:00:00,2017-09
2017-09-12 12:00:00,7.3703613,0.25765944,7.3748636,267.9978,2017-09-12 12:00:00,2017-09
2017-09-13 12:00:00,4.505449,-0.4658022,4.529464,275.90262,2017-09-13 12:00:00,2017-09
2017-09-14 12:00:00,4.8918805,-5.199266,7.138828,316.74475,2017-09-14 12:00:00,2017-09
2017-09-15 12:00:00,3.319882,-3.6522517,4.935642,317.72928,2017-09-15 12:00:00,2017-09
2017-09-16 12:00:00,-0.24001454,-1.7715565,1.7877414,7.7155914,2017-09-16 12:00:00,2017-09
2017-09-17 12:00:00,-1.3689815,-1.6927966,2.1770785,38.962814,2017-09-17 12:00:00,2017-09
2017-09-18 12:00:00,0.4805339,-2.3646328,2.4129653,348.51294,2017-09-18 12:00:00,2017-09
2017-09-19 12:00:00,3.6738095,-3.1036763,4.809333,310.1915,2017-09-19 12:00:00,2017-09
2017-09-20 12:00:00,3.0298142,2.8682644,4.1721354,226.56895,2017-09-20 12:00:00,2017-09
2017-09-21 12:00:00,-1.4071519,6.861052,7.003864,168.40977,2017-09-21 12:00:00,2017-09
2017-09-22 12:00:00,-0.620752,1.924653,2.0222814,162.1241,2017-09-22 12:00:00,2017-09
2017-09-23 12:00:00,-1.8858515,3.7747507,4.2196183,153.45346,2017-09-23 12:00:00,2017-09
2017-09-24 12:00:00,-3.4766803,3.188837,4.717625,132.52728,2017-09-24 12:00:00,2017-09
2017-09-25 12:00:00,-5.7569284,2.034577,6.1058764,109.46411,2017-09-25 12:00:00,2017-09
2017-09-26 12:00:00,-5.2757792,1.6796205,5.536693,107.65963,2017-09-26 12:00:00,2017-09
2017-09-27 12:00:00,-5.701468,3.9402783,6.9305506,124.648315,2017-09-27 12:00:00,2017-09
2017-09-28 12:00:00,-5.0561047,5.091219,7.1752844,135.19827,2017-09-28 12:00:00,2017-09
2017-09-29 12:00:00,-4.1877885,6.690115,7.8927317,147.9548,2017-09-29 12:00:00,2017-09
2017-09-30 12:00:00,0.24614316,2.6548836,2.6662695,185.29694,2017-09-30 12:00:00,2017-09
2017-10-01 12:00:00,-1.2401048,9.187264,9.270582,172.31264,2017-10-01 12:00:00,2017-10
2017-10-02 12:00:00,9.180194,4.351963,10.159505,244.63623,2017-10-02 12:00:00,2017-10
2017-10-03 12:00:00,10.56258,-3.6868985,11.187552,289.24167,2017-10-03 12:00:00,2017-10
2017-10-04 12:00:00,11.2895565,0.2745215,11.292893,268.60706,2017-10-04 12:00:00,2017-10
2017-10-05 12:00:00,7.8243413,-7.3061514,10.705147,313.03848,2017-10-05 12:00:00,2017-10
2017-10-06 12:00:00,5.4406633,-7.41027,9.193091,323.71365,2017-10-06 12:00:00,2017-10
2017-10-07 12:00:00,5.320619,-1.2563155,5.4669294,283.28546,2017-10-07 12:00:00,2017-10
2017-10-08 12:00:00,2.1665516,-3.2271502,3.8869581,326.1245,2017-10-08 12:00:00,2017-10
2017-10-09 12:00:00,2.0060208,2.0961773,2.9013927,223.74098,2017-10-09 12:00:00,2017-10
2017-10-10 12:00:00,6.8370447,2.3032763,7.2145867,251.38226,2017-10-10 12:00:00,2017-10
2017-10-11 12:00:00,6.1250844,6.837762,9.179959,221.85313,2017-10-11 12:00:00,2017-10
2017-10-12 12:00:00,9.870012,0.0114041995,9.870019,269.93378,2017-10-12 12:00:00,2017-10
2017-10-13 12:00:00,4.7865834,7.8590755,9.201981,211.34358,2017-10-13 12:00:00,2017-10
2017-10-14 12:00:00,6.2519426,4.038764,7.4430103,237.13748,2017-10-14 12:00:00,2017-10
2017-10-15 12:00:00,2.4869008,8.190547,8.559774,196.8899,2017-10-15 12:00:00,2017-10
2017-10-16 12:00:00,0.24011764,3.6186025,3.6265604,183.79639,2017-10-16 12:00:00,2017-10
2017-10-17 12:00:00,6.7795634,5.737249,8.881357,229.76021,2017-10-17 12:00:00,2017-10
2017-10-18 12:00:00,-2.1180143,-0.5603912,2.1908956,75.18009,2017-10-18 12:00:00,2017-10
2017-10-19 12:00:00,-4.78449,4.931223,6.87083,135.86525,2017-10-19 12:00:00,2017-10
2017-10-20 12:00:00,-1.926566,5.009299,5.367004,158.96336,2017-10-20 12:00:00,2017-10
2017-10-21 12:00:00,-3.3164935,7.770763,8.448898,156.88763,2017-10-21 12:00:00,2017-10
2017-10-22 12:00:00,0.6433664,2.3473961,2.4339657,195.32706,2017-10-22 12:00:00,2017-10
2017-10-23 12:00:00,-1.6849939,2.6135542,3.1096416,147.18958,2017-10-23 12:00:00,2017-10
2017-10-24 12:00:00,2.4031348,7.0533686,7.4515142,198.81436,2017-10-24 12:00:00,2017-10
2017-10-25 12:00:00,7.552834,0.46811604,7.567327,266.4534,2017-10-25 12:00:00,2017-10
2017-10-26 12:00:00,6.9807415,-1.6666241,7.1769342,283.42776,2017-10-26 12:00:00,2017-10
2017-10-27 12:00:00,6.435758,-5.2117133,8.281361,309.00073,2017-10-27 12:00:00,2017-10
2017-10-28 12:00:00,9.82341,-2.9740376,10.263737,286.8437,2017-10-28 12:00:00,2017-10
2017-10-29 12:00:00,4.2740936,-10.888609,11.697422,338.56854,2017-10-29 12:00:00,2017-10
2017-10-30 12:00:00,3.9268878,-4.89895,6.2785473,321.28513,2017-10-30 12:00:00,2017-10
2017-10-31 12:00:00,5.1747446,2.9703188,5.9666386,240.14404,2017-10-31 12:00:00,2017-10
2017-11-01 12:00:00,7.839788,2.779977,8.318086,250.47557,2017-11-01 12:00:00,2017-11
2017-11-02 12:00:00,2.8393683,-5.0423326,5.7868066,330.61584,2017-11-02 12:00:00,2017-11
2017-11-03 12:00:00,4.4654536,4.205082,6.133758,226.72005,2017-11-03 12:00:00,2017-11
2017-11-04 12:00:00,2.1735363,4.820461,5.287826,204.27052,2017-11-04 12:00:00,2017-11
2017-11-05 12:00:00,5.3918715,-4.273682,6.8801622,308.40088,2017-11-05 12:00:00,2017-11
2017-11-06 12:00:00,3.5206988,1.0069046,3.6618543,254.0397,2017-11-06 12:00:00,2017-11
2017-11-07 12:00:00,-0.10375741,7.8947687,7.8954506,179.24702,2017-11-07 12:00:00,2017-11
2017-11-08 12:00:00,0.6443328,2.1580322,2.2521696,196.62427,2017-11-08 12:00:00,2017-11
2017-11-09 12:00:00,9.092066,0.15336438,9.093359,269.03363,2017-11-09 12:00:00,2017-11
2017-11-10 12:00:00,9.184468,-5.3962255,10.652404,300.43585,2017-11-10 12:00:00,2017-11
2017-11-11 12:00:00,7.199936,-4.3971753,8.436481,301.41342,2017-11-11 12:00:00,2017-11
2017-11-12 12:00:00,2.7853174,-8.112684,8.577508,341.05118,2017-11-12 12:00:00,2017-11
2017-11-13 12:00:00,2.7652657,-5.0692573,5.7744317,331.38763,2017-11-13 12:00:00,2017-11
2017-11-14 12:00:00,5.96807,-1.4859824,6.150285,283.9817,2017-11-14 12:00:00,2017-11
2017-11-15 12:00:00,3.6799512,-0.8777349,3.783181,283.4154,2017-11-15 12:00:00,2017-11
2017-11-16 12:00:00,6.822887,4.0272117,7.9227657,239.44876,2017-11-16 12:00:00,2017-11
2017-11-17 12:00:00,8.866824,0.88100666,8.910485,264.3257,2017-11-17 12:00:00,2017-11
2017-11-18 12:00:00,10.134006,-4.629107,11.141216,294.5504,2017-11-18 12:00:00,2017-11
2017-11-19 12:00:00,5.57205,-7.6540504,9.46743,323.94586,2017-11-19 12:00:00,2017-11
2017-11-20 12:00:00,1.9398553,1.5974554,2.5129468,230.52881,2017-11-20 12:00:00,2017-11
2017-11-21 12:00:00,-1.1127157,2.879837,3.0873287,158.87439,2017-11-21 12:00:00,2017-11
2017-11-22 12:00:00,2.977335,7.0047154,7.611213,203.02779,2017-11-22 12:00:00,2017-11
2017-11-23 12:00:00,7.64143,5.126191,9.2015915,236.14464,2017-11-23 12:00:00,2017-11
2017-11-24 12:00:00,7.1448693,1.35653,7.272505,259.24973,2017-11-24 12:00:00,2017-11
2017-11-25 12:00:00,7.3395047,0.8140458,7.3845105,263.67102,2017-11-25 12:00:00,2017-11
2017-11-26 12:00:00,9.013466,-3.6276476,9.716089,291.92328,2017-11-26 12:00:00,2017-11
2017-11-27 12:00:00,5.2652264,1.4858994,5.470878,254.2404,2017-11-27 12:00:00,2017-11
2017-11-28 12:00:00,1.536908,-5.615124,5.821658,344.69257,2017-11-28 12:00:00,2017-11
2017-11-29 12:00:00,0.52508533,-5.764201,5.788068,354.79504,2017-11-29 12:00:00,2017-11
2017-11-30 12:00:00,-0.78560954,-5.6292334,5.6837883,7.944824,2017-11-30 12:00:00,2017-11
2017-12-01 12:00:00,-0.74969226,-4.492801,4.5549207,9.473389,2017-12-01 12:00:00,2017-12
2017-12-02 12:00:00,5.5492325,0.7003479,5.593252,262.80695,2017-12-02 12:00:00,2017-12
2017-12-03 12:00:00,5.474321,-5.2659435,7.595943,313.8885,2017-12-03 12:00:00,2017-12
2017-12-04 12:00:00,5.1879587,-2.935505,5.960881,299.5025,2017-12-04 12:00:00,2017-12
2017-12-05 12:00:00,9.134933,-0.120229684,9.135725,270.75406,2017-12-05 12:00:00,2017-12
2017-12-06 12:00:00,8.165725,3.7000782,8.964911,245.62363,2017-12-06 12:00:00,2017-12
2017-12-07 12:00:00,8.678968,8.660072,12.260561,225.06244,2017-12-07 12:00:00,2017-12
2017-12-08 12:00:00,10.133071,-5.554336,11.555509,298.72888,2017-12-08 12:00:00,2017-12
2017-12-09 12:00:00,8.239775,-4.318764,9.30299,297.66064,2017-12-09 12:00:00,2017-12
2017-12-10 12:00:00,-1.4091568,2.7715352,3.1092007,153.04944,2017-12-10 12:00:00,2017-12
2017-12-11 12:00:00,-4.729619,-1.186927,4.8762784,75.91221,2017-12-11 12:00:00,2017-12
2017-12-12 12:00:00,4.334909,-0.5852896,4.374243,277.68945,2017-12-12 12:00:00,2017-12
2017-12-13 12:00:00,4.9501557,6.224925,7.9532213,218.49225,2017-12-13 12:00:00,2017-12
2017-12-14 12:00:00,5.1701007,1.200021,5.307541,256.9326,2017-12-14 12:00:00,2017-12
2017-12-15 12:00:00,1.3097535,-4.437624,4.626874,343.55615,2017-12-15 12:00:00,2017-12
2017-12-16 12:00:00,3.8088493,-5.877989,7.0041475,327.05737,2017-12-16 12:00:00,2017-12
2017-12-17 12:00:00,3.4339633,5.833243,6.7689605,210.48483,2017-12-17 12:00:00,2017-12
2017-12-18 12:00:00,2.9871187,-2.588353,3.9525244,310.90906,2017-12-18 12:00:00,2017-12
2017-12-19 12:00:00,3.8368871,1.9153429,4.2883844,243.472,2017-12-19 12:00:00,2017-12
2017-12-20 12:00:00,4.8263597,-0.13624777,4.828283,271.61703,2017-12-20 12:00:00,2017-12
2017-12-21 12:00:00,5.544686,-0.62727076,5.5800548,276.45444,2017-12-21 12:00:00,2017-12
2017-12-22 12:00:00,4.428498,0.76142955,4.4934807,260.24402,2017-12-22 12:00:00,2017-12
2017-12-23 12:00:00,10.7738085,1.6241089,10.8955345,261.42743,2017-12-23 12:00:00,2017-12
2017-12-24 12:00:00,7.980359,2.6913416,8.421963,251.36354,2017-12-24 12:00:00,2017-12
2017-12-25 12:00:00,5.620075,4.6763315,7.311178,230.23695,2017-12-25 12:00:00,2017-12
2017-12-26 12:00:00,8.159932,0.2828777,8.164834,268.01453,2017-12-26 12:00:00,2017-12
2017-12-27 12:00:00,1.7089587,-2.4192307,2.9619617,324.7624,2017-12-27 12:00:00,2017-12
2017-12-28 12:00:00,5.351139,-3.0815504,6.175001,299.93625,2017-12-28 12:00:00,2017-12
2017-12-29 12:00:00,1.5986917,4.837098,5.0944414,198.28905,2017-12-29 12:00:00,2017-12
2017-12-30 12:00:00,1.1502697,4.7094097,4.847851,193.72571,2017-12-30 12:00:00,2017-12
2017-12-31 12:00:00,3.229691,7.37865,8.054525,203.63936,2017-12-31 12:00:00,2017-12
2018-01-01 12:00:00,5.9261007,2.2669563,6.3449006,249.06625,2018-01-01 12:00:00,2018-01
2018-01-02 12:00:00,4.0778184,2.441516,4.752852,239.08974,2018-01-02 12:00:00,2018-01
2018-01-03 12:00:00,3.6363056,-1.9864793,4.143527,298.64737,2018-01-03 12:00:00,2018-01
2018-01-04 12:00:00,-0.38679004,1.3892374,1.4420773,164.44179,2018-01-04 12:00:00,2018-01
2018-01-05 12:00:00,-0.28257757,0.3593874,0.45717543,141.82289,2018-01-05 12:00:00,2018-01
2018-01-06 12:00:00,-1.8141714,-5.8813424,6.154787,17.14302,2018-01-06 12:00:00,2018-01
2018-01-07 12:00:00,0.945083,-0.34841707,1.0072619,290.23706,2018-01-07 12:00:00,2018-01
2018-01-08 12:00:00,-3.9894695,3.040246,5.015871,127.30986,2018-01-08 12:00:00,2018-01
2018-01-09 12:00:00,-7.213376,5.0088463,8.781876,124.77547,2018-01-09 12:00:00,2018-01
2018-01-10 12:00:00,-3.1867173,4.173868,5.251318,142.63853,2018-01-10 12:00:00,2018-01
2018-01-11 12:00:00,-1.8496097,0.3724424,1.8867352,101.384995,2018-01-11 12:00:00,2018-01
2018-01-12 12:00:00,-4.3048573,2.498656,4.977457,120.13205,2018-01-12 12:00:00,2018-01
2018-01-13 12:00:00,-5.328689,6.653617,8.524408,141.30977,2018-01-13 12:00:00,2018-01
2018-01-14 12:00:00,-3.4992843,8.144399,8.864323,156.74896,2018-01-14 12:00:00,2018-01
2018-01-15 12:00:00,0.77483505,9.854178,9.884595,184.49593,2018-01-15 12:00:00,2018-01
2018-01-16 12:00:00,8.584574,1.4562207,8.70721,260.37244,2018-01-16 12:00:00,2018-01
2018-01-17 12:00:00,7.192618,-0.496847,7.209758,273.95154,2018-01-17 12:00:00,2018-01
2018-01-18 12:00:00,4.301142,-2.6830218,5.069362,301.95563,2018-01-18 12:00:00,2018-01
2018-01-19 12:00:00,4.977726,2.4997036,5.570123,243.3352,2018-01-19 12:00:00,2018-01
2018-01-20 12:00:00,1.3878015,2.1208518,2.534562,213.19914,2018-01-20 12:00:00,2018-01
2018-01-21 12:00:00,-0.17360865,3.1017048,3.1065598,176.79639,2018-01-21 12:00:00,2018-01
2018-01-22 12:00:00,1.1146954,2.9312158,3.136012,200.82103,2018-01-22 12:00:00,2018-01
2018-01-23 12:00:00,1.8297116,9.47033,9.645466,190.93507,2018-01-23 12:00:00,2018-01
2018-01-24 12:00:00,6.8190513,10.848929,12.814005,212.15125,2018-01-24 12:00:00,2018-01
2018-01-25 12:00:00,5.4704947,4.7626324,7.253205,228.95705,2018-01-25 12:00:00,2018-01
2018-01-26 12:00:00,2.5517685,-1.5736215,2.9979672,301.66125,2018-01-26 12:00:00,2018-01
2018-01-27 12:00:00,1.3698148,9.821227,9.916295,187.9401,2018-01-27 12:00:00,2018-01
2018-01-28 12:00:00,10.088611,2.052432,10.295268,258.50064,2018-01-28 12:00:00,2018-01
2018-01-29 12:00:00,9.153061,-1.3577492,9.253216,278.43762,2018-01-29 12:00:00,2018-01
2018-01-30 12:00:00,6.8940635,3.0873775,7.5538077,245.87567,2018-01-30 12:00:00,2018-01
2018-01-31 12:00:00,8.162925,3.720454,8.970792,245.4977,2018-01-31 12:00:00,2018-01
2018-02-01 12:00:00,4.957736,-2.4977555,5.55139,296.7394,2018-02-01 12:00:00,2018-02
2018-02-02 12:00:00,-0.8034293,-4.68516,4.7535486,9.730667,2018-02-02 12:00:00,2018-02
2018-02-03 12:00:00,-3.1330597,1.1827626,3.348879,110.682045,2018-02-03 12:00:00,2018-02
2018-02-04 12:00:00,-4.1021476,-3.4435697,5.3559113,49.988052,2018-02-04 12:00:00,2018-02
2018-02-05 12:00:00,-3.0736525,2.3455944,3.8664134,127.34832,2018-02-05 12:00:00,2018-02
2018-02-06 12:00:00,0.21402419,1.3520839,1.3689183,188.99484,2018-02-06 12:00:00,2018-02
2018-02-07 12:00:00,2.3398786,-0.94639385,2.5240233,292.02148,2018-02-07 12:00:00,2018-02
2018-02-08 12:00:00,3.3284938,6.413914,7.2261443,207.427,2018-02-08 12:00:00,2018-02
2018-02-09 12:00:00,1.2119652,4.3342376,4.5004973,195.62238,2018-02-09 12:00:00,2018-02
2018-02-10 12:00:00,1.612683,8.592685,8.74271,190.62967,2018-02-10 12:00:00,2018-02
2018-02-11 12:00:00,3.5388637,-0.2559255,3.5481055,274.13635,2018-02-11 12:00:00,2018-02
2018-02-12 12:00:00,8.033971,-1.773478,8.227387,282.44824,2018-02-12 12:00:00,2018-02
2018-02-13 12:00:00,-0.36047155,10.028915,10.035392,177.9415,2018-02-13 12:00:00,2018-02
2018-02-14 12:00:00,-2.8928955,11.36013,11.722688,165.7131,2018-02-14 12:00:00,2018-02
2018-02-15 12:00:00,2.342229,7.0292788,7.4092374,198.4286,2018-02-15 12:00:00,2018-02
2018-02-16 12:00:00,5.9566574,0.5923795,5.9860406,264.3207,2018-02-16 12:00:00,2018-02
2018-02-17 12:00:00,0.64989334,5.1609936,5.201751,187.17714,2018-02-17 12:00:00,2018-02
2018-02-18 12:00:00,1.9869958,3.8338034,4.318125,207.39694,2018-02-18 12:00:00,2018-02
2018-02-19 12:00:00,-2.1131928,2.2926328,3.117972,137.33224,2018-02-19 12:00:00,2018-02
2018-02-20 12:00:00,-2.4955611,1.87621,3.122177,126.93654,2018-02-20 12:00:00,2018-02
2018-02-21 12:00:00,-0.23789203,-1.6449897,1.6621022,8.228851,2018-02-21 12:00:00,2018-02
2018-02-22 12:00:00,-2.6199055,2.0176253,3.3067682,127.600365,2018-02-22 12:00:00,2018-02
2018-02-23 12:00:00,-2.7594244,2.7419538,3.8900816,134.81805,2018-02-23 12:00:00,2018-02
2018-02-24 12:00:00,-5.8118215,4.04622,7.0816073,124.84584,2018-02-24 12:00:00,2018-02
2018-02-25 12:00:00,-5.160993,1.5123924,5.3780274,106.332855,2018-02-25 12:00:00,2018-02
2018-02-26 12:00:00,-4.2745347,-2.932567,5.183782,55.54773,2018-02-26 12:00:00,2018-02
2018-02-27 12:00:00,-7.5280457,-2.6779096,7.990161,70.41829,2018-02-27 12:00:00,2018-02
2018-02-28 12:00:00,-10.337673,0.708017,10.361891,93.918015,2018-02-28 12:00:00,2018-02
2018-03-01 12:00:00,-10.952664,-0.2733036,10.956074,88.570595,2018-03-01 12:00:00,2018-03
2018-03-02 12:00:00,-9.719365,-0.8657013,9.757843,84.91012,2018-03-02 12:00:00,2018-03
2018-03-03 12:00:00,-7.6370444,2.6788168,8.093238,109.32915,2018-03-03 12:00:00,2018-03
2018-03-04 12:00:00,-6.2561536,3.8702273,7.3565016,121.742065,2018-03-04 12:00:00,2018-03
2018-03-05 12:00:00,-3.252388,1.6131524,3.6304667,116.38097,2018-03-05 12:00:00,2018-03
2018-03-06 12:00:00,-4.4190025,1.6772662,4.726606,110.784645,2018-03-06 12:00:00,2018-03
2018-03-07 12:00:00,-2.3339534,2.7407463,3.599865,139.58308,2018-03-07 12:00:00,2018-03
2018-03-08 12:00:00,-1.5305712,5.046716,5.273708,163.12846,2018-03-08 12:00:00,2018-03
2018-03-09 12:00:00,1.668063,3.501169,3.8782237,205.47455,2018-03-09 12:00:00,2018-03
2018-03-10 12:00:00,-3.975197,4.165199,5.757697,136.33708,2018-03-10 12:00:00,2018-03
2018-03-11 12:00:00,-4.311441,1.2294791,4.4833183,105.91638,2018-03-11 12:00:00,2018-03
2018-03-12 12:00:00,-1.5533192,-1.0650429,1.8833791,55.563293,2018-03-12 12:00:00,2018-03
2018-03-13 12:00:00,1.9132136,-3.9075344,4.3507714,333.91263,2018-03-13 12:00:00,2018-03
2018-03-14 12:00:00,-3.5359738,4.3388247,5.5971875,140.8213,2018-03-14 12:00:00,2018-03
2018-03-15 12:00:00,-10.511861,4.44117,11.411539,112.90364,2018-03-15 12:00:00,2018-03
2018-03-16 12:00:00,-10.623778,1.9157169,10.795121,100.22193,2018-03-16 12:00:00,2018-03
2018-03-17 12:00:00,-10.904123,-1.2907817,10.980256,83.249,2018-03-17 12:00:00,2018-03
2018-03-18 12:00:00,-7.9804983,-1.3780742,8.098607,80.202774,2018-03-18 12:00:00,2018-03
2018-03-19 12:00:00,-0.28822145,-5.0048075,5.0130997,3.2959747,2018-03-19 12:00:00,2018-03
2018-03-20 12:00:00,0.7477904,-4.909428,4.966052,351.33942,2018-03-20 12:00:00,2018-03
2018-03-21 12:00:00,5.9470673,2.1541724,6.325193,250.08838,2018-03-21 12:00:00,2018-03
2018-03-22 12:00:00,3.7359831,-1.5675808,4.051528,292.76242,2018-03-22 12:00:00,2018-03
2018-03-23 12:00:00,0.14362147,8.850509,8.851674,180.92969,2018-03-23 12:00:00,2018-03
2018-03-24 12:00:00,1.5398904,2.7703328,3.1695437,209.0675,2018-03-24 12:00:00,2018-03
2018-03-25 12:00:00,3.1007864,-0.38189042,3.1242146,277.02115,2018-03-25 12:00:00,2018-03
2018-03-26 12:00:00,1.7262168,-0.781007,1.8946757,294.3438,2018-03-26 12:00:00,2018-03
2018-03-27 12:00:00,-5.112942,5.1451807,7.253624,135.18007,2018-03-27 12:00:00,2018-03
2018-03-28 12:00:00,-5.461457,3.1757188,6.31765,120.17708,2018-03-28 12:00:00,2018-03
2018-03-29 12:00:00,-3.7080948,1.7695383,4.108678,115.510925,2018-03-29 12:00:00,2018-03
2018-03-30 12:00:00,-6.485879,1.7483858,6.7174015,105.08651,2018-03-30 12:00:00,2018-03
2018-03-31 12:00:00,-4.2776504,-0.17387938,4.281183,87.67231,2018-03-31 12:00:00,2018-03
2018-04-01 12:00:00,0.74313265,-3.426085,3.505753,347.76187,2018-04-01 12:00:00,2018-04
2018-04-02 12:00:00,-2.3469448,2.221623,3.2316804,133.4287,2018-04-02 12:00:00,2018-04
2018-04-03 12:00:00,-1.4518775,4.527974,4.7550497,162.22176,2018-04-03 12:00:00,2018-04
2018-04-04 12:00:00,-0.059817754,3.0801368,3.0807176,178.88742,2018-04-04 12:00:00,2018-04
2018-04-05 12:00:00,7.2458563,-4.27944,8.415227,300.5663,2018-04-05 12:00:00,2018-04
2018-04-06 12:00:00,-2.6072562,4.4264126,5.1372085,149.50096,2018-04-06 12:00:00,2018-04
2018-04-07 12:00:00,-1.7070869,4.7831216,5.078622,160.35861,2018-04-07 12:00:00,2018-04
2018-04-08 12:00:00,0.064007334,-0.015676862,0.065899186,283.76212,2018-04-08 12:00:00,2018-04
2018-04-09 12:00:00,-0.5049562,-1.5506226,1.6307701,18.03772,2018-04-09 12:00:00,2018-04
2018-04-10 12:00:00,-6.584345,-0.93308896,6.6501317,81.93414,2018-04-10 12:00:00,2018-04
2018-04-11 12:00:00,-6.7574415,-0.80547273,6.8052773,83.202545,2018-04-11 12:00:00,2018-04
2018-04-12 12:00:00,-7.241477,-2.0344572,7.521835,74.30756,2018-04-12 12:00:00,2018-04
2018-04-13 12:00:00,-4.3391066,0.49777392,4.367565,96.54426,2018-04-13 12:00:00,2018-04
2018-04-14 12:00:00,0.46305302,0.60597456,0.76264226,217.3851,2018-04-14 12:00:00,2018-04
2018-04-15 12:00:00,-1.7824519,1.7335432,2.4864244,134.20305,2018-04-15 12:00:00,2018-04
2018-04-16 12:00:00,0.6072693,3.8640733,3.911501,188.93143,2018-04-16 12:00:00,2018-04
2018-04-17 12:00:00,0.15489362,7.9727063,7.9742107,181.113,2018-04-17 12:00:00,2018-04
2018-04-18 12:00:00,1.3469366,4.7721763,4.958619,195.76161,2018-04-18 12:00:00,2018-04
2018-04-19 12:00:00,-1.4225132,4.9214444,5.1229053,163.87839,2018-04-19 12:00:00,2018-04
2018-04-20 12:00:00,3.9252982,0.044623397,3.925552,269.3487,2018-04-20 12:00:00,2018-04
2018-04-21 12:00:00,0.98466206,0.115251556,0.991384,263.3241,2018-04-21 12:00:00,2018-04
2018-04-22 12:00:00,-2.6620688,6.230921,6.7757645,156.86612,2018-04-22 12:00:00,2018-04
2018-04-23 12:00:00,6.661096,2.7419417,7.2033634,247.6262,2018-04-23 12:00:00,2018-04
2018-04-24 12:00:00,7.1999087,1.9102354,7.4490056,255.14096,2018-04-24 12:00:00,2018-04
2018-04-25 12:00:00,5.3342686,1.5920981,5.5667944,253.38141,2018-04-25 12:00:00,2018-04
2018-04-26 12:00:00,6.1298127,2.8123198,6.744164,245.35464,2018-04-26 12:00:00,2018-04
2018-04-27 12:00:00,1.2511233,1.0907297,1.6598195,228.91806,2018-04-27 12:00:00,2018-04
2018-04-28 12:00:00,0.33431438,-1.7420956,1.7738837,349.13678,2018-04-28 12:00:00,2018-04
2018-04-29 12:00:00,-1.7703557,-3.9654386,4.3426795,24.058212,2018-04-29 12:00:00,2018-04
2018-04-30 12:00:00,-2.401916,-5.4272723,5.935022,23.872467,2018-04-30 12:00:00,2018-04
2018-05-01 12:00:00,3.7982996,1.3225555,4.0219684,250.80205,2018-05-01 12:00:00,2018-05
2018-05-02 12:00:00,-0.78125805,9.726637,9.757962,175.40778,2018-05-02 12:00:00,2018-05
2018-05-03 12:00:00,4.224249,1.4080956,4.452753,251.5649,2018-05-03 12:00:00,2018-05
2018-05-04 12:00:00,1.3553654,4.194687,4.4082212,197.9064,2018-05-04 12:00:00,2018-05
2018-05-05 12:00:00,-0.59410447,4.039401,4.082857,171.63307,2018-05-05 12:00:00,2018-05
2018-05-06 12:00:00,-1.7307045,2.079789,2.7057087,140.23433,2018-05-06 12:00:00,2018-05
2018-05-07 12:00:00,-2.3749902,1.2457151,2.681862,117.677635,2018-05-07 12:00:00,2018-05
2018-05-08 12:00:00,-3.40975,5.5171957,6.485819,148.283,2018-05-08 12:00:00,2018-05
2018-05-09 12:00:00,-1.0105267,3.2413,3.3951716,162.68431,2018-05-09 12:00:00,2018-05
2018-05-10 12:00:00,3.3160882,-0.42341998,3.3430114,277.27652,2018-05-10 12:00:00,2018-05
2018-05-11 12:00:00,-1.3829354,1.8849005,2.337811,143.73282,2018-05-11 12:00:00,2018-05
2018-05-12 12:00:00,-3.5644815,2.409106,4.3022456,124.05336,2018-05-12 12:00:00,2018-05
2018-05-13 12:00:00,-2.6541018,0.5993857,2.7209408,102.725845,2018-05-13 12:00:00,2018-05
2018-05-14 12:00:00,-1.3921392,-3.3875322,3.6624343,22.340698,2018-05-14 12:00:00,2018-05
2018-05-15 12:00:00,-0.62664306,-1.7786839,1.8858415,19.407745,2018-05-15 12:00:00,2018-05
2018-05-16 12:00:00,1.9488175,-8.326044,8.551076,346.82635,2018-05-16 12:00:00,2018-05
2018-05-17 12:00:00,2.4413285,-7.2024446,7.6049514,341.27545,2018-05-17 12:00:00,2018-05
2018-05-18 12:00:00,1.3522195,-3.0406423,3.3277626,336.02454,2018-05-18 12:00:00,2018-05
2018-05-19 12:00:00,0.036346696,0.62428075,0.62533796,183.33209,2018-05-19 12:00:00,2018-05
2018-05-20 12:00:00,-1.400502,4.334792,4.5554175,162.09518,2018-05-20 12:00:00,2018-05
2018-05-21 12:00:00,-3.6724427,2.1718762,4.2666006,120.6,2018-05-21 12:00:00,2018-05
2018-05-22 12:00:00,-1.7342923,-4.1472287,4.49525,22.693756,2018-05-22 12:00:00,2018-05
2018-05-23 12:00:00,-0.9731302,-3.114814,3.263288,17.349854,2018-05-23 12:00:00,2018-05
2018-05-24 12:00:00,-3.644835,-0.8174166,3.7353704,77.3596,2018-05-24 12:00:00,2018-05
2018-05-25 12:00:00,-3.6607363,-0.8294333,3.753525,77.233734,2018-05-25 12:00:00,2018-05
2018-05-26 12:00:00,-3.366482,-3.2893207,4.7066793,45.664215,2018-05-26 12:00:00,2018-05
2018-05-27 12:00:00,-4.3826113,-0.4116758,4.401904,84.633736,2018-05-27 12:00:00,2018-05
2018-05-28 12:00:00,-2.853121,-0.28781193,2.8676012,84.239716,2018-05-28 12:00:00,2018-05
2018-05-29 12:00:00,-3.2002501,-4.1965866,5.2775884,37.328568,2018-05-29 12:00:00,2018-05
2018-05-30 12:00:00,-3.7181346,0.6682728,3.7777128,100.18918,2018-05-30 12:00:00,2018-05
2018-05-31 12:00:00,-2.1634047,0.25524476,2.1784098,96.72882,2018-05-31 12:00:00,2018-05
2018-06-01 12:00:00,-0.023360573,-0.6863037,0.6867011,1.9495087,2018-06-01 12:00:00,2018-06
2018-06-02 12:00:00,1.9337152,-0.6504464,2.0401802,288.59146,2018-06-02 12:00:00,2018-06
2018-06-03 12:00:00,2.5224905,-1.5099092,2.9398613,300.90384,2018-06-03 12:00:00,2018-06
2018-06-04 12:00:00,1.4720279,-5.672323,5.8602147,345.45203,2018-06-04 12:00:00,2018-06
2018-06-05 12:00:00,-1.3326694,-3.3739076,3.6275694,21.55368,2018-06-05 12:00:00,2018-06
2018-06-06 12:00:00,-1.5407748,-0.8095816,1.7405199,62.28086,2018-06-06 12:00:00,2018-06
2018-06-07 12:00:00,-0.2125869,-1.8454893,1.8576932,6.5710907,2018-06-07 12:00:00,2018-06
2018-06-08 12:00:00,0.17085744,-3.1249118,3.129579,356.87042,2018-06-08 12:00:00,2018-06
2018-06-09 12:00:00,0.5391703,-2.2883654,2.3510256,346.74213,2018-06-09 12:00:00,2018-06
2018-06-10 12:00:00,1.9634293,-3.407461,3.932664,330.04883,2018-06-10 12:00:00,2018-06
2018-06-11 12:00:00,2.6658251,-4.529113,5.2554245,329.51904,2018-06-11 12:00:00,2018-06
2018-06-12 12:00:00,2.8490033,-5.722,6.392035,333.53113,2018-06-12 12:00:00,2018-06
2018-06-13 12:00:00,3.8623674,-1.210229,4.0475345,287.3978,2018-06-13 12:00:00,2018-06
2018-06-14 12:00:00,4.6062393,9.9157,10.933369,204.91675,2018-06-14 12:00:00,2018-06
2018-06-15 12:00:00,3.747124,3.559336,5.168154,226.47227,2018-06-15 12:00:00,2018-06
2018-06-16 12:00:00,-0.41321436,3.633677,3.6570964,173.51231,2018-06-16 12:00:00,2018-06
2018-06-17 12:00:00,4.4210215,2.3062994,4.9864264,242.45045,2018-06-17 12:00:00,2018-06
2018-06-18 12:00:00,5.530559,3.6159308,6.6077256,236.82297,2018-06-18 12:00:00,2018-06
2018-06-19 12:00:00,7.026483,1.2182763,7.131315,260.16364,2018-06-19 12:00:00,2018-06
2018-06-20 12:00:00,4.189118,2.1794622,4.7221565,242.5135,2018-06-20 12:00:00,2018-06
2018-06-21 12:00:00,7.1459217,-6.9750266,9.985749,314.30664,2018-06-21 12:00:00,2018-06
2018-06-22 12:00:00,6.421481,-7.3694124,9.774644,318.9321,2018-06-22 12:00:00,2018-06
2018-06-23 12:00:00,5.627711,-3.474604,6.613925,301.6916,2018-06-23 12:00:00,2018-06
2018-06-24 12:00:00,3.3353498,-3.6827614,4.968631,317.83395,2018-06-24 12:00:00,2018-06
2018-06-25 12:00:00,2.5859313,-2.832937,3.8356972,317.60986,2018-06-25 12:00:00,2018-06
2018-06-26 12:00:00,0.91606313,-2.7036154,2.8545942,341.2821,2018-06-26 12:00:00,2018-06
2018-06-27 12:00:00,-0.5098217,-1.2708873,1.3693329,21.858398,2018-06-27 12:00:00,2018-06
2018-06-28 12:00:00,0.66373795,-2.6995287,2.7799287,346.18658,2018-06-28 12:00:00,2018-06
2018-06-29 12:00:00,-1.1626072,-4.9259453,5.0612836,13.27977,2018-06-29 12:00:00,2018-06
2018-06-30 12:00:00,-2.827802,-0.54930353,2.8806593,79.00714,2018-06-30 12:00:00,2018-06
2018-07-01 12:00:00,-4.702715,2.1837287,5.1849976,114.908035,2018-07-01 12:00:00,2018-07
2018-07-02 12:00:00,-0.5171476,-2.662054,2.711821,10.993713,2018-07-02 12:00:00,2018-07
2018-07-03 12:00:00,1.2016706,-4.0998416,4.2723193,343.66406,2018-07-03 12:00:00,2018-07
2018-07-04 12:00:00,1.3162012,-1.9211909,2.328811,325.58508,2018-07-04 12:00:00,2018-07
2018-07-05 12:00:00,3.651437,-2.7868502,4.5934224,307.3516,2018-07-05 12:00:00,2018-07
2018-07-06 12:00:00,3.1397173,-3.124044,4.429162,314.85663,2018-07-06 12:00:00,2018-07
2018-07-07 12:00:00,1.7172667,-2.4654448,3.004567,325.14148,2018-07-07 12:00:00,2018-07
2018-07-08 12:00:00,3.2020378,-1.299393,3.455643,292.0874,2018-07-08 12:00:00,2018-07
2018-07-09 12:00:00,3.1168804,-6.898645,7.570089,335.68604,2018-07-09 12:00:00,2018-07
2018-07-10 12:00:00,-0.21241716,-5.372863,5.37706,2.264038,2018-07-10 12:00:00,2018-07
2018-07-11 12:00:00,0.826956,-4.0953183,4.1779766,348.58392,2018-07-11 12:00:00,2018-07
2018-07-12 12:00:00,1.8531464,-4.0047336,4.4127135,335.16815,2018-07-12 12:00:00,2018-07
2018-07-13 12:00:00,2.4250326,-2.5878162,3.5464878,316.85992,2018-07-13 12:00:00,2018-07
2018-07-14 12:00:00,2.0147605,1.6941488,2.6323752,229.94057,2018-07-14 12:00:00,2018-07
2018-07-15 12:00:00,0.28779557,2.9595387,2.9734988,185.55417,2018-07-15 12:00:00,2018-07
2018-07-16 12:00:00,-0.9342428,2.7900383,2.9422991,161.48691,2018-07-16 12:00:00,2018-07
2018-07-17 12:00:00,1.1140338,1.4477135,1.8267308,217.57874,2018-07-17 12:00:00,2018-07
2018-07-18 12:00:00,2.7833743,-0.15800111,2.7878551,273.24896,2018-07-18 12:00:00,2018-07
2018-07-19 12:00:00,0.25726315,0.095012136,0.27424738,249.72986,2018-07-19 12:00:00,2018-07
2018-07-20 12:00:00,0.93135417,2.1955812,2.3849523,202.9864,2018-07-20 12:00:00,2018-07
2018-07-21 12:00:00,2.0714934,-0.26817247,2.08878,277.3764,2018-07-21 12:00:00,2018-07
2018-07-22 12:00:00,4.1012588,1.0269636,4.227881,255.94208,2018-07-22 12:00:00,2018-07
2018-07-23 12:00:00,2.1156094,2.7494438,3.4691849,217.57713,2018-07-23 12:00:00,2018-07
2018-07-24 12:00:00,1.274581,1.9435294,2.3241909,213.25716,2018-07-24 12:00:00,2018-07
2018-07-25 12:00:00,0.37504035,-0.34824625,0.51179165,312.87842,2018-07-25 12:00:00,2018-07
2018-07-26 12:00:00,-3.2519672,2.0115097,3.823802,121.73894,2018-07-26 12:00:00,2018-07
2018-07-27 12:00:00,-5.2137823,3.6139638,6.3438363,124.728,2018-07-27 12:00:00,2018-07
2018-07-28 12:00:00,-2.420768,4.8554444,5.4254456,153.50064,2018-07-28 12:00:00,2018-07
2018-07-29 12:00:00,-1.847849,8.381317,8.5826,167.56677,2018-07-29 12:00:00,2018-07
2018-07-30 12:00:00,-0.11159258,5.2613163,5.2625,178.78494,2018-07-30 12:00:00,2018-07
2018-07-31 12:00:00,2.0595737,2.9824963,3.6245174,214.62717,2018-07-31 12:00:00,2018-07
2018-08-01 12:00:00,1.1426017,3.1965733,3.3946457,199.66922,2018-08-01 12:00:00,2018-08
2018-08-02 12:00:00,1.6629913,3.5153244,3.888836,205.31738,2018-08-02 12:00:00,2018-08
2018-08-03 12:00:00,1.872298,1.1690859,2.20732,238.01883,2018-08-03 12:00:00,2018-08
2018-08-04 12:00:00,3.799207,-2.918881,4.7910166,307.5346,2018-08-04 12:00:00,2018-08
2018-08-05 12:00:00,4.2132854,-1.28221,4.4040704,286.92633,2018-08-05 12:00:00,2018-08
2018-08-06 12:00:00,2.1683834,3.4190834,4.0487056,212.38287,2018-08-06 12:00:00,2018-08
2018-08-07 12:00:00,-1.2729911,3.5958867,3.8145652,160.50537,2018-08-07 12:00:00,2018-08
2018-08-08 12:00:00,3.805503,2.472347,4.5381002,236.98915,2018-08-08 12:00:00,2018-08
2018-08-09 12:00:00,0.05575322,1.255816,1.257053,182.54204,2018-08-09 12:00:00,2018-08
2018-08-10 12:00:00,6.196217,1.4831192,6.371244,256.539,2018-08-10 12:00:00,2018-08
2018-08-11 12:00:00,4.811827,-1.5829531,5.065513,288.20972,2018-08-11 12:00:00,2018-08
2018-08-12 12:00:00,0.28295302,2.2915652,2.308968,187.03902,2018-08-12 12:00:00,2018-08
2018-08-13 12:00:00,-1.3615197,0.2044323,1.376782,98.53918,2018-08-13 12:00:00,2018-08
2018-08-14 12:00:00,3.720187,-0.26855484,3.7298677,274.12894,2018-08-14 12:00:00,2018-08
2018-08-15 12:00:00,3.5548208,5.010327,6.1432996,215.35565,2018-08-15 12:00:00,2018-08
2018-08-16 12:00:00,4.291785,5.176613,6.724339,219.66118,2018-08-16 12:00:00,2018-08
2018-08-17 12:00:00,5.715361,2.7121863,6.3262396,244.61363,2018-08-17 12:00:00,2018-08
2018-08-18 12:00:00,7.5413675,5.4271574,9.291193,234.25926,2018-08-18 12:00:00,2018-08
2018-08-19 12:00:00,2.596971,2.772696,3.7989607,223.12564,2018-08-19 12:00:00,2018-08
2018-08-20 12:00:00,3.3784428,-2.2892222,4.080982,304.12146,2018-08-20 12:00:00,2018-08
2018-08-21 12:00:00,-0.13170893,2.7049744,2.708179,177.21239,2018-08-21 12:00:00,2018-08
2018-08-22 12:00:00,4.2518177,3.3433058,5.4088492,231.82118,2018-08-22 12:00:00,2018-08
2018-08-23 12:00:00,3.2817862,2.7725973,4.2962093,229.8074,2018-08-23 12:00:00,2018-08
2018-08-24 12:00:00,7.107016,0.12160178,7.108056,269.01974,2018-08-24 12:00:00,2018-08
2018-08-25 12:00:00,5.2791233,-3.5617058,6.3682723,304.00665,2018-08-25 12:00:00,2018-08
2018-08-26 12:00:00,2.559238,4.901554,5.5294604,207.57031,2018-08-26 12:00:00,2018-08
2018-08-27 12:00:00,5.0863075,0.5498909,5.115946,263.8296,2018-08-27 12:00:00,2018-08
2018-08-28 12:00:00,2.1622877,3.2601352,3.9120288,213.55435,2018-08-28 12:00:00,2018-08
2018-08-29 12:00:00,1.0802532,1.251398,1.6531618,220.80197,2018-08-29 12:00:00,2018-08
2018-08-30 12:00:00,2.6006024,-4.249976,4.9825125,328.5371,2018-08-30 12:00:00,2018-08
2018-08-31 12:00:00,0.06640478,-1.4431751,1.444702,357.36548,2018-08-31 12:00:00,2018-08
2018-09-01 12:00:00,0.9902989,3.640511,3.772799,195.2175,2018-09-01 12:00:00,2018-09
2018-09-02 12:00:00,-1.3265651,4.5746055,4.7630653,163.82866,2018-09-02 12:00:00,2018-09
2018-09-03 12:00:00,-1.7638106,-0.47546467,1.8267716,74.91357,2018-09-03 12:00:00,2018-09
2018-09-04 12:00:00,-1.2712895,-2.8042822,3.0789893,24.386627,2018-09-04 12:00:00,2018-09
2018-09-05 12:00:00,-1.1115776,-1.6263062,1.9698925,34.352554,2018-09-05 12:00:00,2018-09
2018-09-06 12:00:00,-0.32972878,-0.3040859,0.4485413,47.31682,2018-09-06 12:00:00,2018-09
2018-09-07 12:00:00,1.2979839,0.364171,1.3481033,254.32764,2018-09-07 12:00:00,2018-09
2018-09-08 12:00:00,3.8584833,3.1542268,4.9836774,230.73474,2018-09-08 12:00:00,2018-09
2018-09-09 12:00:00,2.7099042,6.5542817,7.092404,202.46292,2018-09-09 12:00:00,2018-09
2018-09-10 12:00:00,7.2867875,3.8143578,8.224755,242.36963,2018-09-10 12:00:00,2018-09
2018-09-11 12:00:00,9.331161,2.636104,9.69637,254.22473,2018-09-11 12:00:00,2018-09
2018-09-12 12:00:00,7.986551,-1.1626658,8.070737,278.2828,2018-09-12 12:00:00,2018-09
2018-09-13 12:00:00,6.2027016,3.2122169,6.985116,242.62154,2018-09-13 12:00:00,2018-09
2018-09-14 12:00:00,6.7797303,4.3712444,8.066754,237.18802,2018-09-14 12:00:00,2018-09
2018-09-15 12:00:00,6.206308,0.29670835,6.213396,267.2629,2018-09-15 12:00:00,2018-09
2018-09-16 12:00:00,3.7722142,8.26134,9.081814,204.54193,2018-09-16 12:00:00,2018-09
2018-09-17 12:00:00,2.700523,5.3954935,6.0335875,206.58862,2018-09-17 12:00:00,2018-09
2018-09-18 12:00:00,2.5002165,8.655104,9.00899,196.11252,2018-09-18 12:00:00,2018-09
2018-09-19 12:00:00,2.3418882,10.190113,10.455756,192.94295,2018-09-19 12:00:00,2018-09
2018-09-20 12:00:00,6.2633653,6.884906,9.307613,222.29355,2018-09-20 12:00:00,2018-09
2018-09-21 12:00:00,8.916365,1.3898163,9.024032,261.14044,2018-09-21 12:00:00,2018-09
2018-09-22 12:00:00,9.932505,-0.17506956,9.934048,271.00977,2018-09-22 12:00:00,2018-09
2018-09-23 12:00:00,3.5701225,-6.6079035,7.5106697,331.6185,2018-09-23 12:00:00,2018-09
2018-09-24 12:00:00,5.769053,-5.727,8.128992,314.7904,2018-09-24 12:00:00,2018-09
2018-09-25 12:00:00,4.57303,4.413312,6.3553066,226.01823,2018-09-25 12:00:00,2018-09
2018-09-26 12:00:00,8.639964,1.4399271,8.7591305,260.5381,2018-09-26 12:00:00,2018-09
2018-09-27 12:00:00,7.8152776,1.6683047,7.9913583,257.95007,2018-09-27 12:00:00,2018-09
2018-09-28 12:00:00,3.5220287,-5.21018,6.2889314,325.9417,2018-09-28 12:00:00,2018-09
2018-09-29 12:00:00,7.079917,4.119362,8.191115,239.80754,2018-09-29 12:00:00,2018-09
2018-09-30 12:00:00,6.8946357,-0.95684856,6.9607153,277.90112,2018-09-30 12:00:00,2018-09
2018-10-01 12:00:00,5.8109307,-7.338981,9.36096,321.62817,2018-10-01 12:00:00,2018-10
2018-10-02 12:00:00,9.591717,-4.1437864,10.448541,293.36517,2018-10-02 12:00:00,2018-10
2018-10-03 12:00:00,5.562163,-2.0901797,5.941928,290.5955,2018-10-03 12:00:00,2018-10
2018-10-04 12:00:00,5.520226,5.0024066,7.449629,227.81726,2018-10-04 12:00:00,2018-10
2018-10-05 12:00:00,3.7605493,2.881364,4.737509,232.54036,2018-10-05 12:00:00,2018-10
2018-10-06 12:00:00,0.51777375,-3.748698,3.7842867,352.136,2018-10-06 12:00:00,2018-10
2018-10-07 12:00:00,2.2271829,2.5730007,3.4030392,220.87938,2018-10-07 12:00:00,2018-10
2018-10-08 12:00:00,5.406518,4.4344296,6.9924674,230.64137,2018-10-08 12:00:00,2018-10
2018-10-09 12:00:00,5.446425,6.560668,8.526776,219.69821,2018-10-09 12:00:00,2018-10
2018-10-10 12:00:00,-2.3258107,4.5693464,5.127214,153.02377,2018-10-10 12:00:00,2018-10
2018-10-11 12:00:00,-4.435814,6.6775875,8.016646,146.40456,2018-10-11 12:00:00,2018-10
2018-10-12 12:00:00,-0.86912954,10.200691,10.237651,175.12999,2018-10-12 12:00:00,2018-10
2018-10-13 12:00:00,-0.22835423,8.438945,8.442034,178.44998,2018-10-13 12:00:00,2018-10
2018-10-14 12:00:00,0.55454767,1.4950688,1.5946014,200.35071,2018-10-14 12:00:00,2018-10
2018-10-15 12:00:00,0.39139718,-0.7455086,0.84200644,332.3002,2018-10-15 12:00:00,2018-10
2018-10-16 12:00:00,-0.3171127,5.4623127,5.47151,176.67744,2018-10-16 12:00:00,2018-10
2018-10-17 12:00:00,3.9411845,1.1619725,4.1089067,253.573,2018-10-17 12:00:00,2018-10
2018-10-18 12:00:00,1.5980315,-2.960436,3.3642066,331.64,2018-10-18 12:00:00,2018-10
2018-10-19 12:00:00,2.0414472,3.5119152,4.062149,210.16908,2018-10-19 12:00:00,2018-10
2018-10-20 12:00:00,3.2148218,2.9130406,4.3383045,227.8194,2018-10-20 12:00:00,2018-10
2018-10-21 12:00:00,5.055712,3.5609567,6.183902,234.84131,2018-10-21 12:00:00,2018-10
2018-10-22 12:00:00,6.81846,-2.4092414,7.2315865,289.4604,2018-10-22 12:00:00,2018-10
2018-10-23 12:00:00,10.396601,-5.1623354,11.607714,296.40625,2018-10-23 12:00:00,2018-10
2018-10-24 12:00:00,6.309647,-2.617576,6.8310575,292.53125,2018-10-24 12:00:00,2018-10
2018-10-25 12:00:00,6.5893874,-4.8288603,8.169328,306.23483,2018-10-25 12:00:00,2018-10
2018-10-26 12:00:00,3.1548023,-4.9439454,5.864757,327.45746,2018-10-26 12:00:00,2018-10
2018-10-27 12:00:00,-2.2539341,-5.552642,5.9926662,22.093277,2018-10-27 12:00:00,2018-10
2018-10-28 12:00:00,-5.2990885,-2.1854088,5.7320457,67.58816,2018-10-28 12:00:00,2018-10
2018-10-29 12:00:00,-8.032296,0.21199292,8.035093,91.51184,2018-10-29 12:00:00,2018-10
2018-10-30 12:00:00,-4.5534043,-4.092638,6.1223507,48.050537,2018-10-30 12:00:00,2018-10
2018-10-31 12:00:00,4.3299103,5.0659647,6.664242,220.5207,2018-10-31 12:00:00,2018-10
2018-11-01 12:00:00,-2.2391791,6.0102677,6.413832,159.56667,2018-11-01 12:00:00,2018-11
2018-11-02 12:00:00,5.287152,-2.6453466,5.9120073,296.58038,2018-11-02 12:00:00,2018-11
2018-11-03 12:00:00,1.9538841,9.452478,9.652307,191.6789,2018-11-03 12:00:00,2018-11
2018-11-04 12:00:00,-1.3520095,8.288066,8.397616,170.7351,2018-11-04 12:00:00,2018-11
2018-11-05 12:00:00,-4.261,4.5068913,6.2022734,136.60641,2018-11-05 12:00:00,2018-11
2018-11-06 12:00:00,-3.5391934,5.386576,6.445238,146.69351,2018-11-06 12:00:00,2018-11
2018-11-07 12:00:00,-4.8748245,7.0217175,8.548007,145.2297,2018-11-07 12:00:00,2018-11
2018-11-08 12:00:00,1.5148162,5.6743197,5.8730373,194.9471,2018-11-08 12:00:00,2018-11
2018-11-09 12:00:00,-4.6527743,6.270692,7.8083215,143.42505,2018-11-09 12:00:00,2018-11
2018-11-10 12:00:00,-1.5056492,7.9329047,8.074526,169.2532,2018-11-10 12:00:00,2018-11
2018-11-11 12:00:00,0.19666389,7.2787395,7.281396,181.5477,2018-11-11 12:00:00,2018-11
2018-11-12 12:00:00,1.1954441,6.5367494,6.645162,190.36375,2018-11-12 12:00:00,2018-11
2018-11-13 12:00:00,6.1721416,4.139804,7.4319115,236.14929,2018-11-13 12:00:00,2018-11
2018-11-14 12:00:00,1.690096,7.976891,8.153969,191.96259,2018-11-14 12:00:00,2018-11
2018-11-15 12:00:00,-1.0867691,6.701936,6.789478,170.78923,2018-11-15 12:00:00,2018-11
2018-11-16 12:00:00,-2.0143085,4.0011377,4.4795694,153.27777,2018-11-16 12:00:00,2018-11
2018-11-17 12:00:00,-4.981846,3.5614004,6.123917,125.56006,2018-11-17 12:00:00,2018-11
2018-11-18 12:00:00,-5.680872,-0.1660401,5.6832976,88.32585,2018-11-18 12:00:00,2018-11
2018-11-19 12:00:00,-7.693963,-1.8594376,7.9154644,76.41357,2018-11-19 12:00:00,2018-11
2018-11-20 12:00:00,-9.479674,-1.1820391,9.553085,82.892365,2018-11-20 12:00:00,2018-11
2018-11-21 12:00:00,-7.8837795,3.7279375,8.720751,115.30768,2018-11-21 12:00:00,2018-11
2018-11-22 12:00:00,-5.454355,1.2472275,5.5951376,102.88017,2018-11-22 12:00:00,2018-11
2018-11-23 12:00:00,-3.4690223,1.5174981,3.786412,113.626625,2018-11-23 12:00:00,2018-11
2018-11-24 12:00:00,-4.642552,-1.0324574,4.7559705,77.462036,2018-11-24 12:00:00,2018-11
2018-11-25 12:00:00,-5.6301446,-1.7622653,5.899501,72.61961,2018-11-25 12:00:00,2018-11
2018-11-26 12:00:00,-3.6120074,-1.2703727,3.828896,70.62281,2018-11-26 12:00:00,2018-11
2018-11-27 12:00:00,-4.4845915,4.6846256,6.4851584,136.24976,2018-11-27 12:00:00,2018-11
2018-11-28 12:00:00,-5.8239846,11.3099985,12.721434,152.7542,2018-11-28 12:00:00,2018-11
2018-11-29 12:00:00,-2.045193,11.2811775,11.465068,169.7243,2018-11-29 12:00:00,2018-11
2018-11-30 12:00:00,5.408083,8.827217,10.352156,211.49414,2018-11-30 12:00:00,2018-11
2018-12-01 12:00:00,3.4523866,6.1116076,7.0193105,209.46167,2018-12-01 12:00:00,2018-12
2018-12-02 12:00:00,3.3613443,2.3893094,4.124007,234.59404,2018-12-02 12:00:00,2018-12
2018-12-03 12:00:00,6.110513,-0.7650677,6.158222,277.1366,2018-12-03 12:00:00,2018-12
2018-12-04 12:00:00,5.9742246,-3.5477052,6.9482064,300.70334,2018-12-04 12:00:00,2018-12
2018-12-05 12:00:00,0.20981248,4.6858997,4.6905947,182.56372,2018-12-05 12:00:00,2018-12
2018-12-06 12:00:00,1.5181253,5.645627,5.846179,195.05096,2018-12-06 12:00:00,2018-12
2018-12-07 12:00:00,2.9266863,5.962781,6.6423073,206.14299,2018-12-07 12:00:00,2018-12
2018-12-08 12:00:00,8.363098,0.31842205,8.369158,267.81952,2018-12-08 12:00:00,2018-12
2018-12-09 12:00:00,6.4557567,-8.620087,10.769526,323.16974,2018-12-09 12:00:00,2018-12
2018-12-10 12:00:00,6.4303365,-8.867642,10.953734,324.0524,2018-12-10 12:00:00,2018-12
2018-12-11 12:00:00,-0.31603122,-1.9238993,1.9496831,9.328445,2018-12-11 12:00:00,2018-12
2018-12-12 12:00:00,-3.7734249,4.103119,5.5744343,137.39687,2018-12-12 12:00:00,2018-12
2018-12-13 12:00:00,-6.1691213,4.0348506,7.371436,123.18628,2018-12-13 12:00:00,2018-12
2018-12-14 12:00:00,-5.0736766,3.8775012,6.3857036,127.38847,2018-12-14 12:00:00,2018-12
2018-12-15 12:00:00,-5.128601,9.258629,10.584175,151.01677,2018-12-15 12:00:00,2018-12
2018-12-16 12:00:00,-2.4746127,7.5326004,7.928668,161.8136,2018-12-16 12:00:00,2018-12
2018-12-17 12:00:00,-0.5595023,4.69333,4.726562,173.20172,2018-12-17 12:00:00,2018-12
2018-12-18 12:00:00,-3.4866316,9.080965,9.727308,158.99573,2018-12-18 12:00:00,2018-12
2018-12-19 12:00:00,-0.808633,6.9260187,6.973064,173.3407,2018-12-19 12:00:00,2018-12
2018-12-20 12:00:00,-0.906104,6.6357164,6.697295,172.22438,2018-12-20 12:00:00,2018-12
2018-12-21 12:00:00,-1.7843094,3.5336149,3.9585595,153.20837,2018-12-21 12:00:00,2018-12
2018-12-22 12:00:00,1.6774286,1.9834986,2.5976977,220.22092,2018-12-22 12:00:00,2018-12
2018-12-23 12:00:00,0.8440083,-0.6294248,1.0528654,306.714,2018-12-23 12:00:00,2018-12
2018-12-24 12:00:00,4.589884,-2.2571359,5.1148505,296.18625,2018-12-24 12:00:00,2018-12
2018-12-25 12:00:00,6.301384,-0.31796405,6.309401,272.88867,2018-12-25 12:00:00,2018-12
2018-12-26 12:00:00,4.6088977,2.3554904,5.175932,242.92958,2018-12-26 12:00:00,2018-12
2018-12-27 12:00:00,5.3696647,-0.19810028,5.3733177,272.11282,2018-12-27 12:00:00,2018-12
2018-12-28 12:00:00,4.2276583,2.3413327,4.832694,241.02174,2018-12-28 12:00:00,2018-12
2018-12-29 12:00:00,5.6941633,1.795504,5.9705386,252.4987,2018-12-29 12:00:00,2018-12
2018-12-30 12:00:00,4.511097,0.9760883,4.61549,257.79083,2018-12-30 12:00:00,2018-12
2018-12-31 12:00:00,7.4462543,2.602784,7.8880405,250.73329,2018-12-31 12:00:00,2018-12
2019-01-01 12:00:00,7.9223065,-10.288924,12.985565,322.4043,2019-01-01 12:00:00,2019-01
2019-01-02 12:00:00,1.66659,-7.1145196,7.3071136,346.81607,2019-01-02 12:00:00,2019-01
2019-01-03 12:00:00,2.692483,-3.3371654,4.2879057,321.10278,2019-01-03 12:00:00,2019-01
2019-01-04 12:00:00,6.7530155,-5.2978816,8.583168,308.11493,2019-01-04 12:00:00,2019-01
2019-01-05 12:00:00,4.520418,-5.672534,7.253401,321.4488,2019-01-05 12:00:00,2019-01
2019-01-06 12:00:00,3.5985787,-3.7094893,5.1681795,315.86948,2019-01-06 12:00:00,2019-01
2019-01-07 12:00:00,6.7477303,5.34542,8.608448,231.61443,2019-01-07 12:00:00,2019-01
2019-01-08 12:00:00,5.984942,-11.398654,12.874348,332.29797,2019-01-08 12:00:00,2019-01
2019-01-09 12:00:00,-0.37491745,-7.8230705,7.8320494,2.7437897,2019-01-09 12:00:00,2019-01
2019-01-10 12:00:00,4.4454722,-1.9113723,4.8389635,293.26575,2019-01-10 12:00:00,2019-01
2019-01-11 12:00:00,5.580019,-6.5280337,8.587889,319.47693,2019-01-11 12:00:00,2019-01
2019-01-12 12:00:00,8.879905,-3.0811098,9.399253,289.1355,2019-01-12 12:00:00,2019-01
2019-01-13 12:00:00,9.066282,-5.641122,10.678002,301.89023,2019-01-13 12:00:00,2019-01
2019-01-14 12:00:00,6.5020523,-8.49414,10.69706,322.56683,2019-01-14 12:00:00,2019-01
2019-01-15 12:00:00,9.144622,-1.066638,9.206618,276.65295,2019-01-15 12:00:00,2019-01
2019-01-16 12:00:00,6.8353724,2.9891355,7.4603786,246.38004,2019-01-16 12:00:00,2019-01
2019-01-17 12:00:00,2.6620452,-8.23955,8.658907,342.0953,2019-01-17 12:00:00,2019-01
2019-01-18 12:00:00,3.1537316,0.7704083,3.2464676,256.27237,2019-01-18 12:00:00,2019-01
2019-01-19 12:00:00,0.013889783,4.8746667,4.8746862,180.16325,2019-01-19 12:00:00,2019-01
2019-01-20 12:00:00,1.1359531,2.6825802,2.9131813,202.95049,2019-01-20 12:00:00,2019-01
2019-01-21 12:00:00,3.3929477,0.89962876,3.5101888,255.14992,2019-01-21 12:00:00,2019-01
2019-01-22 12:00:00,-0.92754674,6.1707087,6.2400312,171.45161,2019-01-22 12:00:00,2019-01
2019-01-23 12:00:00,-1.1751894,1.5868518,1.9746313,143.47713,2019-01-23 12:00:00,2019-01
2019-01-24 12:00:00,0.141833,2.6320941,2.635913,183.08446,2019-01-24 12:00:00,2019-01
2019-01-25 12:00:00,2.7934895,5.1145387,5.8277,208.64275,2019-01-25 12:00:00,2019-01
2019-01-26 12:00:00,1.4495203,3.8191557,4.0849795,200.78372,2019-01-26 12:00:00,2019-01
2019-01-27 12:00:00,-0.29345638,-2.891914,2.906765,5.7942657,2019-01-27 12:00:00,2019-01
2019-01-28 12:00:00,3.312146,-7.79286,8.4675255,336.9734,2019-01-28 12:00:00,2019-01
2019-01-29 12:00:00,3.2350001,4.660324,5.673081,214.76675,2019-01-29 12:00:00,2019-01
2019-01-30 12:00:00,-1.5780184,3.2495139,3.6124067,154.09802,2019-01-30 12:00:00,2019-01
2019-01-31 12:00:00,-2.8021348,3.9056926,4.806911,144.3425,2019-01-31 12:00:00,2019-01
2019-02-01 12:00:00,-6.2322674,1.6845279,6.455911,105.12514,2019-02-01 12:00:00,2019-02
2019-02-02 12:00:00,-1.5744169,-3.560247,3.8928328,23.856033,2019-02-02 12:00:00,2019-02
2019-02-03 12:00:00,3.5372465,0.12692448,3.539523,267.94498,2019-02-03 12:00:00,2019-02
2019-02-04 12:00:00,3.3745763,7.234684,7.983008,205.00642,2019-02-04 12:00:00,2019-02
2019-02-05 12:00:00,4.268699,0.29394782,4.278808,266.06076,2019-02-05 12:00:00,2019-02
2019-02-06 12:00:00,4.547034,3.6957428,5.8595247,230.89644,2019-02-06 12:00:00,2019-02
2019-02-07 12:00:00,2.1583114,4.7747335,5.2398844,204.32428,2019-02-07 12:00:00,2019-02
2019-02-08 12:00:00,0.5332546,10.617242,10.630625,182.87529,2019-02-08 12:00:00,2019-02
2019-02-09 12:00:00,6.7521954,7.013907,9.735864,223.91086,2019-02-09 12:00:00,2019-02
2019-02-10 12:00:00,2.9121537,-2.008612,3.5376775,304.59534,2019-02-10 12:00:00,2019-02
2019-02-11 12:00:00,5.0328097,-7.0650525,8.674338,324.5357,2019-02-11 12:00:00,2019-02
2019-02-12 12:00:00,4.9923506,5.124884,7.154579,224.24948,2019-02-12 12:00:00,2019-02
2019-02-13 12:00:00,4.3794503,4.7483335,6.4595866,222.68575,2019-02-13 12:00:00,2019-02
2019-02-14 12:00:00,3.924426,3.874055,5.514474,225.37007,2019-02-14 12:00:00,2019-02
2019-02-15 12:00:00,1.1336738,6.7863927,6.880432,189.48375,2019-02-15 12:00:00,2019-02
2019-02-16 12:00:00,4.5179877,3.1344,5.4987884,235.24863,2019-02-16 12:00:00,2019-02
2019-02-17 12:00:00,-0.80217046,7.5928087,7.6350656,173.96915,2019-02-17 12:00:00,2019-02
2019-02-18 12:00:00,3.3246875,7.3539004,8.070527,204.32765,2019-02-18 12:00:00,2019-02
2019-02-19 12:00:00,8.1175995,-0.3734024,8.1261835,272.6337,2019-02-19 12:00:00,2019-02
2019-02-20 12:00:00,2.7169547,5.76953,6.37725,205.21642,2019-02-20 12:00:00,2019-02
2019-02-21 12:00:00,4.304626,1.507493,4.5609584,250.69958,2019-02-21 12:00:00,2019-02
2019-02-22 12:00:00,-1.6733834,5.3855634,5.6395483,162.73912,2019-02-22 12:00:00,2019-02
2019-02-23 12:00:00,-0.7029546,6.6989536,6.735735,174.0096,2019-02-23 12:00:00,2019-02
2019-02-24 12:00:00,0.6903478,0.77832997,1.0403738,221.57175,2019-02-24 12:00:00,2019-02
2019-02-25 12:00:00,1.7003474,1.610404,2.3419187,226.55617,2019-02-25 12:00:00,2019-02
2019-02-26 12:00:00,2.2728665,1.859849,2.9368281,230.7071,2019-02-26 12:00:00,2019-02
2019-02-27 12:00:00,2.7453663,2.1461024,3.4846509,231.98462,2019-02-27 12:00:00,2019-02
2019-02-28 12:00:00,1.3350737,-1.6352811,2.111058,320.77118,2019-02-28 12:00:00,2019-02
2019-03-01 12:00:00,0.4997895,-2.9554174,2.997379,350.40155,2019-03-01 12:00:00,2019-03
2019-03-02 12:00:00,2.4830549,6.1604805,6.642069,201.95248,2019-03-02 12:00:00,2019-03
2019-03-03 12:00:00,6.135157,6.851399,9.196837,221.84319,2019-03-03 12:00:00,2019-03
2019-03-04 12:00:00,5.779115,-0.6815878,5.8191695,276.72638,2019-03-04 12:00:00,2019-03
2019-03-05 12:00:00,4.499613,1.4419994,4.7250266,252.2308,2019-03-05 12:00:00,2019-03
2019-03-06 12:00:00,-3.162208,7.038667,7.716372,155.80742,2019-03-06 12:00:00,2019-03
2019-03-07 12:00:00,3.6587753,3.129933,4.814885,229.45436,2019-03-07 12:00:00,2019-03
2019-03-08 12:00:00,7.2320175,-1.033419,7.3054795,278.1322,2019-03-08 12:00:00,2019-03
2019-03-09 12:00:00,8.9105215,0.61932105,8.932018,266.02408,2019-03-09 12:00:00,2019-03
2019-03-10 12:00:00,3.0990005,-0.99424654,3.254586,287.7877,2019-03-10 12:00:00,2019-03
2019-03-11 12:00:00,5.2522826,-3.5569322,6.343362,304.1065,2019-03-11 12:00:00,2019-03
2019-03-12 12:00:00,3.242111,9.057632,9.620395,199.69444,2019-03-12 12:00:00,2019-03
2019-03-13 12:00:00,6.6769037,-2.2529418,7.0467577,288.64557,2019-03-13 12:00:00,2019-03
2019-03-14 12:00:00,5.5136952,-0.76022977,5.565859,277.85046,2019-03-14 12:00:00,2019-03
2019-03-15 12:00:00,8.908546,0.32226917,8.914373,267.92822,2019-03-15 12:00:00,2019-03
2019-03-16 12:00:00,3.6392922,5.926466,6.954671,211.55302,2019-03-16 12:00:00,2019-03
2019-03-17 12:00:00,9.128515,-2.3698204,9.43111,284.55307,2019-03-17 12:00:00,2019-03
2019-03-18 12:00:00,5.362129,-5.992607,8.041379,318.1781,2019-03-18 12:00:00,2019-03
2019-03-19 12:00:00,2.3961012,3.8082256,4.4993205,212.17773,2019-03-19 12:00:00,2019-03
2019-03-20 12:00:00,4.880754,1.8963572,5.236213,248.76697,2019-03-20 12:00:00,2019-03
2019-03-21 12:00:00,5.734771,0.6482996,5.7712984,263.55023,2019-03-21 12:00:00,2019-03
2019-03-22 12:00:00,1.2214347,7.9181566,8.01181,188.76918,2019-03-22 12:00:00,2019-03
2019-03-23 12:00:00,7.5955205,-1.432624,7.7294464,280.6813,2019-03-23 12:00:00,2019-03
2019-03-24 12:00:00,7.147014,2.4853117,7.566808,250.82532,2019-03-24 12:00:00,2019-03
2019-03-25 12:00:00,3.5129251,-7.981686,8.720548,336.24457,2019-03-25 12:00:00,2019-03
2019-03-26 12:00:00,5.504597,-1.5841633,5.728016,286.05524,2019-03-26 12:00:00,2019-03
2019-03-27 12:00:00,5.0694613,-0.6158188,5.106728,276.92615,2019-03-27 12:00:00,2019-03
2019-03-28 12:00:00,3.7423916,2.2025256,4.34242,239.52173,2019-03-28 12:00:00,2019-03
2019-03-29 12:00:00,4.8461237,3.8275552,6.1753616,231.6977,2019-03-29 12:00:00,2019-03
2019-03-30 12:00:00,5.3122997,0.23443592,5.31747,267.47314,2019-03-30 12:00:00,2019-03
2019-03-31 12:00:00,0.059167165,-4.1386404,4.1390634,359.18094,2019-03-31 12:00:00,2019-03
2019-04-01 12:00:00,-2.1360555,4.430457,4.918504,154.2599,2019-04-01 12:00:00,2019-04
2019-04-02 12:00:00,-2.7845879,5.2137437,5.9107575,151.89395,2019-04-02 12:00:00,2019-04
2019-04-03 12:00:00,-3.4029715,2.41643,4.1736493,125.37834,2019-04-03 12:00:00,2019-04
2019-04-04 12:00:00,-3.2088702,1.1829971,3.4199896,110.23715,2019-04-04 12:00:00,2019-04
2019-04-05 12:00:00,-2.8056588,-0.65412855,2.8809035,76.87616,2019-04-05 12:00:00,2019-04
2019-04-06 12:00:00,-3.7893584,-1.2985761,4.005688,71.083916,2019-04-06 12:00:00,2019-04
2019-04-07 12:00:00,-3.5890217,-2.919989,4.626815,50.868576,2019-04-07 12:00:00,2019-04
2019-04-08 12:00:00,-4.6899676,-1.1988144,4.8407598,75.66151,2019-04-08 12:00:00,2019-04
2019-04-09 12:00:00,-4.1461606,-2.0743415,4.6361127,63.421013,2019-04-09 12:00:00,2019-04
2019-04-10 12:00:00,-3.3222365,-1.2911149,3.5642998,68.762474,2019-04-10 12:00:00,2019-04
2019-04-11 12:00:00,-2.4381545,0.60943866,2.5131679,104.03404,2019-04-11 12:00:00,2019-04
2019-04-12 12:00:00,-3.5788894,-0.32136816,3.5932891,84.868866,2019-04-12 12:00:00,2019-04
2019-04-13 12:00:00,-4.708592,-2.133216,5.169279,65.62722,2019-04-13 12:00:00,2019-04
2019-04-14 12:00:00,-5.783646,0.74383354,5.831282,97.328575,2019-04-14 12:00:00,2019-04
2019-04-15 12:00:00,-6.3942738,2.2885447,6.791478,109.692566,2019-04-15 12:00:00,2019-04
2019-04-16 12:00:00,-7.3109035,0.9674141,7.3746324,97.537865,2019-04-16 12:00:00,2019-04
2019-04-17 12:00:00,-5.572243,2.4443827,6.0848093,113.685684,2019-04-17 12:00:00,2019-04
2019-04-18 12:00:00,-5.5938325,1.597373,5.817436,105.93721,2019-04-18 12:00:00,2019-04
2019-04-19 12:00:00,-4.0234675,1.3373923,4.2399187,108.3867,2019-04-19 12:00:00,2019-04
2019-04-20 12:00:00,-0.99471986,1.7157389,1.9832367,149.89648,2019-04-20 12:00:00,2019-04
2019-04-21 12:00:00,-0.757713,3.0551913,3.147749,166.07121,2019-04-21 12:00:00,2019-04
2019-04-22 12:00:00,-5.5926185,3.6742787,6.6916146,123.304405,2019-04-22 12:00:00,2019-04
2019-04-23 12:00:00,-8.6167,2.4743826,8.964936,106.02202,2019-04-23 12:00:00,2019-04
2019-04-24 12:00:00,-7.101661,3.067633,7.735888,113.36241,2019-04-24 12:00:00,2019-04
2019-04-25 12:00:00,-3.6549206,5.3183036,6.453123,145.50182,2019-04-25 12:00:00,2019-04
2019-04-26 12:00:00,-0.46447802,3.2690837,3.301916,171.91342,2019-04-26 12:00:00,2019-04
2019-04-27 12:00:00,0.2777855,3.679775,3.6902452,184.31706,2019-04-27 12:00:00,2019-04
2019-04-28 12:00:00,0.021740686,-2.425498,2.4255953,359.48645,2019-04-28 12:00:00,2019-04
2019-04-29 12:00:00,-0.017997958,-2.5031466,2.5032113,0.4119568,2019-04-29 12:00:00,2019-04
2019-04-30 12:00:00,2.2142286,-2.2543418,3.1598837,315.5143,2019-04-30 12:00:00,2019-04
2019-05-01 12:00:00,4.0948567,-1.9913208,4.5533733,295.93356,2019-05-01 12:00:00,2019-05
2019-05-02 12:00:00,4.478576,-6.150643,7.60842,323.93985,2019-05-02 12:00:00,2019-05
2019-05-03 12:00:00,5.008932,-5.4621115,7.411077,317.47815,2019-05-03 12:00:00,2019-05
2019-05-04 12:00:00,2.0609426,-9.03714,9.269163,347.15326,2019-05-04 12:00:00,2019-05
2019-05-05 12:00:00,5.7384267,-5.018627,7.6233954,311.1718,2019-05-05 12:00:00,2019-05
2019-05-06 12:00:00,4.877945,-5.013106,6.9946823,315.7829,2019-05-06 12:00:00,2019-05
2019-05-07 12:00:00,3.1513348,-0.12643692,3.1538703,272.29755,2019-05-07 12:00:00,2019-05
2019-05-08 12:00:00,-4.2788024,2.479998,4.9455576,120.096634,2019-05-08 12:00:00,2019-05
2019-05-09 12:00:00,-0.12311415,-1.7937577,1.7979776,3.9263458,2019-05-09 12:00:00,2019-05
2019-05-10 12:00:00,3.1932447,-2.6546447,4.1525836,309.7378,2019-05-10 12:00:00,2019-05
2019-05-11 12:00:00,1.7720213,-4.3363075,4.684402,337.77274,2019-05-11 12:00:00,2019-05
2019-05-12 12:00:00,2.8497672,-3.7206469,4.686618,322.5503,2019-05-12 12:00:00,2019-05
2019-05-13 12:00:00,0.6499488,0.009837161,0.6500232,269.13287,2019-05-13 12:00:00,2019-05
2019-05-14 12:00:00,0.3142735,1.2040659,1.2444046,194.62842,2019-05-14 12:00:00,2019-05
2019-05-15 12:00:00,-2.0603125,0.028683707,2.060512,90.79762,2019-05-15 12:00:00,2019-05
2019-05-16 12:00:00,-3.8280866,-1.9073975,4.2769628,63.514587,2019-05-16 12:00:00,2019-05
2019-05-17 12:00:00,-5.509832,-1.9732717,5.8525248,70.29571,2019-05-17 12:00:00,2019-05
2019-05-18 12:00:00,-3.3972478,0.91122377,3.5173316,105.014694,2019-05-18 12:00:00,2019-05
2019-05-19 12:00:00,-1.3319396,-0.9769064,1.6517897,53.74195,2019-05-19 12:00:00,2019-05
2019-05-20 12:00:00,0.010714225,-3.8873773,3.887392,359.84207,2019-05-20 12:00:00,2019-05
2019-05-21 12:00:00,3.0893416,-4.4898624,5.4500365,325.4693,2019-05-21 12:00:00,2019-05
2019-05-22 12:00:00,4.4205465,0.77966255,4.4887753,259.99747,2019-05-22 12:00:00,2019-05
2019-05-23 12:00:00,3.7983737,3.4797144,5.1513157,227.507,2019-05-23 12:00:00,2019-05
2019-05-24 12:00:00,4.7360463,-3.4260628,5.8453436,305.88202,2019-05-24 12:00:00,2019-05
2019-05-25 12:00:00,4.2478323,-0.74626344,4.312886,279.9641,2019-05-25 12:00:00,2019-05
2019-05-26 12:00:00,3.2019818,1.0590357,3.3725722,251.69868,2019-05-26 12:00:00,2019-05
2019-05-27 12:00:00,4.724054,-1.6851994,5.0156336,289.6327,2019-05-27 12:00:00,2019-05
2019-05-28 12:00:00,3.221343,-3.8765595,5.040314,320.2741,2019-05-28 12:00:00,2019-05
2019-05-29 12:00:00,2.3401856,4.991645,5.512984,205.11815,2019-05-29 12:00:00,2019-05
2019-05-30 12:00:00,5.669927,1.9040693,5.9811,251.43697,2019-05-30 12:00:00,2019-05
2019-05-31 12:00:00,2.0559587,2.566236,3.2882419,218.70021,2019-05-31 12:00:00,2019-05
2019-06-01 12:00:00,4.2508264,0.9156573,4.3483276,257.84384,2019-06-01 12:00:00,2019-06
2019-06-02 12:00:00,-2.0437691,6.830188,7.1294084,163.34146,2019-06-02 12:00:00,2019-06
2019-06-03 12:00:00,3.7954385,5.7225666,6.866813,213.55396,2019-06-03 12:00:00,2019-06
2019-06-04 12:00:00,-0.9731218,3.892831,4.0126176,165.96495,2019-06-04 12:00:00,2019-06
2019-06-05 12:00:00,-0.03237728,3.430605,3.4307578,179.45927,2019-06-05 12:00:00,2019-06
2019-06-06 12:00:00,1.6251936,1.3533837,2.1149235,230.21408,2019-06-06 12:00:00,2019-06
2019-06-07 12:00:00,-3.0233023,2.4259682,3.876297,128.74437,2019-06-07 12:00:00,2019-06
2019-06-08 12:00:00,1.310061,4.7692523,4.94591,195.35968,2019-06-08 12:00:00,2019-06
2019-06-09 12:00:00,4.105669,3.099115,5.1440287,232.95311,2019-06-09 12:00:00,2019-06
2019-06-10 12:00:00,-1.2623647,-1.7580365,2.1643145,35.68039,2019-06-10 12:00:00,2019-06
2019-06-11 12:00:00,-1.9307649,-4.4466314,4.8477197,23.470901,2019-06-11 12:00:00,2019-06
2019-06-12 12:00:00,-3.4000344,-2.8406832,4.4305434,50.121704,2019-06-12 12:00:00,2019-06
2019-06-13 12:00:00,-0.41389868,6.581568,6.594569,176.40155,2019-06-13 12:00:00,2019-06
2019-06-14 12:00:00,-1.6652272,5.3719835,5.6241612,162.77742,2019-06-14 12:00:00,2019-06
2019-06-15 12:00:00,-1.1543301,0.3630239,1.210068,107.45778,2019-06-15 12:00:00,2019-06
2019-06-16 12:00:00,1.8398949,4.8864846,5.221393,200.63272,2019-06-16 12:00:00,2019-06
2019-06-17 12:00:00,1.7669154,6.5090613,6.744618,195.18723,2019-06-17 12:00:00,2019-06
2019-06-18 12:00:00,1.4565396,3.330871,3.6354105,203.61903,2019-06-18 12:00:00,2019-06
2019-06-19 12:00:00,-0.8495145,1.7280241,1.9255499,153.8208,2019-06-19 12:00:00,2019-06
2019-06-20 12:00:00,3.842617,2.5483344,4.6108255,236.44858,2019-06-20 12:00:00,2019-06
2019-06-21 12:00:00,5.527075,1.2099831,5.657969,257.65164,2019-06-21 12:00:00,2019-06
2019-06-22 12:00:00,0.058958914,2.1261094,2.1269267,181.58846,2019-06-22 12:00:00,2019-06
2019-06-23 12:00:00,-2.700028,-0.090781525,2.7015536,88.0743,2019-06-23 12:00:00,2019-06
2019-06-24 12:00:00,-4.983728,2.2658093,5.4746175,114.44852,2019-06-24 12:00:00,2019-06
2019-06-25 12:00:00,-1.6436787,-1.6372534,2.3199737,45.112213,2019-06-25 12:00:00,2019-06
2019-06-26 12:00:00,3.31735,-5.64043,6.5436425,329.53857,2019-06-26 12:00:00,2019-06
2019-06-27 12:00:00,2.2134953,-5.183907,5.636706,336.8778,2019-06-27 12:00:00,2019-06
2019-06-28 12:00:00,0.93178034,-1.5590912,1.8163095,329.13562,2019-06-28 12:00:00,2019-06
2019-06-29 12:00:00,1.1991209,3.849729,4.032159,197.30087,2019-06-29 12:00:00,2019-06
2019-06-30 12:00:00,6.9242296,1.3620112,7.056914,258.87186,2019-06-30 12:00:00,2019-06
2019-07-01 12:00:00,8.054437,-1.0370463,8.120924,277.33673,2019-07-01 12:00:00,2019-07
2019-07-02 12:00:00,5.141593,-3.3291216,6.125278,302.92258,2019-07-02 12:00:00,2019-07
2019-07-03 12:00:00,4.903825,-3.582356,6.072954,306.149,2019-07-03 12:00:00,2019-07
2019-07-04 12:00:00,6.027655,-0.75605816,6.074887,277.14935,2019-07-04 12:00:00,2019-07
2019-07-05 12:00:00,4.2655587,-1.1209575,4.41039,284.724,2019-07-05 12:00:00,2019-07
2019-07-06 12:00:00,4.998348,-5.1878877,7.2040033,316.06598,2019-07-06 12:00:00,2019-07
2019-07-07 12:00:00,3.997078,-4.162009,5.770524,316.15802,2019-07-07 12:00:00,2019-07
2019-07-08 12:00:00,3.694481,-5.0531664,6.2596865,323.82864,2019-07-08 12:00:00,2019-07
2019-07-09 12:00:00,2.051569,-1.6355358,2.6237211,308.56226,2019-07-09 12:00:00,2019-07
2019-07-10 12:00:00,1.2316481,1.9699361,2.3232746,212.01454,2019-07-10 12:00:00,2019-07
2019-07-11 12:00:00,0.16563107,1.3485488,1.3586822,187.00209,2019-07-11 12:00:00,2019-07
2019-07-12 12:00:00,1.401295,-2.5195003,2.882969,330.91806,2019-07-12 12:00:00,2019-07
2019-07-13 12:00:00,3.4095542,-5.199496,6.217702,326.74524,2019-07-13 12:00:00,2019-07
2019-07-14 12:00:00,2.2989295,-5.8148317,6.2527866,338.4283,2019-07-14 12:00:00,2019-07
2019-07-15 12:00:00,3.5673628,-4.801071,5.981334,323.38635,2019-07-15 12:00:00,2019-07
2019-07-16 12:00:00,2.1355698,-1.5460681,2.636472,305.90305,2019-07-16 12:00:00,2019-07
2019-07-17 12:00:00,0.5486483,3.1908681,3.2376928,189.75623,2019-07-17 12:00:00,2019-07
2019-07-18 12:00:00,0.924793,4.8400364,4.927595,190.81721,2019-07-18 12:00:00,2019-07
2019-07-19 12:00:00,1.3588712,3.9959917,4.2207203,198.78104,2019-07-19 12:00:00,2019-07
2019-07-20 12:00:00,-0.6802296,5.6120358,5.6531105,173.08894,2019-07-20 12:00:00,2019-07
2019-07-21 12:00:00,5.067555,1.123325,5.1905656,257.50134,2019-07-21 12:00:00,2019-07
2019-07-22 12:00:00,3.8192985,5.2226033,6.4701333,216.17807,2019-07-22 12:00:00,2019-07
2019-07-23 12:00:00,0.97507626,2.6547449,2.8281522,200.16806,2019-07-23 12:00:00,2019-07
2019-07-24 12:00:00,-3.1498015,4.6486506,5.615265,145.87949,2019-07-24 12:00:00,2019-07
2019-07-25 12:00:00,-3.1807323,2.5020578,4.046894,128.18964,2019-07-25 12:00:00,2019-07
2019-07-26 12:00:00,-3.8913503,2.91975,4.86493,126.88156,2019-07-26 12:00:00,2019-07
2019-07-27 12:00:00,-5.804256,0.44315442,5.821149,94.366066,2019-07-27 12:00:00,2019-07
2019-07-28 12:00:00,-3.6539652,-1.3160446,3.88374,70.192566,2019-07-28 12:00:00,2019-07
2019-07-29 12:00:00,-0.27844262,2.6616747,2.6761992,174.02791,2019-07-29 12:00:00,2019-07
2019-07-30 12:00:00,-1.3497717,2.1017544,2.4978502,147.29094,2019-07-30 12:00:00,2019-07
2019-07-31 12:00:00,-1.4459981,3.1170182,3.4360898,155.11322,2019-07-31 12:00:00,2019-07
2019-08-01 12:00:00,-0.5777441,-0.54158574,0.7918986,46.85022,2019-08-01 12:00:00,2019-08
2019-08-02 12:00:00,0.812738,-4.0638843,4.1443577,348.69058,2019-08-02 12:00:00,2019-08
2019-08-03 12:00:00,2.1248488,-2.8658872,3.5676732,323.44574,2019-08-03 12:00:00,2019-08
2019-08-04 12:00:00,1.5050592,0.89268243,1.7498815,239.32692,2019-08-04 12:00:00,2019-08
2019-08-05 12:00:00,0.9992016,3.719128,3.8510149,195.03828,2019-08-05 12:00:00,2019-08
2019-08-06 12:00:00,3.4584382,3.8543081,5.178464,221.90135,2019-08-06 12:00:00,2019-08
2019-08-07 12:00:00,3.0728695,3.3446715,4.541955,222.5748,2019-08-07 12:00:00,2019-08
2019-08-08 12:00:00,4.3167825,-1.3100084,4.5111785,286.8814,2019-08-08 12:00:00,2019-08
2019-08-09 12:00:00,-3.55524,3.714097,5.1414247,136.25189,2019-08-09 12:00:00,2019-08
2019-08-10 12:00:00,3.164548,7.9158044,8.524923,201.79034,2019-08-10 12:00:00,2019-08
2019-08-11 12:00:00,5.395445,4.0377746,6.739024,233.19002,2019-08-11 12:00:00,2019-08
2019-08-12 12:00:00,4.784066,-1.4311408,4.9935412,286.65442,2019-08-12 12:00:00,2019-08
2019-08-13 12:00:00,5.009278,-0.36809498,5.022784,274.2027,2019-08-13 12:00:00,2019-08
2019-08-14 12:00:00,3.4470158,3.2322185,4.7253737,226.84193,2019-08-14 12:00:00,2019-08
2019-08-15 12:00:00,2.7985442,2.3713436,3.668122,229.72375,2019-08-15 12:00:00,2019-08
2019-08-16 12:00:00,2.12861,6.683579,7.014357,197.66582,2019-08-16 12:00:00,2019-08
2019-08-17 12:00:00,4.830248,5.581878,7.3816433,220.8711,2019-08-17 12:00:00,2019-08
2019-08-18 12:00:00,2.656244,6.010292,6.5710917,203.84299,2019-08-18 12:00:00,2019-08
2019-08-19 12:00:00,6.6156635,4.265071,7.87133,237.19041,2019-08-19 12:00:00,2019-08
2019-08-20 12:00:00,5.647201,0.6889419,5.68907,263.04443,2019-08-20 12:00:00,2019-08
2019-08-21 12:00:00,2.4267652,3.9086702,4.600749,211.8348,2019-08-21 12:00:00,2019-08
2019-08-22 12:00:00,4.162713,5.339657,6.7705326,217.93942,2019-08-22 12:00:00,2019-08
2019-08-23 12:00:00,3.5096455,3.0048113,4.6202273,229.43124,2019-08-23 12:00:00,2019-08
2019-08-24 12:00:00,-1.8599721,4.0105143,4.420828,155.11935,2019-08-24 12:00:00,2019-08
2019-08-25 12:00:00,-1.427088,2.1485045,2.5792735,146.40694,2019-08-25 12:00:00,2019-08
2019-08-26 12:00:00,-1.4913294,3.0349982,3.3816087,153.83154,2019-08-26 12:00:00,2019-08
2019-08-27 12:00:00,-2.1987395,2.4422379,3.2861803,138.00339,2019-08-27 12:00:00,2019-08
2019-08-28 12:00:00,0.5998457,3.649314,3.6982844,189.33437,2019-08-28 12:00:00,2019-08
2019-08-29 12:00:00,3.9767897,2.8644748,4.9010277,234.23486,2019-08-29 12:00:00,2019-08
2019-08-30 12:00:00,3.8345582,7.551604,8.469389,206.92058,2019-08-30 12:00:00,2019-08
2019-08-31 12:00:00,-0.3288634,8.098472,8.105146,177.6746,2019-08-31 12:00:00,2019-08
2019-09-01 12:00:00,6.1146784,-0.63693213,6.1477613,275.94675,2019-09-01 12:00:00,2019-09
2019-09-02 12:00:00,5.300936,2.462443,5.8449593,245.08372,2019-09-02 12:00:00,2019-09
2019-09-03 12:00:00,5.1526546,-0.4524127,5.1724777,275.0178,2019-09-03 12:00:00,2019-09
2019-09-04 12:00:00,5.0117116,1.8153791,5.330371,250.08823,2019-09-04 12:00:00,2019-09
2019-09-05 12:00:00,7.67687,-6.143082,9.832181,308.667,2019-09-05 12:00:00,2019-09
2019-09-06 12:00:00,6.4033675,3.4368336,7.267389,241.77652,2019-09-06 12:00:00,2019-09
2019-09-07 12:00:00,2.2596123,-6.371838,6.7606335,340.4742,2019-09-07 12:00:00,2019-09
2019-09-08 12:00:00,-0.7316307,-1.7638127,1.9095336,22.528717,2019-09-08 12:00:00,2019-09
2019-09-09 12:00:00,-0.97660804,2.4287958,2.6177878,158.09515,2019-09-09 12:00:00,2019-09
2019-09-10 12:00:00,2.991594,-1.5643975,3.3759406,297.60645,2019-09-10 12:00:00,2019-09
2019-09-11 12:00:00,7.419593,4.544543,8.70076,238.51228,2019-09-11 12:00:00,2019-09
2019-09-12 12:00:00,6.9151587,3.4216554,7.7153835,243.67355,2019-09-12 12:00:00,2019-09
2019-09-13 12:00:00,6.378711,-2.3101435,6.784152,289.9086,2019-09-13 12:00:00,2019-09
2019-09-14 12:00:00,4.2076664,5.6278157,7.02686,216.78381,2019-09-14 12:00:00,2019-09
2019-09-15 12:00:00,10.21035,-2.7058218,10.562799,284.84265,2019-09-15 12:00:00,2019-09
2019-09-16 12:00:00,6.01564,-1.744175,6.263391,286.169,2019-09-16 12:00:00,2019-09
2019-09-17 12:00:00,6.3589115,-8.219586,10.392178,322.2734,2019-09-17 12:00:00,2019-09
2019-09-18 12:00:00,3.3736596,-5.1605616,6.1654663,326.82578,2019-09-18 12:00:00,2019-09
2019-09-19 12:00:00,2.315525,-0.36932153,2.344793,279.06223,2019-09-19 12:00:00,2019-09
2019-09-20 12:00:00,2.5831726,0.80336124,2.7052116,252.72441,2019-09-20 12:00:00,2019-09
2019-09-21 12:00:00,-2.200445,2.804935,3.5650551,141.88615,2019-09-21 12:00:00,2019-09
2019-09-22 12:00:00,-4.2744627,3.554645,5.5593643,129.74692,2019-09-22 12:00:00,2019-09
2019-09-23 12:00:00,-2.1179507,4.5864563,5.051861,155.21329,2019-09-23 12:00:00,2019-09
2019-09-24 12:00:00,-4.4365087,5.521067,7.0827107,141.21603,2019-09-24 12:00:00,2019-09
2019-09-25 12:00:00,-3.8693073,3.6553462,5.322884,133.37125,2019-09-25 12:00:00,2019-09
2019-09-26 12:00:00,-3.3665097,6.292443,7.136401,151.85284,2019-09-26 12:00:00,2019-09
2019-09-27 12:00:00,1.1998054,5.538562,5.6670275,192.22299,2019-09-27 12:00:00,2019-09
2019-09-28 12:00:00,4.1240726,2.5924904,4.87124,237.84555,2019-09-28 12:00:00,2019-09
2019-09-29 12:00:00,0.6712937,0.4718868,0.8205561,234.89465,2019-09-29 12:00:00,2019-09
2019-09-30 12:00:00,6.4539723,-5.007396,8.168707,307.80655,2019-09-30 12:00:00,2019-09
2019-10-01 12:00:00,2.161588,-3.8536432,4.418487,330.71103,2019-10-01 12:00:00,2019-10
2019-10-02 12:00:00,4.031631,-6.883523,7.9772763,329.64276,2019-10-02 12:00:00,2019-10
2019-10-03 12:00:00,0.9445503,-1.0344477,1.400806,317.6009,2019-10-03 12:00:00,2019-10
2019-10-04 12:00:00,-4.0074377,0.84270036,4.0950828,101.875374,2019-10-04 12:00:00,2019-10
2019-10-05 12:00:00,-4.148628,2.313822,4.7502513,119.149796,2019-10-05 12:00:00,2019-10
2019-10-06 12:00:00,-6.8107014,3.2108235,7.529611,115.24098,2019-10-06 12:00:00,2019-10
2019-10-07 12:00:00,-1.946673,7.3936434,7.6456194,165.24936,2019-10-07 12:00:00,2019-10
2019-10-08 12:00:00,4.806248,3.9659975,6.2313046,230.47139,2019-10-08 12:00:00,2019-10
2019-10-09 12:00:00,5.1064253,4.8419647,7.0370593,226.52275,2019-10-09 12:00:00,2019-10
2019-10-10 12:00:00,7.680039,2.7053576,8.142601,250.59476,2019-10-10 12:00:00,2019-10
2019-10-11 12:00:00,6.589963,6.361159,9.159255,226.01212,2019-10-11 12:00:00,2019-10
2019-10-12 12:00:00,6.6076946,1.6652459,6.814299,255.85507,2019-10-12 12:00:00,2019-10
2019-10-13 12:00:00,-1.1657641,4.252017,4.408929,164.66812,2019-10-13 12:00:00,2019-10
2019-10-14 12:00:00,-1.415628,2.2803247,2.684005,148.16795,2019-10-14 12:00:00,2019-10
2019-10-15 12:00:00,-1.1132413,2.3518994,2.602064,154.67007,2019-10-15 12:00:00,2019-10
2019-10-16 12:00:00,-0.38022983,5.7614355,5.773968,176.2242,2019-10-16 12:00:00,2019-10
2019-10-17 12:00:00,2.607657,3.4387977,4.315693,217.17322,2019-10-17 12:00:00,2019-10
2019-10-18 12:00:00,-0.36741748,4.633248,4.6477933,175.46593,2019-10-18 12:00:00,2019-10
2019-10-19 12:00:00,0.9970903,2.6883276,2.86728,200.34962,2019-10-19 12:00:00,2019-10
2019-10-20 12:00:00,-0.09029574,-2.9643712,2.965746,1.7447205,2019-10-20 12:00:00,2019-10
2019-10-21 12:00:00,-0.68922025,-0.32432947,0.7617179,64.79952,2019-10-21 12:00:00,2019-10
2019-10-22 12:00:00,6.2086945,3.169043,6.9707046,242.95932,2019-10-22 12:00:00,2019-10
2019-10-23 12:00:00,1.0814044,5.0112233,5.1265774,192.17749,2019-10-23 12:00:00,2019-10
2019-10-24 12:00:00,0.4613516,6.03975,6.057345,184.3681,2019-10-24 12:00:00,2019-10
2019-10-25 12:00:00,6.443576,5.3592906,8.38103,230.24881,2019-10-25 12:00:00,2019-10
2019-10-26 12:00:00,4.217821,4.392585,6.0897303,223.83723,2019-10-26 12:00:00,2019-10
2019-10-27 12:00:00,7.5815644,-2.1223607,7.8730254,285.6389,2019-10-27 12:00:00,2019-10
2019-10-28 12:00:00,1.8522578,-4.9450655,5.2805805,339.4657,2019-10-28 12:00:00,2019-10
2019-10-29 12:00:00,-2.5074468,-2.0990915,3.2700877,50.065857,2019-10-29 12:00:00,2019-10
2019-10-30 12:00:00,-0.32806063,-0.050512083,0.33192658,81.24681,2019-10-30 12:00:00,2019-10
2019-10-31 12:00:00,-0.99007213,2.0127742,2.2431011,153.8077,2019-10-31 12:00:00,2019-10
2019-11-01 12:00:00,-2.7597902,6.8147388,7.3523536,157.95335,2019-11-01 12:00:00,2019-11
2019-11-02 12:00:00,-3.2604556,4.204392,5.320478,142.20685,2019-11-02 12:00:00,2019-11
2019-11-03 12:00:00,-3.9181824,1.950266,4.3767214,116.461716,2019-11-03 12:00:00,2019-11
2019-11-04 12:00:00,-4.396987,-0.2392344,4.4034905,86.88569,2019-11-04 12:00:00,2019-11
2019-11-05 12:00:00,-2.8518255,-3.493569,4.50976,39.22502,2019-11-05 12:00:00,2019-11
2019-11-06 12:00:00,0.09714552,-1.8486383,1.851189,356.99188,2019-11-06 12:00:00,2019-11
2019-11-07 12:00:00,-5.148667,0.8451218,5.2175665,99.321625,2019-11-07 12:00:00,2019-11
2019-11-08 12:00:00,-1.6755285,-2.6132474,3.1042645,32.66667,2019-11-08 12:00:00,2019-11
2019-11-09 12:00:00,-1.7645046,-0.6921953,1.8954183,68.58049,2019-11-09 12:00:00,2019-11
2019-11-10 12:00:00,-0.89324176,-1.9212183,2.1187167,24.935364,2019-11-10 12:00:00,2019-11
2019-11-11 12:00:00,-1.5450529,5.2043233,5.4288273,163.46497,2019-11-11 12:00:00,2019-11
2019-11-12 12:00:00,1.1250647,3.7090707,3.8759484,196.87402,2019-11-12 12:00:00,2019-11
2019-11-13 12:00:00,0.98311585,0.53373134,1.1186537,241.50256,2019-11-13 12:00:00,2019-11
2019-11-14 12:00:00,-2.8646204,1.340532,3.1627638,115.07778,2019-11-14 12:00:00,2019-11
2019-11-15 12:00:00,-7.441384,-2.5718122,7.873272,70.93438,2019-11-15 12:00:00,2019-11
2019-11-16 12:00:00,-0.87072545,-1.101369,1.403986,38.32936,2019-11-16 12:00:00,2019-11
2019-11-17 12:00:00,-0.35761833,-0.66764057,0.7573868,28.175522,2019-11-17 12:00:00,2019-11
2019-11-18 12:00:00,0.4929069,-6.3216987,6.3408856,355.54163,2019-11-18 12:00:00,2019-11
2019-11-19 12:00:00,3.244557,-3.247705,4.590723,315.02777,2019-11-19 12:00:00,2019-11
2019-11-20 12:00:00,-2.4663785,3.9065812,4.62,147.73418,2019-11-20 12:00:00,2019-11
2019-11-21 12:00:00,-5.3670716,2.066702,5.751236,111.060234,2019-11-21 12:00:00,2019-11
2019-11-22 12:00:00,-4.5160294,4.669725,6.496218,135.95859,2019-11-22 12:00:00,2019-11
2019-11-23 12:00:00,-7.7618413,1.8463031,7.9784093,103.38025,2019-11-23 12:00:00,2019-11
2019-11-24 12:00:00,-5.395818,4.2408752,6.862935,128.16579,2019-11-24 12:00:00,2019-11
2019-11-25 12:00:00,-3.765396,4.647875,5.981718,140.98793,2019-11-25 12:00:00,2019-11
2019-11-26 12:00:00,-2.9468021,4.546996,5.4183774,147.05367,2019-11-26 12:00:00,2019-11
2019-11-27 12:00:00,-4.0676804,2.304866,4.6753,119.537155,2019-11-27 12:00:00,2019-11
2019-11-28 12:00:00,1.9595565,-7.4621515,7.715152,345.28638,2019-11-28 12:00:00,2019-11
2019-11-29 12:00:00,2.9686794,-6.988949,7.593317,336.98578,2019-11-29 12:00:00,2019-11
2019-11-30 12:00:00,2.0717723,-2.8552718,3.5277214,324.03552,2019-11-30 12:00:00,2019-11
2019-12-01 12:00:00,2.7378294,-3.491843,4.4371924,321.90128,2019-12-01 12:00:00,2019-12
2019-12-02 12:00:00,4.3327775,-4.305422,6.10816,314.81854,2019-12-02 12:00:00,2019-12
2019-12-03 12:00:00,6.7344284,1.3874153,6.87586,258.3589,2019-12-03 12:00:00,2019-12
2019-12-04 12:00:00,4.4352636,5.5034533,7.068208,218.86554,2019-12-04 12:00:00,2019-12
2019-12-05 12:00:00,8.39565,6.26673,10.476585,233.26138,2019-12-05 12:00:00,2019-12
2019-12-06 12:00:00,5.593781,5.474689,7.827043,225.61646,2019-12-06 12:00:00,2019-12
2019-12-07 12:00:00,6.8994594,-0.87444574,6.954653,277.2232,2019-12-07 12:00:00,2019-12
2019-12-08 12:00:00,11.115277,4.8725204,12.136344,246.32916,2019-12-08 12:00:00,2019-12
2019-12-09 12:00:00,6.2903523,-10.165618,11.954427,328.2513,2019-12-09 12:00:00,2019-12
2019-12-10 12:00:00,1.2678201,12.651933,12.715296,185.72237,2019-12-10 12:00:00,2019-12
2019-12-11 12:00:00,5.3325567,7.774425,9.427505,214.44662,2019-12-11 12:00:00,2019-12
2019-12-12 12:00:00,3.1573129,7.4607716,8.101341,202.93753,2019-12-12 12:00:00,2019-12
2019-12-13 12:00:00,-3.3396955,4.8104405,5.8560996,145.22931,2019-12-13 12:00:00,2019-12
2019-12-14 12:00:00,4.663046,3.7522504,5.9852633,231.17712,2019-12-14 12:00:00,2019-12
2019-12-15 12:00:00,6.399313,3.2983098,7.1993093,242.73268,2019-12-15 12:00:00,2019-12
2019-12-16 12:00:00,4.0609202,5.303063,6.6793375,217.44376,2019-12-16 12:00:00,2019-12
2019-12-17 12:00:00,1.3956066,3.0388582,3.344006,204.66711,2019-12-17 12:00:00,2019-12
2019-12-18 12:00:00,4.03009,3.107082,5.0887704,232.36882,2019-12-18 12:00:00,2019-12
2019-12-19 12:00:00,-2.1313152,8.347722,8.615507,165.6774,2019-12-19 12:00:00,2019-12
2019-12-20 12:00:00,-4.601774,6.645419,8.083187,145.29843,2019-12-20 12:00:00,2019-12
2019-12-21 12:00:00,0.60478437,7.527938,7.5521927,184.5932,2019-12-21 12:00:00,2019-12
2019-12-22 12:00:00,-1.8069059,2.9491897,3.4587033,148.50508,2019-12-22 12:00:00,2019-12
2019-12-23 12:00:00,4.2179947,1.5035268,4.477954,250.3811,2019-12-23 12:00:00,2019-12
2019-12-24 12:00:00,2.807986,1.1957586,3.051987,246.93365,2019-12-24 12:00:00,2019-12
2019-12-25 12:00:00,4.1905265,-3.478913,5.446407,309.69894,2019-12-25 12:00:00,2019-12
2019-12-26 12:00:00,-1.8268071,2.278229,2.9201972,141.27548,2019-12-26 12:00:00,2019-12
2019-12-27 12:00:00,-3.4197593,4.5574603,5.697824,143.11671,2019-12-27 12:00:00,2019-12
2019-12-28 12:00:00,1.0239452,8.100372,8.164832,187.20439,2019-12-28 12:00:00,2019-12
2019-12-29 12:00:00,5.353578,7.459915,9.18211,215.66496,2019-12-29 12:00:00,2019-12
2019-12-30 12:00:00,7.6992974,2.4486802,8.079308,252.35727,2019-12-30 12:00:00,2019-12
2019-12-31 12:00:00,3.297999,-1.6671535,3.6954293,296.8168,2019-12-31 12:00:00,2019-12
2020-01-01 12:00:00,4.571111,5.358417,7.0432725,220.46654,2020-01-01 12:00:00,2020-01
2020-01-02 12:00:00,4.7483797,9.224025,10.3744755,207.23868,2020-01-02 12:00:00,2020-01
2020-01-03 12:00:00,8.459716,-2.488166,8.818036,286.38962,2020-01-03 12:00:00,2020-01
2020-01-04 12:00:00,6.062252,-5.855604,8.428464,314.00662,2020-01-04 12:00:00,2020-01
2020-01-05 12:00:00,6.672999,4.947709,8.30715,233.44484,2020-01-05 12:00:00,2020-01
2020-01-06 12:00:00,3.0843797,8.867411,9.388523,199.17937,2020-01-06 12:00:00,2020-01
2020-01-07 12:00:00,3.680861,9.284488,9.9875145,201.62599,2020-01-07 12:00:00,2020-01
2020-01-08 12:00:00,9.054215,2.4150136,9.370758,255.06529,2020-01-08 12:00:00,2020-01
2020-01-09 12:00:00,0.98938364,4.561126,4.6671996,192.2388,2020-01-09 12:00:00,2020-01
2020-01-10 12:00:00,3.092836,-2.6560395,4.0767856,310.65503,2020-01-10 12:00:00,2020-01
2020-01-11 12:00:00,6.9929457,9.722564,11.976207,215.72554,2020-01-11 12:00:00,2020-01
2020-01-12 12:00:00,6.2911677,4.2601447,7.59787,235.8956,2020-01-12 12:00:00,2020-01
2020-01-13 12:00:00,2.0807893,8.599498,8.847657,193.60222,2020-01-13 12:00:00,2020-01
2020-01-14 12:00:00,5.5422196,9.124714,10.675982,211.2739,2020-01-14 12:00:00,2020-01
2020-01-15 12:00:00,6.1968884,8.410536,10.446939,216.38281,2020-01-15 12:00:00,2020-01
2020-01-16 12:00:00,2.5011292,7.8857594,8.272899,197.59749,2020-01-16 12:00:00,2020-01
2020-01-17 12:00:00,2.5643146,6.6995316,7.173523,200.94485,2020-01-17 12:00:00,2020-01
2020-01-18 12:00:00,8.271376,-3.304313,8.906971,291.7761,2020-01-18 12:00:00,2020-01
2020-01-19 12:00:00,4.189625,-3.6566336,5.5609283,311.1139,2020-01-19 12:00:00,2020-01
2020-01-20 12:00:00,5.8568726,2.7414513,6.4667234,244.91692,2020-01-20 12:00:00,2020-01
2020-01-21 12:00:00,5.819559,-0.11908229,5.820777,271.17224,2020-01-21 12:00:00,2020-01
2020-01-22 12:00:00,2.5312812,-1.5161867,2.9506283,300.92078,2020-01-22 12:00:00,2020-01
2020-01-23 12:00:00,4.973247,2.646531,5.633588,241.98016,2020-01-23 12:00:00,2020-01
2020-01-24 12:00:00,5.9199257,0.4873845,5.939955,265.2935,2020-01-24 12:00:00,2020-01
2020-01-25 12:00:00,4.292299,5.5383086,7.006903,217.7764,2020-01-25 12:00:00,2020-01
2020-01-26 12:00:00,2.3814862,8.726667,9.045784,195.26419,2020-01-26 12:00:00,2020-01
2020-01-27 12:00:00,3.5208676,6.8221254,7.6771026,207.29805,2020-01-27 12:00:00,2020-01
2020-01-28 12:00:00,3.5087357,1.0706227,3.6684408,253.03145,2020-01-28 12:00:00,2020-01
2020-01-29 12:00:00,8.083555,-0.6540429,8.109971,274.62573,2020-01-29 12:00:00,2020-01
2020-01-30 12:00:00,3.0756102,6.781094,7.4459796,204.39699,2020-01-30 12:00:00,2020-01
2020-01-31 12:00:00,6.7053757,5.5404,8.698166,230.43436,2020-01-31 12:00:00,2020-01
2020-02-01 12:00:00,8.2672615,3.2574353,8.8858595,248.49475,2020-02-01 12:00:00,2020-02
2020-02-02 12:00:00,3.449539,0.74687797,3.5294683,257.78314,2020-02-02 12:00:00,2020-02
2020-02-03 12:00:00,6.176875,2.752582,6.7624326,245.98096,2020-02-03 12:00:00,2020-02
2020-02-04 12:00:00,3.259231,-6.458437,7.234224,333.22235,2020-02-04 12:00:00,2020-02
2020-02-05 12:00:00,6.4799256,0.7059012,6.5182614,263.7829,2020-02-05 12:00:00,2020-02
2020-02-06 12:00:00,3.7704332,-0.9662345,3.8922713,284.37366,2020-02-06 12:00:00,2020-02
2020-02-07 12:00:00,-1.5188024,6.851108,7.017439,167.50041,2020-02-07 12:00:00,2020-02
2020-02-08 12:00:00,4.224473,6.5183268,7.7675447,212.94693,2020-02-08 12:00:00,2020-02
2020-02-09 12:00:00,4.6587224,13.98806,14.743457,198.42033,2020-02-09 12:00:00,2020-02
2020-02-10 12:00:00,12.806194,2.6083198,13.069121,258.48767,2020-02-10 12:00:00,2020-02
2020-02-11 12:00:00,12.978787,1.8018185,13.103262,262.09625,2020-02-11 12:00:00,2020-02
2020-02-12 12:00:00,10.861816,-1.7471926,11.001443,279.13812,2020-02-12 12:00:00,2020-02
2020-02-13 12:00:00,-1.34691,4.836165,5.020225,164.43706,2020-02-13 12:00:00,2020-02
2020-02-14 12:00:00,1.4187958,7.4912863,7.6244574,190.72438,2020-02-14 12:00:00,2020-02
2020-02-15 12:00:00,0.28275588,10.112863,10.116815,181.60158,2020-02-15 12:00:00,2020-02
2020-02-16 12:00:00,9.379983,8.930153,12.951128,226.40732,2020-02-16 12:00:00,2020-02
2020-02-17 12:00:00,11.270286,6.831287,13.178991,238.77858,2020-02-17 12:00:00,2020-02
2020-02-18 12:00:00,10.027304,4.6450214,11.05093,245.14465,2020-02-18 12:00:00,2020-02
2020-02-19 12:00:00,7.7454004,-0.028230248,7.745452,270.20883,2020-02-19 12:00:00,2020-02
2020-02-20 12:00:00,5.670876,7.831031,9.668706,215.91034,2020-02-20 12:00:00,2020-02
2020-02-21 12:00:00,9.1916485,8.840748,12.753244,226.1148,2020-02-21 12:00:00,2020-02
2020-02-22 12:00:00,13.301937,3.7739692,13.826943,254.16052,2020-02-22 12:00:00,2020-02
2020-02-23 12:00:00,8.915658,-0.91551477,8.96254,275.8629,2020-02-23 12:00:00,2020-02
2020-02-24 12:00:00,0.00048369457,5.214769,5.214769,180.00531,2020-02-24 12:00:00,2020-02
2020-02-25 12:00:00,4.428789,-1.3891639,4.641546,287.41492,2020-02-25 12:00:00,2020-02
2020-02-26 12:00:00,2.624832,-0.68807405,2.7135196,284.68903,2020-02-26 12:00:00,2020-02
2020-02-27 12:00:00,2.5868635,2.0524175,3.3021631,231.57152,2020-02-27 12:00:00,2020-02
2020-02-28 12:00:00,3.5183127,4.963426,6.0839233,215.33083,2020-02-28 12:00:00,2020-02
2020-02-29 12:00:00,-1.1708691,6.539602,6.643593,169.84915,2020-02-29 12:00:00,2020-02
2020-03-01 12:00:00,5.719951,7.8703127,9.72932,216.00874,2020-03-01 12:00:00,2020-03
2020-03-02 12:00:00,2.7142754,4.6015697,5.3424463,210.53459,2020-03-02 12:00:00,2020-03
2020-03-03 12:00:00,1.6912447,2.9679325,3.4159818,209.6762,2020-03-03 12:00:00,2020-03
2020-03-04 12:00:00,3.3825088,0.2359432,3.3907278,266.00986,2020-03-04 12:00:00,2020-03
2020-03-05 12:00:00,-2.1648588,1.1443524,2.448705,117.8611,2020-03-05 12:00:00,2020-03
2020-03-06 12:00:00,-0.7759967,-2.4010048,2.5232904,17.910675,2020-03-06 12:00:00,2020-03
2020-03-07 12:00:00,2.6925008,6.9355764,7.439878,201.217,2020-03-07 12:00:00,2020-03
2020-03-08 12:00:00,5.8737206,6.9089236,9.068287,220.37,2020-03-08 12:00:00,2020-03
2020-03-09 12:00:00,4.667381,2.6667514,5.3755007,240.25812,2020-03-09 12:00:00,2020-03
2020-03-10 12:00:00,6.449578,5.657733,8.579452,228.74194,2020-03-10 12:00:00,2020-03
2020-03-11 12:00:00,7.463998,6.292266,9.76237,229.86859,2020-03-11 12:00:00,2020-03
2020-03-12 12:00:00,10.94733,2.660931,11.266082,256.33826,2020-03-12 12:00:00,2020-03
2020-03-13 12:00:00,3.1414156,-6.327799,7.0646677,333.59802,2020-03-13 12:00:00,2020-03
2020-03-14 12:00:00,-1.103956,8.862726,8.931217,172.89972,2020-03-14 12:00:00,2020-03
2020-03-15 12:00:00,4.85187,8.075637,9.42107,210.99759,2020-03-15 12:00:00,2020-03
2020-03-16 12:00:00,3.1850624,1.8114684,3.6641562,240.37143,2020-03-16 12:00:00,2020-03
2020-03-17 12:00:00,7.0622077,5.047701,8.680672,234.44478,2020-03-17 12:00:00,2020-03
2020-03-18 12:00:00,6.9574733,1.7335916,7.1702003,256.00854,2020-03-18 12:00:00,2020-03
2020-03-19 12:00:00,2.9949198,-2.294955,3.7731104,307.4623,2020-03-19 12:00:00,2020-03
2020-03-20 12:00:00,-1.9999771,-5.2378435,5.6066847,20.898468,2020-03-20 12:00:00,2020-03
2020-03-21 12:00:00,-5.143636,1.6059626,5.3885164,107.33958,2020-03-21 12:00:00,2020-03
2020-03-22 12:00:00,-2.8492472,5.6325493,6.3121963,153.16725,2020-03-22 12:00:00,2020-03
2020-03-23 12:00:00,-1.8160229,8.783317,8.96909,168.31824,2020-03-23 12:00:00,2020-03
2020-03-24 12:00:00,0.024750099,9.33351,9.333543,180.15193,2020-03-24 12:00:00,2020-03
2020-03-25 12:00:00,0.40087318,4.5686994,4.5862527,185.01448,2020-03-25 12:00:00,2020-03
2020-03-26 12:00:00,-1.9943751,0.92054504,2.1965735,114.776665,2020-03-26 12:00:00,2020-03
2020-03-27 12:00:00,-1.299463,-2.3268833,2.6651435,29.181473,2020-03-27 12:00:00,2020-03
2020-03-28 12:00:00,-0.77928454,-9.197576,9.23053,4.8429565,2020-03-28 12:00:00,2020-03
2020-03-29 12:00:00,-0.24618387,-7.6414146,7.645379,1.8452759,2020-03-29 12:00:00,2020-03
2020-03-30 12:00:00,0.0024188752,-5.979136,5.979137,359.9768,2020-03-30 12:00:00,2020-03
2020-03-31 12:00:00,3.3995416,-1.9306728,3.9095242,299.59317,2020-03-31 12:00:00,2020-03
2020-04-01 12:00:00,7.1104126,-0.3691453,7.1199884,272.9719,2020-04-01 12:00:00,2020-04
2020-04-02 12:00:00,11.151774,-0.5507407,11.165365,272.8273,2020-04-02 12:00:00,2020-04
2020-04-03 12:00:00,6.220475,-2.1745443,6.5896096,289.26852,2020-04-03 12:00:00,2020-04
2020-04-04 12:00:00,1.481192,4.787518,5.0114126,197.19135,2020-04-04 12:00:00,2020-04
2020-04-05 12:00:00,-3.4043632,7.3452177,8.095797,155.13321,2020-04-05 12:00:00,2020-04
2020-04-06 12:00:00,1.2980429,6.655067,6.780474,191.03674,2020-04-06 12:00:00,2020-04
2020-04-07 12:00:00,0.75468165,2.8139486,2.9133916,195.01303,2020-04-07 12:00:00,2020-04
2020-04-08 12:00:00,3.011084,1.2039492,3.242857,248.20654,2020-04-08 12:00:00,2020-04
2020-04-09 12:00:00,0.43157223,-3.5634444,3.5894833,353.09448,2020-04-09 12:00:00,2020-04
2020-04-10 12:00:00,-0.42722356,1.4067432,1.4701858,163.10663,2020-04-10 12:00:00,2020-04
2020-04-11 12:00:00,1.5554626,4.764876,5.0123353,198.07893,2020-04-11 12:00:00,2020-04
2020-04-12 12:00:00,3.4514735,-2.6303203,4.339499,307.31052,2020-04-12 12:00:00,2020-04
2020-04-13 12:00:00,2.270208,-9.300377,9.573445,346.28244,2020-04-13 12:00:00,2020-04
2020-04-14 12:00:00,4.8458066,-1.6479,5.118341,288.7815,2020-04-14 12:00:00,2020-04
2020-04-15 12:00:00,5.6450777,1.6644698,5.885351,253.57167,2020-04-15 12:00:00,2020-04
2020-04-16 12:00:00,0.2866841,-3.2445157,3.2571566,354.95047,2020-04-16 12:00:00,2020-04
2020-04-17 12:00:00,-2.5028086,-3.2010677,4.063359,38.020676,2020-04-17 12:00:00,2020-04
2020-04-18 12:00:00,-3.1971643,-1.7334951,3.6368759,61.53356,2020-04-18 12:00:00,2020-04
2020-04-19 12:00:00,-3.677113,-1.1745161,3.8601358,72.28587,2020-04-19 12:00:00,2020-04
2020-04-20 12:00:00,-5.0172863,-1.6135842,5.2703714,72.17196,2020-04-20 12:00:00,2020-04
2020-04-21 12:00:00,-6.146255,-0.9298052,6.2161875,81.39753,2020-04-21 12:00:00,2020-04
2020-04-22 12:00:00,-4.619246,-1.1134068,4.7515373,76.448135,2020-04-22 12:00:00,2020-04
2020-04-23 12:00:00,-0.95446885,-1.4917954,1.7710066,32.611618,2020-04-23 12:00:00,2020-04
2020-04-24 12:00:00,1.4738632,-5.780041,5.964994,345.6949,2020-04-24 12:00:00,2020-04
2020-04-25 12:00:00,1.120475,-2.2802806,2.5406976,333.8316,2020-04-25 12:00:00,2020-04
2020-04-26 12:00:00,1.9702516,1.4842707,2.4667692,233.0078,2020-04-26 12:00:00,2020-04
2020-04-27 12:00:00,1.8711716,-1.176936,2.2105343,302.16922,2020-04-27 12:00:00,2020-04
2020-04-28 12:00:00,-1.5336007,-1.5511554,2.1812873,44.67395,2020-04-28 12:00:00,2020-04
2020-04-29 12:00:00,-1.5656513,3.0770025,3.4524207,153.03194,2020-04-29 12:00:00,2020-04
2020-04-30 12:00:00,-1.4174396,4.4280744,4.649406,162.24998,2020-04-30 12:00:00,2020-04
2020-05-01 12:00:00,0.6648269,2.1911037,2.2897446,196.8789,2020-05-01 12:00:00,2020-05
2020-05-02 12:00:00,3.6027634,-2.0882072,4.164194,300.0971,2020-05-02 12:00:00,2020-05
2020-05-03 12:00:00,2.2506378,-1.8180671,2.893223,308.9313,2020-05-03 12:00:00,2020-05
2020-05-04 12:00:00,0.37469277,-4.531298,4.5467634,355.27295,2020-05-04 12:00:00,2020-05
2020-05-05 12:00:00,-0.16940285,-1.8826153,1.8902216,5.1418,2020-05-05 12:00:00,2020-05
2020-05-06 12:00:00,3.278057,-2.0036397,3.8419044,301.43445,2020-05-06 12:00:00,2020-05
2020-05-07 12:00:00,2.533814,1.7106966,3.0572367,235.97487,2020-05-07 12:00:00,2020-05
2020-05-08 12:00:00,2.3578615,-0.16804089,2.363842,274.07648,2020-05-08 12:00:00,2020-05
2020-05-09 12:00:00,-0.21712993,-0.0107239615,0.21739459,87.172485,2020-05-09 12:00:00,2020-05
2020-05-10 12:00:00,0.66074747,-9.040813,9.064926,355.81995,2020-05-10 12:00:00,2020-05
2020-05-11 12:00:00,0.8269107,-8.189795,8.231435,354.23447,2020-05-11 12:00:00,2020-05
2020-05-12 12:00:00,4.3790364,-3.745454,5.762325,310.54083,2020-05-12 12:00:00,2020-05
2020-05-13 12:00:00,1.0819826,-5.5970325,5.7006545,349.0589,2020-05-13 12:00:00,2020-05
2020-05-14 12:00:00,3.622219,-1.5546373,3.9417467,293.22876,2020-05-14 12:00:00,2020-05
2020-05-15 12:00:00,5.5504065,-2.196586,5.969255,291.5913,2020-05-15 12:00:00,2020-05
2020-05-16 12:00:00,7.8579865,-1.5183493,8.003333,280.93613,2020-05-16 12:00:00,2020-05
2020-05-17 12:00:00,6.211191,0.4696728,6.2289233,265.6757,2020-05-17 12:00:00,2020-05
2020-05-18 12:00:00,3.3426907,1.635214,3.7212236,243.93253,2020-05-18 12:00:00,2020-05
2020-05-19 12:00:00,2.193581,-0.34409666,2.2204056,278.91507,2020-05-19 12:00:00,2020-05
2020-05-20 12:00:00,-0.51595217,1.8164977,1.8883513,164.14351,2020-05-20 12:00:00,2020-05
2020-05-21 12:00:00,-1.220171,4.204247,4.377729,163.81604,2020-05-21 12:00:00,2020-05
2020-05-22 12:00:00,-0.008532852,7.728018,7.7280226,179.93674,2020-05-22 12:00:00,2020-05
2020-05-23 12:00:00,5.7898426,7.017484,9.097657,219.52466,2020-05-23 12:00:00,2020-05
2020-05-24 12:00:00,8.438174,-1.3657874,8.547991,279.19403,2020-05-24 12:00:00,2020-05
2020-05-25 12:00:00,1.8505249,-0.23970473,1.8659853,277.3806,2020-05-25 12:00:00,2020-05
2020-05-26 12:00:00,2.268197,1.0568936,2.5023472,245.01627,2020-05-26 12:00:00,2020-05
2020-05-27 12:00:00,1.9681499,-2.681278,3.3260887,323.72003,2020-05-27 12:00:00,2020-05
2020-05-28 12:00:00,0.25649387,-0.33277237,0.42015064,322.37573,2020-05-28 12:00:00,2020-05
2020-05-29 12:00:00,-1.1987225,0.4164234,1.2689934,109.156685,2020-05-29 12:00:00,2020-05
2020-05-30 12:00:00,-3.0729375,-1.0400668,3.2441769,71.301094,2020-05-30 12:00:00,2020-05
2020-05-31 12:00:00,-3.8470292,-0.50973964,3.8806531,82.452156,2020-05-31 12:00:00,2020-05
2020-06-01 12:00:00,-2.2136223,-0.22319072,2.2248456,84.24255,2020-06-01 12:00:00,2020-06
2020-06-02 12:00:00,0.30500093,-1.2085218,1.2464151,345.83575,2020-06-02 12:00:00,2020-06
2020-06-03 12:00:00,0.0961799,-4.9359355,4.9368725,358.88367,2020-06-03 12:00:00,2020-06
2020-06-04 12:00:00,1.4439365,-4.1032896,4.3499355,340.61316,2020-06-04 12:00:00,2020-06
2020-06-05 12:00:00,1.5828973,0.249548,1.6024475,261.0409,2020-06-05 12:00:00,2020-06
2020-06-06 12:00:00,3.8935382,1.2517931,4.08982,252.17712,2020-06-06 12:00:00,2020-06
2020-06-07 12:00:00,2.8702433,-2.7121754,3.9489481,313.37808,2020-06-07 12:00:00,2020-06
2020-06-08 12:00:00,1.5421448,-5.329311,5.547951,343.8611,2020-06-08 12:00:00,2020-06
2020-06-09 12:00:00,0.47807917,-1.5066575,1.5806886,342.3952,2020-06-09 12:00:00,2020-06
2020-06-10 12:00:00,-2.6817458,0.68821955,2.7686472,104.39327,2020-06-10 12:00:00,2020-06
2020-06-11 12:00:00,-4.0129313,-5.3541265,6.69106,36.851654,2020-06-11 12:00:00,2020-06
2020-06-12 12:00:00,-6.150402,-1.4106524,6.310102,77.08211,2020-06-12 12:00:00,2020-06
2020-06-13 12:00:00,-4.6810703,0.6190494,4.721826,97.53339,2020-06-13 12:00:00,2020-06
2020-06-14 12:00:00,-2.7432995,0.5365432,2.7952764,101.0664,2020-06-14 12:00:00,2020-06
2020-06-15 12:00:00,-0.78500175,-0.6578145,1.0241815,50.03772,2020-06-15 12:00:00,2020-06
2020-06-16 12:00:00,-0.020612763,-0.50115997,0.5015837,2.3552551,2020-06-16 12:00:00,2020-06
2020-06-17 12:00:00,-0.49759516,-1.7978232,1.8654139,15.47084,2020-06-17 12:00:00,2020-06
2020-06-18 12:00:00,-1.4718254,-0.79173636,1.6712619,61.722946,2020-06-18 12:00:00,2020-06
2020-06-19 12:00:00,0.29631737,1.8124684,1.8365309,189.28505,2020-06-19 12:00:00,2020-06
2020-06-20 12:00:00,2.3331566,2.0332015,3.094758,228.92987,2020-06-20 12:00:00,2020-06
2020-06-21 12:00:00,-0.42364717,5.4832096,5.4995513,175.58195,2020-06-21 12:00:00,2020-06
2020-06-22 12:00:00,3.150823,2.3094194,3.9065464,233.76016,2020-06-22 12:00:00,2020-06
2020-06-23 12:00:00,1.4504198,2.8624272,3.2089262,206.87178,2020-06-23 12:00:00,2020-06
2020-06-24 12:00:00,-2.1485314,3.2337275,3.8824196,146.39941,2020-06-24 12:00:00,2020-06
2020-06-25 12:00:00,-3.8746586,1.6447604,4.209301,113.000824,2020-06-25 12:00:00,2020-06
2020-06-26 12:00:00,-4.0081773,3.9447577,5.623753,134.54312,2020-06-26 12:00:00,2020-06
2020-06-27 12:00:00,-1.7617981,5.3440385,5.6269603,161.75388,2020-06-27 12:00:00,2020-06
2020-06-28 12:00:00,3.0404706,7.935253,8.497806,200.96483,2020-06-28 12:00:00,2020-06
2020-06-29 12:00:00,3.2414944,7.1026664,7.8073783,204.53087,2020-06-29 12:00:00,2020-06
2020-06-30 12:00:00,6.2824984,0.4793512,6.300759,265.6368,2020-06-30 12:00:00,2020-06
2020-07-01 12:00:00,3.2601635,-0.4110212,3.285971,277.18558,2020-07-01 12:00:00,2020-07
2020-07-02 12:00:00,4.2754645,-1.4773009,4.5234957,289.06155,2020-07-02 12:00:00,2020-07
2020-07-03 12:00:00,4.77115,4.6267147,6.646079,225.88051,2020-07-03 12:00:00,2020-07
2020-07-04 12:00:00,3.995515,3.1155317,5.0666237,232.05441,2020-07-04 12:00:00,2020-07
2020-07-05 12:00:00,9.008576,1.657359,9.159765,259.57553,2020-07-05 12:00:00,2020-07
2020-07-06 12:00:00,8.879132,-5.541626,10.466547,301.96902,2020-07-06 12:00:00,2020-07
2020-07-07 12:00:00,6.3043733,-1.789486,6.553425,285.8465,2020-07-07 12:00:00,2020-07
2020-07-08 12:00:00,2.6912572,-2.5729368,3.7232873,313.7124,2020-07-08 12:00:00,2020-07
2020-07-09 12:00:00,0.74805856,-1.1016941,1.3316611,325.82318,2020-07-09 12:00:00,2020-07
2020-07-10 12:00:00,3.9526973,-3.7887142,5.4752326,313.7865,2020-07-10 12:00:00,2020-07
2020-07-11 12:00:00,5.5521755,-1.7307742,5.8156886,287.31378,2020-07-11 12:00:00,2020-07
2020-07-12 12:00:00,4.787926,-0.3949188,4.8041854,274.7152,2020-07-12 12:00:00,2020-07
2020-07-13 12:00:00,2.6755397,4.3728824,5.126462,211.4603,2020-07-13 12:00:00,2020-07
2020-07-14 12:00:00,3.3459897,-0.7647022,3.4322612,282.87344,2020-07-14 12:00:00,2020-07
2020-07-15 12:00:00,2.6130202,0.6839094,2.7010381,255.3329,2020-07-15 12:00:00,2020-07
2020-07-16 12:00:00,2.6170228,0.41376412,2.64953,261.01562,2020-07-16 12:00:00,2020-07
2020-07-17 12:00:00,3.3058617,2.991124,4.4581995,227.86139,2020-07-17 12:00:00,2020-07
2020-07-18 12:00:00,2.5764606,4.444398,5.1372,210.10129,2020-07-18 12:00:00,2020-07
2020-07-19 12:00:00,2.9299579,-0.9191467,3.0707464,287.41696,2020-07-19 12:00:00,2020-07
2020-07-20 12:00:00,3.8514192,-3.0229793,4.896104,308.12836,2020-07-20 12:00:00,2020-07
2020-07-21 12:00:00,4.0439477,-2.9720466,5.018623,306.31354,2020-07-21 12:00:00,2020-07
2020-07-22 12:00:00,2.12963,0.6275346,2.220163,253.58142,2020-07-22 12:00:00,2020-07
2020-07-23 12:00:00,1.4950156,3.3690991,3.6859057,203.92894,2020-07-23 12:00:00,2020-07
2020-07-24 12:00:00,3.462871,-2.431326,4.2311726,305.07318,2020-07-24 12:00:00,2020-07
2020-07-25 12:00:00,0.6454658,5.5682435,5.6055293,186.61217,2020-07-25 12:00:00,2020-07
2020-07-26 12:00:00,5.24771,1.8059978,5.5497828,251.00911,2020-07-26 12:00:00,2020-07
2020-07-27 12:00:00,-1.015351,7.4616237,7.5303893,172.25099,2020-07-27 12:00:00,2020-07
2020-07-28 12:00:00,6.4734364,2.5716715,6.965549,248.3338,2020-07-28 12:00:00,2020-07
2020-07-29 12:00:00,8.48572,-0.8893655,8.532198,275.98315,2020-07-29 12:00:00,2020-07
2020-07-30 12:00:00,3.8339221,0.38213575,3.8529193,264.30798,2020-07-30 12:00:00,2020-07
2020-07-31 12:00:00,-3.4866471,3.3455029,4.8320904,133.8165,2020-07-31 12:00:00,2020-07
2020-08-01 12:00:00,0.74117523,2.536282,2.6423602,196.28989,2020-08-01 12:00:00,2020-08
2020-08-02 12:00:00,4.327437,-0.103565514,4.328676,271.37097,2020-08-02 12:00:00,2020-08
2020-08-03 12:00:00,3.2528737,-1.3647574,3.52757,292.76068,2020-08-03 12:00:00,2020-08
2020-08-04 12:00:00,2.7810698,4.250029,5.0790844,213.19933,2020-08-04 12:00:00,2020-08
2020-08-05 12:00:00,3.640054,6.184675,7.176364,210.47937,2020-08-05 12:00:00,2020-08
2020-08-06 12:00:00,0.32198825,2.7599735,2.7786922,186.65425,2020-08-06 12:00:00,2020-08
2020-08-07 12:00:00,-1.9070454,3.6834035,4.1478047,152.6276,2020-08-07 12:00:00,2020-08
2020-08-08 12:00:00,0.5782355,-2.6582222,2.7203863,347.72778,2020-08-08 12:00:00,2020-08
2020-08-09 12:00:00,-2.1695538,-3.6660511,4.2599173,30.616867,2020-08-09 12:00:00,2020-08
2020-08-10 12:00:00,-3.4707172,-1.3066638,3.708537,69.36953,2020-08-10 12:00:00,2020-08
2020-08-11 12:00:00,-4.466733,0.30356848,4.4770365,93.88796,2020-08-11 12:00:00,2020-08
2020-08-12 12:00:00,-3.2803745,1.6338108,3.664723,116.47588,2020-08-12 12:00:00,2020-08
2020-08-13 12:00:00,-1.1883707,-1.399443,1.8359373,40.337067,2020-08-13 12:00:00,2020-08
2020-08-14 12:00:00,0.29251966,-2.3710892,2.389065,352.96698,2020-08-14 12:00:00,2020-08
2020-08-15 12:00:00,-0.3748155,-2.3723752,2.4018016,8.978058,2020-08-15 12:00:00,2020-08
2020-08-16 12:00:00,-2.4244685,-1.7231236,2.9744246,54.597763,2020-08-16 12:00:00,2020-08
2020-08-17 12:00:00,-1.0310993,1.2537882,1.6233147,140.56656,2020-08-17 12:00:00,2020-08
2020-08-18 12:00:00,1.6122241,2.7082853,3.1518369,210.76505,2020-08-18 12:00:00,2020-08
2020-08-19 12:00:00,-0.93341726,3.9407973,4.0498333,166.6745,2020-08-19 12:00:00,2020-08
2020-08-20 12:00:00,-0.4105557,5.2022343,5.2184095,175.48763,2020-08-20 12:00:00,2020-08
2020-08-21 12:00:00,1.0192325,8.852999,8.911477,186.56746,2020-08-21 12:00:00,2020-08
2020-08-22 12:00:00,6.755617,5.8270307,8.921472,229.22072,2020-08-22 12:00:00,2020-08
2020-08-23 12:00:00,6.23096,-2.104151,6.576649,288.65945,2020-08-23 12:00:00,2020-08
2020-08-24 12:00:00,4.35689,-1.369973,4.5672,287.45514,2020-08-24 12:00:00,2020-08
2020-08-25 12:00:00,-2.13476,5.603084,5.995978,159.1433,2020-08-25 12:00:00,2020-08
2020-08-26 12:00:00,3.7829573,-5.500027,6.6754074,325.47952,2020-08-26 12:00:00,2020-08
2020-08-27 12:00:00,1.0650804,-0.5746611,1.2102196,298.34894,2020-08-27 12:00:00,2020-08
2020-08-28 12:00:00,-1.6327298,-2.1103292,2.668201,37.728592,2020-08-28 12:00:00,2020-08
2020-08-29 12:00:00,-0.14348444,-4.7440987,4.746268,1.7323914,2020-08-29 12:00:00,2020-08
2020-08-30 12:00:00,0.9661543,-6.8438215,6.911682,351.96454,2020-08-30 12:00:00,2020-08
2020-08-31 12:00:00,0.8054315,-2.5760572,2.6990352,342.63757,2020-08-31 12:00:00,2020-08
2020-09-01 12:00:00,-0.66633314,1.7997558,1.9191458,159.68367,2020-09-01 12:00:00,2020-09
2020-09-02 12:00:00,-1.012163,4.811195,4.91651,168.11955,2020-09-02 12:00:00,2020-09
2020-09-03 12:00:00,2.8630075,5.726634,6.402433,206.56258,2020-09-03 12:00:00,2020-09
2020-09-04 12:00:00,7.2995973,3.4533813,8.075269,244.68155,2020-09-04 12:00:00,2020-09
2020-09-05 12:00:00,8.170527,-1.467972,8.301353,280.1855,2020-09-05 12:00:00,2020-09
2020-09-06 12:00:00,5.2760754,-2.8825705,6.0121694,298.64987,2020-09-06 12:00:00,2020-09
2020-09-07 12:00:00,4.320738,6.4595532,7.771396,213.77821,2020-09-07 12:00:00,2020-09
2020-09-08 12:00:00,6.863454,1.7372115,7.079894,255.79614,2020-09-08 12:00:00,2020-09
2020-09-09 12:00:00,8.041344,-1.3508959,8.154025,279.5363,2020-09-09 12:00:00,2020-09
2020-09-10 12:00:00,3.4397812,0.34349298,3.4568892,264.2974,2020-09-10 12:00:00,2020-09
2020-09-11 12:00:00,5.51492,7.236758,9.098627,217.30995,2020-09-11 12:00:00,2020-09
2020-09-12 12:00:00,9.181783,2.2195308,9.44624,256.41046,2020-09-12 12:00:00,2020-09
2020-09-13 12:00:00,5.803827,4.194785,7.1610494,234.14203,2020-09-13 12:00:00,2020-09
2020-09-14 12:00:00,2.0062695,3.2327135,3.804675,211.82434,2020-09-14 12:00:00,2020-09
2020-09-15 12:00:00,-0.42784446,1.9398222,1.9864444,167.56206,2020-09-15 12:00:00,2020-09
2020-09-16 12:00:00,-0.21623594,-7.891037,7.893999,1.5696716,2020-09-16 12:00:00,2020-09
2020-09-17 12:00:00,-0.647183,1.000845,1.1918626,147.11182,2020-09-17 12:00:00,2020-09
2020-09-18 12:00:00,-0.8824974,-0.18638149,0.90196437,78.07452,2020-09-18 12:00:00,2020-09
2020-09-19 12:00:00,-2.8762233,-1.9705193,3.486489,55.58471,2020-09-19 12:00:00,2020-09
2020-09-20 12:00:00,-0.30335125,-1.3950323,1.4276334,12.268051,2020-09-20 12:00:00,2020-09
2020-09-21 12:00:00,3.0837474,2.587262,4.0253477,230.00337,2020-09-21 12:00:00,2020-09
2020-09-22 12:00:00,2.490855,5.8074174,6.319055,203.21494,2020-09-22 12:00:00,2020-09
2020-09-23 12:00:00,1.7207942,0.8836798,1.9344308,242.81813,2020-09-23 12:00:00,2020-09
2020-09-24 12:00:00,4.6826515,3.0699003,5.599242,236.75154,2020-09-24 12:00:00,2020-09
2020-09-25 12:00:00,-1.0836624,-3.5661876,3.7271998,16.902542,2020-09-25 12:00:00,2020-09
2020-09-26 12:00:00,-1.1358031,-9.099135,9.16975,7.1151733,2020-09-26 12:00:00,2020-09
2020-09-27 12:00:00,-2.3710856,-4.9267416,5.4676166,25.700058,2020-09-27 12:00:00,2020-09
2020-09-28 12:00:00,-1.0939889,0.91106975,1.4236783,129.78741,2020-09-28 12:00:00,2020-09
2020-09-29 12:00:00,0.7123017,-0.005443656,0.7123225,270.43787,2020-09-29 12:00:00,2020-09
2020-09-30 12:00:00,-1.563359,7.0449567,7.2163363,167.48814,2020-09-30 12:00:00,2020-09
2020-10-01 12:00:00,-5.3036613,5.131488,7.379769,134.05475,2020-10-01 12:00:00,2020-10
2020-10-02 12:00:00,-7.6443434,0.93733454,7.7015963,96.99061,2020-10-02 12:00:00,2020-10
2020-10-03 12:00:00,-7.634904,1.4962814,7.7801423,101.08825,2020-10-03 12:00:00,2020-10
2020-10-04 12:00:00,-3.3903732,3.7632775,5.065263,137.98401,2020-10-04 12:00:00,2020-10
2020-10-05 12:00:00,-3.2554576,5.5012426,6.392314,149.38432,2020-10-05 12:00:00,2020-10
2020-10-06 12:00:00,1.3268735,2.6023898,2.9211342,207.01555,2020-10-06 12:00:00,2020-10
2020-10-07 12:00:00,6.1912093,-0.01278605,6.1912227,270.11832,2020-10-07 12:00:00,2020-10
2020-10-08 12:00:00,4.223534,1.2510139,4.404915,253.50067,2020-10-08 12:00:00,2020-10
2020-10-09 12:00:00,5.066909,2.901301,5.8387594,240.20464,2020-10-09 12:00:00,2020-10
2020-10-10 12:00:00,4.9159703,-3.4587648,6.0108085,305.12933,2020-10-10 12:00:00,2020-10
2020-10-11 12:00:00,2.4371688,-6.640822,7.0739174,339.84695,2020-10-11 12:00:00,2020-10
2020-10-12 12:00:00,3.028357,0.31545487,3.0447428,264.0531,2020-10-12 12:00:00,2020-10
2020-10-13 12:00:00,-4.6707087,0.32621115,4.6820865,93.99516,2020-10-13 12:00:00,2020-10
2020-10-14 12:00:00,-4.449571,-5.532127,7.099515,38.81024,2020-10-14 12:00:00,2020-10
2020-10-15 12:00:00,-3.2846515,-4.0522084,5.216256,39.02765,2020-10-15 12:00:00,2020-10
2020-10-16 12:00:00,-2.058383,-3.5014336,4.0616474,30.449936,2020-10-16 12:00:00,2020-10
2020-10-17 12:00:00,1.4714141,-3.378144,3.6846867,336.46356,2020-10-17 12:00:00,2020-10
2020-10-18 12:00:00,3.0599573,-4.2558784,5.24174,324.28403,2020-10-18 12:00:00,2020-10
2020-10-19 12:00:00,0.7961152,4.792186,4.857864,189.43228,2020-10-19 12:00:00,2020-10
2020-10-20 12:00:00,0.16755442,7.4453516,7.447237,181.2892,2020-10-20 12:00:00,2020-10
2020-10-21 12:00:00,-1.0590892,4.9268804,5.039427,167.86823,2020-10-21 12:00:00,2020-10
2020-10-22 12:00:00,4.7938337,2.4381886,5.378253,243.04169,2020-10-22 12:00:00,2020-10
2020-10-23 12:00:00,2.3274882,5.2799096,5.7701516,203.78883,2020-10-23 12:00:00,2020-10
2020-10-24 12:00:00,1.738061,10.03062,10.180088,189.83035,2020-10-24 12:00:00,2020-10
2020-10-25 12:00:00,3.8560848,7.7528973,8.658915,206.44453,2020-10-25 12:00:00,2020-10
2020-10-26 12:00:00,2.021451,7.198285,7.4767356,195.68602,2020-10-26 12:00:00,2020-10
2020-10-27 12:00:00,3.0565066,5.8268337,6.5798345,207.67957,2020-10-27 12:00:00,2020-10
2020-10-28 12:00:00,6.2675014,7.354295,9.662672,220.4384,2020-10-28 12:00:00,2020-10
2020-10-29 12:00:00,4.9193287,2.9916108,5.7575626,238.6948,2020-10-29 12:00:00,2020-10
2020-10-30 12:00:00,5.503086,2.9449444,6.2415266,241.8468,2020-10-30 12:00:00,2020-10
2020-10-31 12:00:00,-3.4017277,9.477867,10.069842,160.25629,2020-10-31 12:00:00,2020-10
2020-11-01 12:00:00,1.7640679,11.089281,11.228717,189.0388,2020-11-01 12:00:00,2020-11
2020-11-02 12:00:00,8.009081,4.416346,9.146009,241.12689,2020-11-02 12:00:00,2020-11
2020-11-03 12:00:00,5.4230814,5.275556,7.5657983,225.79001,2020-11-03 12:00:00,2020-11
2020-11-04 12:00:00,6.4649425,-3.149402,7.1912594,295.97305,2020-11-04 12:00:00,2020-11
2020-11-05 12:00:00,7.593983,0.25367898,7.598219,268.08673,2020-11-05 12:00:00,2020-11
2020-11-06 12:00:00,1.4075999,1.7640483,2.2568128,218.58768,2020-11-06 12:00:00,2020-11
2020-11-07 12:00:00,1.6245135,1.9578965,2.5440917,219.6833,2020-11-07 12:00:00,2020-11
2020-11-08 12:00:00,-2.095113,2.8770092,3.559028,143.93692,2020-11-08 12:00:00,2020-11
2020-11-09 12:00:00,-2.8553007,4.4098883,5.2535567,147.07788,2020-11-09 12:00:00,2020-11
2020-11-10 12:00:00,-2.2717876,4.33447,4.8937354,152.34001,2020-11-10 12:00:00,2020-11
2020-11-11 12:00:00,-1.1957369,7.4068694,7.502766,170.82951,2020-11-11 12:00:00,2020-11
2020-11-12 12:00:00,0.56533265,5.82075,5.8481393,185.54738,2020-11-12 12:00:00,2020-11
2020-11-13 12:00:00,0.9843699,8.051118,8.111072,186.97067,2020-11-13 12:00:00,2020-11
2020-11-14 12:00:00,0.64654297,8.205529,8.230962,184.50523,2020-11-14 12:00:00,2020-11
2020-11-15 12:00:00,-1.0340228,10.029006,10.0821705,174.11342,2020-11-15 12:00:00,2020-11
2020-11-16 12:00:00,8.563537,2.395211,8.892199,254.37375,2020-11-16 12:00:00,2020-11
2020-11-17 12:00:00,7.639106,5.5608044,9.4487295,233.94766,2020-11-17 12:00:00,2020-11
2020-11-18 12:00:00,3.8669667,9.437762,10.199254,202.28055,2020-11-18 12:00:00,2020-11
2020-11-19 12:00:00,7.5638905,-8.2453375,11.189193,317.46817,2020-11-19 12:00:00,2020-11
2020-11-20 12:00:00,3.226166,3.6600423,4.87894,221.39474,2020-11-20 12:00:00,2020-11
2020-11-21 12:00:00,10.033318,4.7988462,11.121887,244.43863,2020-11-21 12:00:00,2020-11
2020-11-22 12:00:00,10.031591,-1.3340279,10.1199045,277.5749,2020-11-22 12:00:00,2020-11
2020-11-23 12:00:00,5.978621,3.3955197,6.87557,240.40585,2020-11-23 12:00:00,2020-11
2020-11-24 12:00:00,4.460382,6.3279285,7.7419434,215.17896,2020-11-24 12:00:00,2020-11
2020-11-25 12:00:00,3.5934207,3.803183,5.2322917,223.37556,2020-11-25 12:00:00,2020-11
2020-11-26 12:00:00,2.5366158,-1.3841894,2.889706,298.62054,2020-11-26 12:00:00,2020-11
2020-11-27 12:00:00,-0.93310934,2.006973,2.2132857,155.0647,2020-11-27 12:00:00,2020-11
2020-11-28 12:00:00,-2.8540132,3.0804389,4.1993446,137.18503,2020-11-28 12:00:00,2020-11
2020-11-29 12:00:00,-0.53127694,3.426437,3.46738,171.18634,2020-11-29 12:00:00,2020-11
2020-11-30 12:00:00,5.354452,3.4093947,6.347766,237.51346,2020-11-30 12:00:00,2020-11
2020-12-01 12:00:00,-0.515582,-5.6510897,5.6745605,5.2130127,2020-12-01 12:00:00,2020-12
2020-12-02 12:00:00,1.4856441,5.0032125,5.2191257,196.53816,2020-12-02 12:00:00,2020-12
2020-12-03 12:00:00,-0.42651984,7.4180884,7.4303403,176.70927,2020-12-03 12:00:00,2020-12
2020-12-04 12:00:00,-6.710801,4.7545652,8.224399,125.31736,2020-12-04 12:00:00,2020-12
2020-12-05 12:00:00,-3.489676,0.48385388,3.52306,97.893906,2020-12-05 12:00:00,2020-12
2020-12-06 12:00:00,-3.1246397,0.8381755,3.2351062,105.01593,2020-12-06 12:00:00,2020-12
2020-12-07 12:00:00,-2.7681243,-0.33754438,2.7886286,83.0477,2020-12-07 12:00:00,2020-12
2020-12-08 12:00:00,-2.9688015,5.204519,5.9917274,150.29837,2020-12-08 12:00:00,2020-12
2020-12-09 12:00:00,-2.9349434,5.140949,5.9197335,150.27817,2020-12-09 12:00:00,2020-12
2020-12-10 12:00:00,-3.041568,6.411872,7.0967064,154.62198,2020-12-10 12:00:00,2020-12
2020-12-11 12:00:00,-7.560131,6.317543,9.852255,129.88345,2020-12-11 12:00:00,2020-12
2020-12-12 12:00:00,-4.7466974,1.8107318,5.080343,110.88045,2020-12-12 12:00:00,2020-12
2020-12-13 12:00:00,-2.5618358,5.8741007,6.408437,156.43683,2020-12-13 12:00:00,2020-12
2020-12-14 12:00:00,-0.42706874,8.449269,8.460055,177.10645,2020-12-14 12:00:00,2020-12
2020-12-15 12:00:00,2.2957902,4.974579,5.478785,204.77353,2020-12-15 12:00:00,2020-12
2020-12-16 12:00:00,-1.526353,7.5715184,7.7238364,168.60242,2020-12-16 12:00:00,2020-12
2020-12-17 12:00:00,4.57327,5.539655,7.1834936,219.54141,2020-12-17 12:00:00,2020-12
2020-12-18 12:00:00,1.7632103,8.766565,8.942123,191.37212,2020-12-18 12:00:00,2020-12
2020-12-19 12:00:00,-0.03072249,9.5996065,9.599656,179.81664,2020-12-19 12:00:00,2020-12
2020-12-20 12:00:00,3.531292,8.096513,8.833094,203.5644,2020-12-20 12:00:00,2020-12
2020-12-21 12:00:00,0.9407564,8.019394,8.074386,186.6908,2020-12-21 12:00:00,2020-12
2020-12-22 12:00:00,7.481651,-0.9229256,7.538361,277.0324,2020-12-22 12:00:00,2020-12
2020-12-23 12:00:00,-0.19196953,-1.6751037,1.6860678,6.537674,2020-12-23 12:00:00,2020-12
2020-12-24 12:00:00,0.14534104,-9.203788,9.204935,359.09528,2020-12-24 12:00:00,2020-12
2020-12-25 12:00:00,2.6745222,-2.7581694,3.8419485,315.8821,2020-12-25 12:00:00,2020-12
2020-12-26 12:00:00,6.202171,7.168977,9.479512,220.86441,2020-12-26 12:00:00,2020-12
2020-12-27 12:00:00,3.5089533,6.8960233,7.7374344,206.96869,2020-12-27 12:00:00,2020-12
2020-12-28 12:00:00,-2.9364758,2.6119647,3.9300444,131.65277,2020-12-28 12:00:00,2020-12
2020-12-29 12:00:00,-0.5752039,-2.1312919,2.2075472,15.103455,2020-12-29 12:00:00,2020-12
2020-12-30 12:00:00,2.6329515,-2.2361002,3.4543562,310.3404,2020-12-30 12:00:00,2020-12
2020-12-31 12:00:00,0.8234459,-2.684939,2.8083732,342.9497,2020-12-31 12:00:00,2020-12
2021-01-01 12:00:00,0.4276082,-3.643813,3.6688175,353.30682,2021-01-01 12:00:00,2021-01
2021-01-02 12:00:00,-1.0425992,-1.2479321,1.626145,39.877457,2021-01-02 12:00:00,2021-01
2021-01-03 12:00:00,-6.1943355,-2.107403,6.543007,71.21095,2021-01-03 12:00:00,2021-01
2021-01-04 12:00:00,-6.1156154,-4.3667254,7.514589,54.47207,2021-01-04 12:00:00,2021-01
2021-01-05 12:00:00,-5.5965986,-3.531017,6.617401,57.751274,2021-01-05 12:00:00,2021-01
2021-01-06 12:00:00,-2.266282,-3.0729766,3.8182745,36.408325,2021-01-06 12:00:00,2021-01
2021-01-07 12:00:00,0.10221582,-2.2222915,2.224641,357.3665,2021-01-07 12:00:00,2021-01
2021-01-08 12:00:00,-0.8563522,-2.7716594,2.9009368,17.169449,2021-01-08 12:00:00,2021-01
2021-01-09 12:00:00,2.8649864,2.2822545,3.6628995,231.45909,2021-01-09 12:00:00,2021-01
2021-01-10 12:00:00,5.5193357,0.051681247,5.5195775,269.4635,2021-01-10 12:00:00,2021-01
2021-01-11 12:00:00,6.7824163,1.8029402,7.01796,255.11357,2021-01-11 12:00:00,2021-01
2021-01-12 12:00:00,5.5360794,-8.097074,9.808709,325.63904,2021-01-12 12:00:00,2021-01
2021-01-13 12:00:00,1.6899742,-5.9046316,6.141717,344.02826,2021-01-13 12:00:00,2021-01
2021-01-14 12:00:00,-4.4154515,1.1168735,4.5545163,104.19503,2021-01-14 12:00:00,2021-01
2021-01-15 12:00:00,-0.12425281,-0.5348808,0.54912317,13.077866,2021-01-15 12:00:00,2021-01
2021-01-16 12:00:00,-0.8856139,8.780155,8.824706,174.24033,2021-01-16 12:00:00,2021-01
2021-01-17 12:00:00,3.437169,0.37811252,3.4579039,263.7223,2021-01-17 12:00:00,2021-01
2021-01-18 12:00:00,6.7535987,1.9952174,7.0421576,253.54126,2021-01-18 12:00:00,2021-01
2021-01-19 12:00:00,3.2577188,3.0625665,4.4712467,226.76855,2021-01-19 12:00:00,2021-01
2021-01-20 12:00:00,1.031319,5.7733345,5.8647256,190.12819,2021-01-20 12:00:00,2021-01
2021-01-21 12:00:00,4.367559,8.952041,9.960652,206.00702,2021-01-21 12:00:00,2021-01
2021-01-22 12:00:00,8.662324,-0.19593741,8.664539,271.29578,2021-01-22 12:00:00,2021-01
2021-01-23 12:00:00,3.6836574,1.4181528,3.947213,248.94403,2021-01-23 12:00:00,2021-01
2021-01-24 12:00:00,1.7219923,1.0700564,2.0273821,238.14293,2021-01-24 12:00:00,2021-01
2021-01-25 12:00:00,2.2568588,-0.46206173,2.3036737,281.57065,2021-01-25 12:00:00,2021-01
2021-01-26 12:00:00,3.1124592,-0.26355898,3.123598,274.84018,2021-01-26 12:00:00,2021-01
2021-01-27 12:00:00,1.5587336,-0.84119564,1.7712313,298.35422,2021-01-27 12:00:00,2021-01
2021-01-28 12:00:00,-2.3695822,1.4420526,2.7738845,121.32337,2021-01-28 12:00:00,2021-01
2021-01-29 12:00:00,-2.4390588,0.49572584,2.488926,101.48859,2021-01-29 12:00:00,2021-01
2021-01-30 12:00:00,-1.5111021,-2.1877596,2.6588948,34.633133,2021-01-30 12:00:00,2021-01
2021-01-31 12:00:00,0.7912131,-0.40329012,0.88806593,297.00845,2021-01-31 12:00:00,2021-01
2021-02-01 12:00:00,-1.5632328,-1.4324667,2.1202967,47.49945,2021-02-01 12:00:00,2021-02
2021-02-02 12:00:00,-4.16527,1.2768306,4.356578,107.04251,2021-02-02 12:00:00,2021-02
2021-02-03 12:00:00,-6.4918385,-0.22318268,6.4956737,88.031006,2021-02-03 12:00:00,2021-02
2021-02-04 12:00:00,-5.0530214,1.6517663,5.316141,108.1019,2021-02-04 12:00:00,2021-02
2021-02-05 12:00:00,-7.3080215,1.4088674,7.4425864,100.91183,2021-02-05 12:00:00,2021-02
2021-02-06 12:00:00,-9.561836,0.47536296,9.573645,92.8461,2021-02-06 12:00:00,2021-02
2021-02-07 12:00:00,-10.066274,-2.8938353,10.473975,73.96121,2021-02-07 12:00:00,2021-02
2021-02-08 12:00:00,-9.298031,-3.0775695,9.794122,71.6859,2021-02-08 12:00:00,2021-02
2021-02-09 12:00:00,-7.1153245,-2.1348078,7.428677,73.29921,2021-02-09 12:00:00,2021-02
2021-02-10 12:00:00,-3.6137733,-3.7681122,5.220922,43.802246,2021-02-10 12:00:00,2021-02
2021-02-11 12:00:00,-4.610891,1.3081241,4.7928596,105.838806,2021-02-11 12:00:00,2021-02
2021-02-12 12:00:00,-5.5278654,2.3534803,6.0080085,113.061806,2021-02-12 12:00:00,2021-02
2021-02-13 12:00:00,-2.6263356,5.7578106,6.328509,155.48064,2021-02-13 12:00:00,2021-02
2021-02-14 12:00:00,-3.134896,10.141675,10.615137,162.82309,2021-02-14 12:00:00,2021-02
2021-02-15 12:00:00,0.17275742,6.9081273,6.910287,181.43254,2021-02-15 12:00:00,2021-02
2021-02-16 12:00:00,-1.5287446,7.443856,7.5992136,168.39453,2021-02-16 12:00:00,2021-02
2021-02-17 12:00:00,-0.4056832,6.6388264,6.65121,176.50314,2021-02-17 12:00:00,2021-02
2021-02-18 12:00:00,-3.0945978,9.81322,10.2895975,162.49734,2021-02-18 12:00:00,2021-02
2021-02-19 12:00:00,0.90169966,8.620321,8.667353,185.97151,2021-02-19 12:00:00,2021-02
2021-02-20 12:00:00,-0.552645,8.077204,8.096087,176.0859,2021-02-20 12:00:00,2021-02
2021-02-21 12:00:00,1.3492805,6.0134697,6.1629844,192.64636,2021-02-21 12:00:00,2021-02
2021-02-22 12:00:00,1.0344123,4.8953815,5.0034757,191.9313,2021-02-22 12:00:00,2021-02
2021-02-23 12:00:00,0.04425825,8.639156,8.63927,180.29352,2021-02-23 12:00:00,2021-02
2021-02-24 12:00:00,4.291033,8.175349,9.233055,207.69383,2021-02-24 12:00:00,2021-02
2021-02-25 12:00:00,6.5803075,2.9026976,7.1920857,246.19681,2021-02-25 12:00:00,2021-02
2021-02-26 12:00:00,5.3062034,-2.1981306,5.7434807,292.5021,2021-02-26 12:00:00,2021-02
2021-02-27 12:00:00,3.8434582,-0.15132281,3.846436,272.25464,2021-02-27 12:00:00,2021-02
2021-02-28 12:00:00,1.6593566,-0.22993162,1.6752113,277.88904,2021-02-28 12:00:00,2021-02
2021-03-01 12:00:00,0.5277132,0.8419375,0.9936498,212.07884,2021-03-01 12:00:00,2021-03
2021-03-02 12:00:00,-1.2738445,0.9223668,1.5727174,125.90759,2021-03-02 12:00:00,2021-03
2021-03-03 12:00:00,1.7079428,-2.7180095,3.210085,327.85556,2021-03-03 12:00:00,2021-03
2021-03-04 12:00:00,-1.3694983,-6.202647,6.3520355,12.450729,2021-03-04 12:00:00,2021-03
2021-03-05 12:00:00,1.0367715,-4.1992054,4.3253,346.1312,2021-03-05 12:00:00,2021-03
2021-03-06 12:00:00,5.542927,-1.7501413,5.8126616,287.52313,2021-03-06 12:00:00,2021-03
2021-03-07 12:00:00,1.4989535,-3.4517448,3.763164,336.5266,2021-03-07 12:00:00,2021-03
2021-03-08 12:00:00,-0.09371797,3.562285,3.5635176,178.49298,2021-03-08 12:00:00,2021-03
2021-03-09 12:00:00,-0.25648487,2.0938601,2.1095104,173.01642,2021-03-09 12:00:00,2021-03
2021-03-10 12:00:00,0.67853665,10.082535,10.105341,183.8501,2021-03-10 12:00:00,2021-03
2021-03-11 12:00:00,8.782398,3.5552905,9.474735,247.9609,2021-03-11 12:00:00,2021-03
2021-03-12 12:00:00,8.391199,5.6643367,10.124077,235.97934,2021-03-12 12:00:00,2021-03
2021-03-13 12:00:00,4.1148705,2.6605783,4.9000854,237.11424,2021-03-13 12:00:00,2021-03
2021-03-14 12:00:00,8.393211,-1.17975,8.4757185,278.00107,2021-03-14 12:00:00,2021-03
2021-03-15 12:00:00,3.7433858,-7.2269135,8.138871,332.61682,2021-03-15 12:00:00,2021-03
2021-03-16 12:00:00,2.7318158,-2.2808928,3.5588326,309.85974,2021-03-16 12:00:00,2021-03
2021-03-17 12:00:00,0.93465775,-4.784744,4.875178,348.94696,2021-03-17 12:00:00,2021-03
2021-03-18 12:00:00,1.415953,-3.8817406,4.1319284,339.9594,2021-03-18 12:00:00,2021-03
2021-03-19 12:00:00,-1.789282,-1.2557822,2.1859825,54.937454,2021-03-19 12:00:00,2021-03
2021-03-20 12:00:00,5.7518506,-1.6349487,5.9797025,285.86768,2021-03-20 12:00:00,2021-03
2021-03-21 12:00:00,3.8076837,-6.572173,7.5955195,329.9135,2021-03-21 12:00:00,2021-03
2021-03-22 12:00:00,4.714939,0.14330745,4.7171164,268.25906,2021-03-22 12:00:00,2021-03
2021-03-23 12:00:00,3.491267,4.336253,5.567049,218.83875,2021-03-23 12:00:00,2021-03
2021-03-24 12:00:00,5.20122,4.2924204,6.7437053,230.46811,2021-03-24 12:00:00,2021-03
2021-03-25 12:00:00,3.9495,4.8371887,6.244754,219.23117,2021-03-25 12:00:00,2021-03
2021-03-26 12:00:00,1.511163,10.359475,10.469113,188.29935,2021-03-26 12:00:00,2021-03
2021-03-27 12:00:00,7.3730235,0.63332146,7.4001737,265.0905,2021-03-27 12:00:00,2021-03
2021-03-28 12:00:00,7.0627303,6.139557,9.358222,228.99991,2021-03-28 12:00:00,2021-03
2021-03-29 12:00:00,8.012723,4.9664626,9.427061,238.20845,2021-03-29 12:00:00,2021-03
2021-03-30 12:00:00,4.0755463,3.6525555,5.4727726,228.1329,2021-03-30 12:00:00,2021-03
2021-03-31 12:00:00,0.6415229,-0.81637585,1.038278,321.83908,2021-03-31 12:00:00,2021-03
2021-04-01 12:00:00,0.23409271,-5.653623,5.6584673,357.62897,2021-04-01 12:00:00,2021-04
2021-04-02 12:00:00,2.627205,-7.634347,8.073751,341.01013,2021-04-02 12:00:00,2021-04
2021-04-03 12:00:00,1.9064331,-4.691655,5.0641994,337.88583,2021-04-03 12:00:00,2021-04
2021-04-04 12:00:00,8.144385,2.4241242,8.497493,253.42468,2021-04-04 12:00:00,2021-04
2021-04-05 12:00:00,7.5219097,-10.053062,12.555604,323.1954,2021-04-05 12:00:00,2021-04
2021-04-06 12:00:00,7.898803,-8.599668,11.6767025,317.4325,2021-04-06 12:00:00,2021-04
2021-04-07 12:00:00,6.213936,-7.6889176,9.885973,321.05597,2021-04-07 12:00:00,2021-04
2021-04-08 12:00:00,6.9966745,6.524317,9.566617,227.00082,2021-04-08 12:00:00,2021-04
2021-04-09 12:00:00,6.8851585,-2.0920506,7.1959767,286.90137,2021-04-09 12:00:00,2021-04
2021-04-10 12:00:00,1.1021029,-2.241499,2.4977887,333.8175,2021-04-10 12:00:00,2021-04
2021-04-11 12:00:00,0.08122673,-4.9524755,4.9531417,359.06036,2021-04-11 12:00:00,2021-04
2021-04-12 12:00:00,4.8255386,-3.9498641,6.2359643,309.30145,2021-04-12 12:00:00,2021-04
2021-04-13 12:00:00,3.9912663,-3.7910347,5.504739,313.52615,2021-04-13 12:00:00,2021-04
2021-04-14 12:00:00,1.0750924,-3.9051678,4.0504518,344.6078,2021-04-14 12:00:00,2021-04
2021-04-15 12:00:00,-1.7095306,-1.9206245,2.5712435,41.671997,2021-04-15 12:00:00,2021-04
2021-04-16 12:00:00,-1.263689,-1.308173,1.8188531,44.009094,2021-04-16 12:00:00,2021-04
2021-04-17 12:00:00,-1.4518557,-2.5569909,2.940423,29.587845,2021-04-17 12:00:00,2021-04
2021-04-18 12:00:00,-1.4628865,-0.7006503,1.6220196,64.40789,2021-04-18 12:00:00,2021-04
2021-04-19 12:00:00,-2.1242619,0.99809146,2.3470566,115.16665,2021-04-19 12:00:00,2021-04
2021-04-20 12:00:00,1.4909714,0.6889425,1.6424487,245.19946,2021-04-20 12:00:00,2021-04
2021-04-21 12:00:00,3.3286264,-7.9563284,8.624554,337.29742,2021-04-21 12:00:00,2021-04
2021-04-22 12:00:00,3.3969102,-4.715511,5.81163,324.23218,2021-04-22 12:00:00,2021-04
2021-04-23 12:00:00,1.853534,-2.4071708,3.0381014,322.40353,2021-04-23 12:00:00,2021-04
2021-04-24 12:00:00,-0.07908724,-3.990239,3.9910226,1.1354675,2021-04-24 12:00:00,2021-04
2021-04-25 12:00:00,-0.69795734,-3.6004868,3.6675127,10.970779,2021-04-25 12:00:00,2021-04
2021-04-26 12:00:00,-0.7397303,0.1283309,0.75077945,99.84192,2021-04-26 12:00:00,2021-04
2021-04-27 12:00:00,-3.3601468,0.6455988,3.4216056,100.87594,2021-04-27 12:00:00,2021-04
2021-04-28 12:00:00,-2.9368112,-2.9856272,4.1879387,44.527756,2021-04-28 12:00:00,2021-04
2021-04-29 12:00:00,-1.7894905,-4.4759607,4.820425,21.791565,2021-04-29 12:00:00,2021-04
2021-04-30 12:00:00,-0.47074735,-2.1621294,2.2127826,12.282974,2021-04-30 12:00:00,2021-04
2021-05-01 12:00:00,0.56464416,-2.5048358,2.5676887,347.29663,2021-05-01 12:00:00,2021-05
2021-05-02 12:00:00,2.7623515,-2.7161515,3.8740244,314.51685,2021-05-02 12:00:00,2021-05
2021-05-03 12:00:00,2.518988,3.3910377,4.2242675,216.60632,2021-05-03 12:00:00,2021-05
2021-05-04 12:00:00,2.1687832,-1.9205045,2.8968878,311.52557,2021-05-04 12:00:00,2021-05
2021-05-05 12:00:00,5.1122804,-5.6807814,7.642427,318.01514,2021-05-05 12:00:00,2021-05
2021-05-06 12:00:00,3.1266108,-0.42089924,3.154814,277.66696,2021-05-06 12:00:00,2021-05
2021-05-07 12:00:00,4.482487,-2.5164113,5.1405272,299.3093,2021-05-07 12:00:00,2021-05
2021-05-08 12:00:00,-1.6232643,5.890683,6.1102486,164.59367,2021-05-08 12:00:00,2021-05
2021-05-09 12:00:00,-0.23050408,5.621798,5.6265216,177.65208,2021-05-09 12:00:00,2021-05
2021-05-10 12:00:00,0.93153733,4.994984,5.081105,190.564,2021-05-10 12:00:00,2021-05
2021-05-11 12:00:00,-0.83142,2.6022272,2.731821,162.28116,2021-05-11 12:00:00,2021-05
2021-05-12 12:00:00,0.7232186,-0.36768085,0.81131643,296.94855,2021-05-12 12:00:00,2021-05
2021-05-13 12:00:00,-0.2723924,-3.134192,3.1460066,4.967102,2021-05-13 12:00:00,2021-05
2021-05-14 12:00:00,1.5132926,-2.9021795,3.273026,332.46097,2021-05-14 12:00:00,2021-05
2021-05-15 12:00:00,0.6176274,1.5323061,1.6520972,201.95291,2021-05-15 12:00:00,2021-05
2021-05-16 12:00:00,-0.4864865,2.170562,2.224412,167.36711,2021-05-16 12:00:00,2021-05
2021-05-17 12:00:00,1.750192,-2.0497816,2.695325,319.50787,2021-05-17 12:00:00,2021-05
2021-05-18 12:00:00,3.3668,0.25504658,3.3764465,265.6679,2021-05-18 12:00:00,2021-05
2021-05-19 12:00:00,3.3449967,-1.5952071,3.7058992,295.49615,2021-05-19 12:00:00,2021-05
2021-05-20 12:00:00,1.5938301,2.3600485,2.847828,214.03265,2021-05-20 12:00:00,2021-05
2021-05-21 12:00:00,0.17227122,4.205736,4.209263,182.34558,2021-05-21 12:00:00,2021-05
2021-05-22 12:00:00,2.97587,-1.1845226,3.2029512,291.70465,2021-05-22 12:00:00,2021-05
2021-05-23 12:00:00,3.7241273,2.635544,4.5623693,234.71317,2021-05-23 12:00:00,2021-05
2021-05-24 12:00:00,-1.7973723,5.3200994,5.6155148,161.33269,2021-05-24 12:00:00,2021-05
2021-05-25 12:00:00,1.0416037,-1.5905032,1.9012203,326.7796,2021-05-25 12:00:00,2021-05
2021-05-26 12:00:00,1.464425,-4.2445893,4.490109,340.96506,2021-05-26 12:00:00,2021-05
2021-05-27 12:00:00,2.4008214,-3.865663,4.5505266,328.1571,2021-05-27 12:00:00,2021-05
2021-05-28 12:00:00,1.4341354,-1.1562105,1.8421637,308.876,2021-05-28 12:00:00,2021-05
2021-05-29 12:00:00,0.8195249,-2.2425869,2.3876383,339.92578,2021-05-29 12:00:00,2021-05
2021-05-30 12:00:00,-0.06959714,-1.7966379,1.7979853,2.218399,2021-05-30 12:00:00,2021-05
2021-05-31 12:00:00,-0.3858806,0.056413382,0.38998243,98.317375,2021-05-31 12:00:00,2021-05
2021-06-01 12:00:00,-2.3688607,0.3459445,2.3939881,98.308655,2021-06-01 12:00:00,2021-06
2021-06-02 12:00:00,-5.274651,1.0333347,5.374916,101.084206,2021-06-02 12:00:00,2021-06
2021-06-03 12:00:00,-2.8689294,1.3990812,3.1918933,115.99695,2021-06-03 12:00:00,2021-06
2021-06-04 12:00:00,-0.6852535,0.27515775,0.7384336,111.87751,2021-06-04 12:00:00,2021-06
2021-06-05 12:00:00,0.17185086,-1.1038412,1.1171383,351.15097,2021-06-05 12:00:00,2021-06
2021-06-06 12:00:00,1.4417092,-1.0445155,1.7803197,305.92325,2021-06-06 12:00:00,2021-06
2021-06-07 12:00:00,0.7217632,-0.5301918,0.89556986,306.3002,2021-06-07 12:00:00,2021-06
2021-06-08 12:00:00,1.2170949,2.2463233,2.5548558,208.44955,2021-06-08 12:00:00,2021-06
2021-06-09 12:00:00,1.4933063,3.5058897,3.8106725,203.0712,2021-06-09 12:00:00,2021-06
2021-06-10 12:00:00,2.3534598,3.6819024,4.369803,212.58658,2021-06-10 12:00:00,2021-06
2021-06-11 12:00:00,4.9662366,3.9864466,6.3683014,231.24564,2021-06-11 12:00:00,2021-06
2021-06-12 12:00:00,7.1135907,-3.2787013,7.832819,294.7453,2021-06-12 12:00:00,2021-06
2021-06-13 12:00:00,3.9090412,2.9794755,4.9150662,232.6853,2021-06-13 12:00:00,2021-06
2021-06-14 12:00:00,6.246121,0.9401065,6.3164725,261.4406,2021-06-14 12:00:00,2021-06
2021-06-15 12:00:00,1.6263123,-1.0204486,1.9199497,302.1067,2021-06-15 12:00:00,2021-06
2021-06-16 12:00:00,-0.7610687,5.4143434,5.4675717,171.99863,2021-06-16 12:00:00,2021-06
2021-06-17 12:00:00,-0.7887602,1.4482391,1.6491024,151.42578,2021-06-17 12:00:00,2021-06
2021-06-18 12:00:00,-0.6745221,-3.7961202,3.8555815,10.075592,2021-06-18 12:00:00,2021-06
2021-06-19 12:00:00,1.8657387,-2.6433086,3.2354383,324.78424,2021-06-19 12:00:00,2021-06
2021-06-20 12:00:00,0.92101574,-2.71222,2.8643336,341.24353,2021-06-20 12:00:00,2021-06
2021-06-21 12:00:00,1.2435201,-5.800533,5.932328,347.90005,2021-06-21 12:00:00,2021-06
2021-06-22 12:00:00,1.5028917,-5.720837,5.9149523,345.2807,2021-06-22 12:00:00,2021-06
2021-06-23 12:00:00,1.7779663,-0.4083755,1.8242627,282.93573,2021-06-23 12:00:00,2021-06
2021-06-24 12:00:00,1.6827782,1.2036684,2.0689514,234.42438,2021-06-24 12:00:00,2021-06
2021-06-25 12:00:00,0.5214949,-0.32385382,0.6138715,301.8407,2021-06-25 12:00:00,2021-06
2021-06-26 12:00:00,0.45165464,-1.8436518,1.8981686,346.23486,2021-06-26 12:00:00,2021-06
2021-06-27 12:00:00,0.3710009,-2.0523198,2.0855834,349.7532,2021-06-27 12:00:00,2021-06
2021-06-28 12:00:00,0.45224032,-1.4642005,1.5324504,342.8359,2021-06-28 12:00:00,2021-06
2021-06-29 12:00:00,0.7743502,-5.048342,5.1073847,351.27954,2021-06-29 12:00:00,2021-06
2021-06-30 12:00:00,0.2863722,-4.9138203,4.922158,356.6646,2021-06-30 12:00:00,2021-06
2021-07-01 12:00:00,0.28186888,-3.2757227,3.2878273,355.0819,2021-07-01 12:00:00,2021-07
2021-07-02 12:00:00,0.72084635,-0.7320811,1.0274056,315.44302,2021-07-02 12:00:00,2021-07
2021-07-03 12:00:00,-0.92821,1.2630696,1.5674561,143.68842,2021-07-03 12:00:00,2021-07
2021-07-04 12:00:00,-1.320593,2.4076586,2.7460492,151.25537,2021-07-04 12:00:00,2021-07
2021-07-05 12:00:00,-0.7036843,3.1399393,3.2178237,167.36829,2021-07-05 12:00:00,2021-07
2021-07-06 12:00:00,-1.249785,5.9055,6.036298,168.05077,2021-07-06 12:00:00,2021-07
2021-07-07 12:00:00,1.6138822,5.9646335,6.1791153,195.14029,2021-07-07 12:00:00,2021-07
2021-07-08 12:00:00,1.2371895,2.3884015,2.689814,207.38411,2021-07-08 12:00:00,2021-07
2021-07-09 12:00:00,0.8692317,0.21892232,0.89637643,255.86365,2021-07-09 12:00:00,2021-07
2021-07-10 12:00:00,1.5610725,-1.0645295,1.8894894,304.29092,2021-07-10 12:00:00,2021-07
2021-07-11 12:00:00,0.000526906,2.225821,2.2258213,180.01357,2021-07-11 12:00:00,2021-07
2021-07-12 12:00:00,-2.6589863,0.24482515,2.6702335,95.26066,2021-07-12 12:00:00,2021-07
2021-07-13 12:00:00,-1.1226584,-3.1476753,3.341889,19.62944,2021-07-13 12:00:00,2021-07
2021-07-14 12:00:00,1.4014149,-4.7253003,4.928735,343.48083,2021-07-14 12:00:00,2021-07
2021-07-15 12:00:00,2.3802636,-6.7784085,7.184182,340.65106,2021-07-15 12:00:00,2021-07
2021-07-16 12:00:00,2.5025296,-3.2420475,4.0955496,322.3355,2021-07-16 12:00:00,2021-07
2021-07-17 12:00:00,4.41744,-1.1595724,4.5670977,284.70822,2021-07-17 12:00:00,2021-07
2021-07-18 12:00:00,3.7225745,-4.1251497,5.5564756,317.93658,2021-07-18 12:00:00,2021-07
2021-07-19 12:00:00,1.5927731,-1.3968072,2.118489,311.24963,2021-07-19 12:00:00,2021-07
2021-07-20 12:00:00,2.4095747,-1.7936695,3.0038807,306.66373,2021-07-20 12:00:00,2021-07
2021-07-21 12:00:00,1.5360386,-2.2225447,2.7016883,325.35098,2021-07-21 12:00:00,2021-07
2021-07-22 12:00:00,2.0881462,-2.8762057,3.554281,324.02008,2021-07-22 12:00:00,2021-07
2021-07-23 12:00:00,0.02954001,-2.020348,2.020564,359.1623,2021-07-23 12:00:00,2021-07
2021-07-24 12:00:00,-2.650873,0.24060783,2.66177,95.18627,2021-07-24 12:00:00,2021-07
2021-07-25 12:00:00,-3.1039689,-0.37227374,3.1262136,83.16091,2021-07-25 12:00:00,2021-07
2021-07-26 12:00:00,-1.9115913,1.5723469,2.475168,129.43843,2021-07-26 12:00:00,2021-07
2021-07-27 12:00:00,0.3368278,2.4009616,2.424473,187.98584,2021-07-27 12:00:00,2021-07
2021-07-28 12:00:00,1.8557552,4.1167254,4.5156674,204.2651,2021-07-28 12:00:00,2021-07
2021-07-29 12:00:00,5.9186764,1.9309992,6.2257123,251.93082,2021-07-29 12:00:00,2021-07
2021-07-30 12:00:00,3.1113615,0.80029637,3.2126384,255.57521,2021-07-30 12:00:00,2021-07
2021-07-31 12:00:00,5.021978,-3.4378593,6.085979,304.3941,2021-07-31 12:00:00,2021-07
2021-08-01 12:00:00,3.7370524,-5.378438,6.549287,325.20758,2021-08-01 12:00:00,2021-08
2021-08-02 12:00:00,3.2989652,-3.4535563,4.776005,316.31146,2021-08-02 12:00:00,2021-08
2021-08-03 12:00:00,1.096084,-0.03822035,1.0967501,271.99707,2021-08-03 12:00:00,2021-08
2021-08-04 12:00:00,-0.26074716,2.2868447,2.301662,173.4952,2021-08-04 12:00:00,2021-08
2021-08-05 12:00:00,-3.0630548,4.6751556,5.5892205,146.7681,2021-08-05 12:00:00,2021-08
2021-08-06 12:00:00,-3.8549345,5.009795,6.3212786,142.42245,2021-08-06 12:00:00,2021-08
2021-08-07 12:00:00,-2.0036938,5.611516,5.9585147,160.34998,2021-08-07 12:00:00,2021-08
2021-08-08 12:00:00,1.7475684,4.902975,5.205109,199.6176,2021-08-08 12:00:00,2021-08
2021-08-09 12:00:00,2.8532312,4.428334,5.2679286,212.79419,2021-08-09 12:00:00,2021-08
2021-08-10 12:00:00,2.7150266,1.7839956,3.2486935,236.69179,2021-08-10 12:00:00,2021-08
2021-08-11 12:00:00,2.2108366,2.3642712,3.2369087,223.0792,2021-08-11 12:00:00,2021-08
2021-08-12 12:00:00,2.0059361,4.0057135,4.479902,206.60028,2021-08-12 12:00:00,2021-08
2021-08-13 12:00:00,5.319533,4.1701174,6.7592387,231.90619,2021-08-13 12:00:00,2021-08
2021-08-14 12:00:00,6.8592153,0.80272794,6.906027,263.32507,2021-08-14 12:00:00,2021-08
2021-08-15 12:00:00,4.532405,0.9155,4.6239414,258.58047,2021-08-15 12:00:00,2021-08
2021-08-16 12:00:00,4.9875736,-6.6219287,8.290104,323.01328,2021-08-16 12:00:00,2021-08
2021-08-17 12:00:00,5.397235,-3.5817287,6.477571,303.56915,2021-08-17 12:00:00,2021-08
2021-08-18 12:00:00,7.20595,-2.619792,7.6674,289.97922,2021-08-18 12:00:00,2021-08
2021-08-19 12:00:00,4.2808633,-2.285762,4.8528857,298.09995,2021-08-19 12:00:00,2021-08
2021-08-20 12:00:00,2.2866766,-1.2623552,2.6119783,298.90082,2021-08-20 12:00:00,2021-08
2021-08-21 12:00:00,-0.91828525,1.7715033,1.9953626,152.59937,2021-08-21 12:00:00,2021-08
2021-08-22 12:00:00,-1.2102758,-2.1715226,2.4860165,29.132675,2021-08-22 12:00:00,2021-08
2021-08-23 12:00:00,-0.2470333,-3.4743452,3.4831164,4.0670166,2021-08-23 12:00:00,2021-08
2021-08-24 12:00:00,0.5764926,-2.6028075,2.6658864,347.51123,2021-08-24 12:00:00,2021-08
2021-08-25 12:00:00,3.7869532,-6.790449,7.775038,330.8521,2021-08-25 12:00:00,2021-08
2021-08-26 12:00:00,-0.48092544,-7.4963164,7.5117273,3.6707764,2021-08-26 12:00:00,2021-08
2021-08-27 12:00:00,-1.7904865,-4.974862,5.2872577,19.794159,2021-08-27 12:00:00,2021-08
2021-08-28 12:00:00,-0.7639376,-5.0427175,5.100255,8.614426,2021-08-28 12:00:00,2021-08
2021-08-29 12:00:00,-0.6711928,-5.9134226,5.951392,6.4755554,2021-08-29 12:00:00,2021-08
2021-08-30 12:00:00,-0.64128566,-6.123154,6.156644,5.978882,2021-08-30 12:00:00,2021-08
2021-08-31 12:00:00,0.7068066,-6.636456,6.673989,353.92072,2021-08-31 12:00:00,2021-08
2021-09-01 12:00:00,0.76218593,-5.3047247,5.3592005,351.82367,2021-09-01 12:00:00,2021-09
2021-09-02 12:00:00,0.79479814,-3.4515946,3.5419219,347.03253,2021-09-02 12:00:00,2021-09
2021-09-03 12:00:00,0.42818388,-4.126908,4.149061,354.0765,2021-09-03 12:00:00,2021-09
2021-09-04 12:00:00,-1.8408381,-0.9102338,2.0535848,63.689125,2021-09-04 12:00:00,2021-09
2021-09-05 12:00:00,-1.26212,2.516273,2.8150625,153.36243,2021-09-05 12:00:00,2021-09
2021-09-06 12:00:00,1.0880855,2.6712706,2.8843746,202.16248,2021-09-06 12:00:00,2021-09
2021-09-07 12:00:00,1.4842404,2.5790489,2.9756448,209.9204,2021-09-07 12:00:00,2021-09
2021-09-08 12:00:00,-0.9865053,3.1701097,3.3200586,162.7144,2021-09-08 12:00:00,2021-09
2021-09-09 12:00:00,-1.4972905,2.3170853,2.7587612,147.12964,2021-09-09 12:00:00,2021-09
2021-09-10 12:00:00,0.3382236,3.3494034,3.366437,185.76619,2021-09-10 12:00:00,2021-09
2021-09-11 12:00:00,3.3974354,1.6652185,3.7835855,243.88869,2021-09-11 12:00:00,2021-09
2021-09-12 12:00:00,3.9024823,-4.4313035,5.9047284,318.63086,2021-09-12 12:00:00,2021-09
2021-09-13 12:00:00,0.18211672,-1.7247212,1.7343096,353.97235,2021-09-13 12:00:00,2021-09
2021-09-14 12:00:00,-2.0595586,0.97266656,2.2776878,115.27994,2021-09-14 12:00:00,2021-09
2021-09-15 12:00:00,-0.89264417,-1.0738899,1.396443,39.734222,2021-09-15 12:00:00,2021-09
2021-09-16 12:00:00,1.3864456,-0.7924794,1.5969518,299.75186,2021-09-16 12:00:00,2021-09
2021-09-17 12:00:00,-2.3313434,3.1267693,3.900237,143.2915,2021-09-17 12:00:00,2021-09
2021-09-18 12:00:00,-3.0861719,3.9256601,4.993522,141.82721,2021-09-18 12:00:00,2021-09
2021-09-19 12:00:00,-5.129192,4.8249125,7.0419025,133.24911,2021-09-19 12:00:00,2021-09
2021-09-20 12:00:00,-1.3735335,2.8746328,3.1859236,154.46098,2021-09-20 12:00:00,2021-09
2021-09-21 12:00:00,4.835113,-0.221774,4.8401966,272.62616,2021-09-21 12:00:00,2021-09
2021-09-22 12:00:00,5.6685686,3.524962,6.67518,238.12485,2021-09-22 12:00:00,2021-09
2021-09-23 12:00:00,10.030095,-4.4804883,10.985334,294.07053,2021-09-23 12:00:00,2021-09
2021-09-24 12:00:00,8.472729,3.0890293,9.018272,249.9689,2021-09-24 12:00:00,2021-09
2021-09-25 12:00:00,1.6401078,2.1796231,2.7277665,216.96048,2021-09-25 12:00:00,2021-09
2021-09-26 12:00:00,-1.8329766,5.959771,6.2352767,162.9043,2021-09-26 12:00:00,2021-09
2021-09-27 12:00:00,-1.7864875,7.9451356,8.143508,167.32764,2021-09-27 12:00:00,2021-09
2021-09-28 12:00:00,1.0258731,7.366334,7.4374247,187.92831,2021-09-28 12:00:00,2021-09
2021-09-29 12:00:00,1.1127062,1.4342649,1.8152771,217.8044,2021-09-29 12:00:00,2021-09
2021-09-30 12:00:00,3.8077145,5.6853633,6.842664,213.8118,2021-09-30 12:00:00,2021-09
2021-10-01 12:00:00,2.9151943,8.623551,9.102966,198.67784,2021-10-01 12:00:00,2021-10
2021-10-02 12:00:00,-0.17495473,8.510327,8.512126,178.82228,2021-10-02 12:00:00,2021-10
2021-10-03 12:00:00,2.6988304,8.139902,8.575645,198.34323,2021-10-03 12:00:00,2021-10
2021-10-04 12:00:00,2.8877945,7.949676,8.457937,199.96402,2021-10-04 12:00:00,2021-10
2021-10-05 12:00:00,-2.6351638,5.207301,5.836101,153.15823,2021-10-05 12:00:00,2021-10
2021-10-06 12:00:00,1.9815491,-2.0682917,2.8643267,316.227,2021-10-06 12:00:00,2021-10
2021-10-07 12:00:00,0.52335066,6.007997,6.030748,184.97841,2021-10-07 12:00:00,2021-10
2021-10-08 12:00:00,-0.34704405,4.0246406,4.0395756,175.07158,2021-10-08 12:00:00,2021-10
2021-10-09 12:00:00,-1.3538785,4.796734,4.984139,164.23828,2021-10-09 12:00:00,2021-10
2021-10-10 12:00:00,4.391375,-0.019281397,4.3914175,270.25156,2021-10-10 12:00:00,2021-10
2021-10-11 12:00:00,6.2677455,-4.6853385,7.8254094,306.77927,2021-10-11 12:00:00,2021-10
2021-10-12 12:00:00,1.6754571,-6.5369844,6.748283,345.6243,2021-10-12 12:00:00,2021-10
2021-10-13 12:00:00,5.265006,-0.4425205,5.2835703,274.80438,2021-10-13 12:00:00,2021-10
2021-10-14 12:00:00,8.796668,3.6582336,9.527017,247.41924,2021-10-14 12:00:00,2021-10
2021-10-15 12:00:00,5.695145,-6.152217,8.383582,317.20935,2021-10-15 12:00:00,2021-10
2021-10-16 12:00:00,5.637444,0.5185967,5.661247,264.74408,2021-10-16 12:00:00,2021-10
2021-10-17 12:00:00,0.88534755,2.3160815,2.479531,200.9199,2021-10-17 12:00:00,2021-10
2021-10-18 12:00:00,-2.2131116,5.817909,6.2246222,159.17337,2021-10-18 12:00:00,2021-10
2021-10-19 12:00:00,1.8658,6.5774145,6.8369284,195.83693,2021-10-19 12:00:00,2021-10
2021-10-20 12:00:00,7.658512,4.414666,8.839802,240.03915,2021-10-20 12:00:00,2021-10
2021-10-21 12:00:00,8.634638,-8.132849,11.8617115,313.28583,2021-10-21 12:00:00,2021-10
2021-10-22 12:00:00,8.332264,-7.265938,11.055337,311.08923,2021-10-22 12:00:00,2021-10
2021-10-23 12:00:00,2.606806,4.146225,4.8976135,212.15831,2021-10-23 12:00:00,2021-10
2021-10-24 12:00:00,2.0278704,8.695419,8.92875,193.1274,2021-10-24 12:00:00,2021-10
2021-10-25 12:00:00,4.560773,5.8765483,7.4387145,217.81494,2021-10-25 12:00:00,2021-10
2021-10-26 12:00:00,4.6588526,5.7438774,7.3957443,219.04547,2021-10-26 12:00:00,2021-10
2021-10-27 12:00:00,5.74591,6.494188,8.671214,221.50168,2021-10-27 12:00:00,2021-10
2021-10-28 12:00:00,1.6165824,8.229159,8.386442,191.11398,2021-10-28 12:00:00,2021-10
2021-10-29 12:00:00,-1.7511361,9.822147,9.977026,169.89127,2021-10-29 12:00:00,2021-10
2021-10-30 12:00:00,-2.9121087,7.9219394,8.440231,159.81654,2021-10-30 12:00:00,2021-10
2021-10-31 12:00:00,-2.9886925,8.440186,8.953715,160.50081,2021-10-31 12:00:00,2021-10
2021-11-01 12:00:00,3.0174816,9.262294,9.741421,198.04463,2021-11-01 12:00:00,2021-11
2021-11-02 12:00:00,2.421495,3.200613,4.013423,217.11014,2021-11-02 12:00:00,2021-11
2021-11-03 12:00:00,1.0881956,-1.7733088,2.0805752,328.46454,2021-11-03 12:00:00,2021-11
2021-11-04 12:00:00,0.6232874,-5.3351755,5.3714604,353.33655,2021-11-04 12:00:00,2021-11
2021-11-05 12:00:00,6.8222275,-2.4796934,7.2589025,289.97482,2021-11-05 12:00:00,2021-11
2021-11-06 12:00:00,5.78072,5.4068656,7.9152336,226.91394,2021-11-06 12:00:00,2021-11
2021-11-07 12:00:00,8.337454,-4.0024457,9.248389,295.64362,2021-11-07 12:00:00,2021-11
2021-11-08 12:00:00,1.5273571,1.2260665,1.9585859,231.24469,2021-11-08 12:00:00,2021-11
2021-11-09 12:00:00,4.359127,5.665977,7.148796,217.57294,2021-11-09 12:00:00,2021-11
2021-11-10 12:00:00,4.908556,0.3680749,4.922337,265.7116,2021-11-10 12:00:00,2021-11
2021-11-11 12:00:00,5.421506,-0.46477735,5.441392,274.8999,2021-11-11 12:00:00,2021-11
2021-11-12 12:00:00,-1.6063777,7.5366807,7.7059717,167.96796,2021-11-12 12:00:00,2021-11
2021-11-13 12:00:00,-1.9664491,-1.1015286,2.2539494,60.744156,2021-11-13 12:00:00,2021-11
2021-11-14 12:00:00,-4.3167667,2.2421553,4.864333,117.44765,2021-11-14 12:00:00,2021-11
2021-11-15 12:00:00,-0.26719388,3.1691504,3.1803942,175.18074,2021-11-15 12:00:00,2021-11
2021-11-16 12:00:00,1.6269976,6.085295,6.2990427,194.9688,2021-11-16 12:00:00,2021-11
2021-11-17 12:00:00,7.7573214,-0.77487665,7.795926,275.70435,2021-11-17 12:00:00,2021-11
2021-11-18 12:00:00,9.350674,1.4007057,9.455003,261.4806,2021-11-18 12:00:00,2021-11
2021-11-19 12:00:00,9.754049,-0.88554704,9.794166,275.18753,2021-11-19 12:00:00,2021-11
2021-11-20 12:00:00,7.030351,1.2986751,7.1492934,259.53406,2021-11-20 12:00:00,2021-11
2021-11-21 12:00:00,0.14076349,-7.7941875,7.7954583,358.96533,2021-11-21 12:00:00,2021-11
2021-11-22 12:00:00,4.6625185,-4.0452867,6.172797,310.9455,2021-11-22 12:00:00,2021-11
2021-11-23 12:00:00,5.2671704,-2.671229,5.905806,296.8917,2021-11-23 12:00:00,2021-11
2021-11-24 12:00:00,6.001496,2.3505917,6.445404,248.61133,2021-11-24 12:00:00,2021-11
2021-11-25 12:00:00,4.4440184,-7.525403,8.739622,329.43665,2021-11-25 12:00:00,2021-11
2021-11-26 12:00:00,0.24375503,1.6844238,1.7019695,188.23418,2021-11-26 12:00:00,2021-11
2021-11-27 12:00:00,-3.3396213,-5.093559,6.0907645,33.2511,2021-11-27 12:00:00,2021-11
2021-11-28 12:00:00,-0.660859,-6.213919,6.248962,6.0706787,2021-11-28 12:00:00,2021-11
2021-11-29 12:00:00,1.6049626,0.27923605,1.6290727,260.1303,2021-11-29 12:00:00,2021-11
2021-11-30 12:00:00,4.7122097,-5.1997976,7.0173225,317.8162,2021-11-30 12:00:00,2021-11
2021-12-01 12:00:00,2.0504594,-5.6795263,6.0383277,340.14905,2021-12-01 12:00:00,2021-12
2021-12-02 12:00:00,2.6923423,-7.419345,7.8927426,340.0551,2021-12-02 12:00:00,2021-12
2021-12-03 12:00:00,4.847396,2.7496092,5.5729346,240.4366,2021-12-03 12:00:00,2021-12
2021-12-04 12:00:00,-1.6887238,3.59496,3.9718416,154.83832,2021-12-04 12:00:00,2021-12
2021-12-05 12:00:00,-6.301865,-0.095192954,6.302584,89.13459,2021-12-05 12:00:00,2021-12
2021-12-06 12:00:00,-2.577373,9.06393,9.423251,164.12663,2021-12-06 12:00:00,2021-12
2021-12-07 12:00:00,-2.0560942,7.231694,7.518306,164.12865,2021-12-07 12:00:00,2021-12
2021-12-08 12:00:00,-4.297025,7.6113925,8.740579,150.55302,2021-12-08 12:00:00,2021-12
2021-12-09 12:00:00,-1.9041482,5.7539186,6.0608053,161.68904,2021-12-09 12:00:00,2021-12
2021-12-10 12:00:00,-2.6797037,2.6540534,3.7715795,134.72447,2021-12-10 12:00:00,2021-12
2021-12-11 12:00:00,2.271004,2.1655898,3.138031,226.3611,2021-12-11 12:00:00,2021-12
2021-12-12 12:00:00,3.662732,2.4170895,4.3883853,236.5786,2021-12-12 12:00:00,2021-12
2021-12-13 12:00:00,5.537635,3.6332836,6.6231527,236.73082,2021-12-13 12:00:00,2021-12
2021-12-14 12:00:00,4.8613257,5.604691,7.419235,220.9373,2021-12-14 12:00:00,2021-12
2021-12-15 12:00:00,7.156756,2.970488,7.748739,247.45859,2021-12-15 12:00:00,2021-12
2021-12-16 12:00:00,3.893234,0.29052782,3.9040592,265.73227,2021-12-16 12:00:00,2021-12
2021-12-17 12:00:00,1.8298745,-2.072239,2.764528,318.55414,2021-12-17 12:00:00,2021-12
2021-12-18 12:00:00,3.996181,-2.0607288,4.4962277,297.279,2021-12-18 12:00:00,2021-12
2021-12-19 12:00:00,2.1958208,-7.6129317,7.92328,343.91068,2021-12-19 12:00:00,2021-12
2021-12-20 12:00:00,-0.4633898,-1.9135852,1.9688927,13.612579,2021-12-20 12:00:00,2021-12
2021-12-21 12:00:00,1.6341119,0.82597214,1.8309975,243.1854,2021-12-21 12:00:00,2021-12
2021-12-22 12:00:00,0.97504807,4.1001725,4.2145147,193.37685,2021-12-22 12:00:00,2021-12
2021-12-23 12:00:00,0.930213,1.7003393,1.9381564,208.68196,2021-12-23 12:00:00,2021-12
2021-12-24 12:00:00,-2.5166492,-2.9764962,3.8978267,40.214783,2021-12-24 12:00:00,2021-12
2021-12-25 12:00:00,-2.4477007,-0.26624227,2.4621382,83.79221,2021-12-25 12:00:00,2021-12
2021-12-26 12:00:00,-4.316679,3.8321152,5.772246,131.59695,2021-12-26 12:00:00,2021-12
2021-12-27 12:00:00,-4.794554,6.1569448,7.803571,142.0913,2021-12-27 12:00:00,2021-12
2021-12-28 12:00:00,-2.5040157,3.075991,3.9663353,140.85263,2021-12-28 12:00:00,2021-12
2021-12-29 12:00:00,-1.0494934,5.9307413,6.0228834,169.96494,2021-12-29 12:00:00,2021-12
2021-12-30 12:00:00,7.9269195,4.497682,9.114011,240.4297,2021-12-30 12:00:00,2021-12
2021-12-31 12:00:00,6.349861,2.7959576,6.9381638,246.23524,2021-12-31 12:00:00,2021-12
2022-01-01 12:00:00,0.063691095,7.9210267,7.921283,180.4607,2022-01-01 12:00:00,2022-01
2022-01-02 12:00:00,6.6053014,4.56308,8.028182,235.36247,2022-01-02 12:00:00,2022-01
2022-01-03 12:00:00,8.573995,1.8386116,8.768915,257.89676,2022-01-03 12:00:00,2022-01
2022-01-04 12:00:00,7.7799134,-2.487027,8.167764,287.72766,2022-01-04 12:00:00,2022-01
2022-01-05 12:00:00,5.113129,-9.011098,10.360694,330.42828,2022-01-05 12:00:00,2022-01
2022-01-06 12:00:00,2.4550824,4.9938984,5.5647507,206.17949,2022-01-06 12:00:00,2022-01
2022-01-07 12:00:00,6.263585,3.081246,6.980442,243.80603,2022-01-07 12:00:00,2022-01
2022-01-08 12:00:00,0.61143035,8.180328,8.203147,184.27457,2022-01-08 12:00:00,2022-01
2022-01-09 12:00:00,0.8474387,0.27625147,0.89132893,251.94485,2022-01-09 12:00:00,2022-01
2022-01-10 12:00:00,-2.1598842,6.3301578,6.6884975,161.16008,2022-01-10 12:00:00,2022-01
2022-01-11 12:00:00,4.066743,3.5011883,5.366257,229.27379,2022-01-11 12:00:00,2022-01
2022-01-12 12:00:00,7.1156163,1.3692454,7.2461596,259.1078,2022-01-12 12:00:00,2022-01
2022-01-13 12:00:00,8.190698,0.89070594,8.238986,263.7937,2022-01-13 12:00:00,2022-01
2022-01-14 12:00:00,3.3601127,-3.5291436,4.8729057,316.4055,2022-01-14 12:00:00,2022-01
2022-01-15 12:00:00,2.5849113,4.1670246,4.903658,211.81238,2022-01-15 12:00:00,2022-01
2022-01-16 12:00:00,7.972753,-2.7145963,8.422222,288.8029,2022-01-16 12:00:00,2022-01
2022-01-17 12:00:00,5.14162,-5.433346,7.480475,316.5802,2022-01-17 12:00:00,2022-01
2022-01-18 12:00:00,4.6986976,3.5526242,5.8905773,232.90755,2022-01-18 12:00:00,2022-01
2022-01-19 12:00:00,7.8405056,-2.9462595,8.375797,290.5949,2022-01-19 12:00:00,2022-01
2022-01-20 12:00:00,4.358774,-10.902389,11.741422,338.20847,2022-01-20 12:00:00,2022-01
2022-01-21 12:00:00,6.282988,-3.8373575,7.36215,301.41464,2022-01-21 12:00:00,2022-01
2022-01-22 12:00:00,5.430232,-1.1880565,5.5586777,282.34103,2022-01-22 12:00:00,2022-01
2022-01-23 12:00:00,4.2301483,3.253577,5.336658,232.43466,2022-01-23 12:00:00,2022-01
2022-01-24 12:00:00,5.2148995,1.4195682,5.40466,254.77225,2022-01-24 12:00:00,2022-01
2022-01-25 12:00:00,3.6001842,1.9436765,4.091357,241.63617,2022-01-25 12:00:00,2022-01
2022-01-26 12:00:00,7.6756396,0.63187325,7.7016044,265.2939,2022-01-26 12:00:00,2022-01
2022-01-27 12:00:00,10.08744,-5.985841,11.729737,300.6847,2022-01-27 12:00:00,2022-01
2022-01-28 12:00:00,4.8096485,3.035124,5.6872396,237.74606,2022-01-28 12:00:00,2022-01
2022-01-29 12:00:00,14.059567,0.29288152,14.062617,268.8066,2022-01-29 12:00:00,2022-01
2022-01-30 12:00:00,5.2702675,-4.930546,7.217063,313.09256,2022-01-30 12:00:00,2022-01
2022-01-31 12:00:00,4.6670985,-7.359575,8.714652,327.61902,2022-01-31 12:00:00,2022-01
2022-02-01 12:00:00,11.262218,-3.6598408,11.841959,288.0024,2022-02-01 12:00:00,2022-02
2022-02-02 12:00:00,6.17703,-2.1474648,6.5396714,289.17017,2022-02-02 12:00:00,2022-02
2022-02-03 12:00:00,5.214965,4.3393373,6.784225,230.23639,2022-02-03 12:00:00,2022-02
2022-02-04 12:00:00,8.850521,0.9177269,8.897975,264.08005,2022-02-04 12:00:00,2022-02
2022-02-05 12:00:00,8.889309,6.7800717,11.179856,232.66644,2022-02-05 12:00:00,2022-02
2022-02-06 12:00:00,10.497317,0.03884596,10.49739,269.78796,2022-02-06 12:00:00,2022-02
2022-02-07 12:00:00,7.8961473,-1.7710038,8.092317,282.64148,2022-02-07 12:00:00,2022-02
2022-02-08 12:00:00,9.350284,1.1792226,9.42435,262.812,2022-02-08 12:00:00,2022-02
2022-02-09 12:00:00,10.13657,1.6515266,10.270228,260.74625,2022-02-09 12:00:00,2022-02
2022-02-10 12:00:00,6.958002,-0.021145483,6.958034,270.17413,2022-02-10 12:00:00,2022-02
2022-02-11 12:00:00,4.85269,-2.2157204,5.3346057,294.54126,2022-02-11 12:00:00,2022-02
2022-02-12 12:00:00,4.2004356,10.010539,10.856084,202.76299,2022-02-12 12:00:00,2022-02
2022-02-13 12:00:00,3.1430643,7.807097,8.416034,201.92926,2022-02-13 12:00:00,2022-02
2022-02-14 12:00:00,3.0691338,1.5109692,3.4209077,243.78845,2022-02-14 12:00:00,2022-02
2022-02-15 12:00:00,5.123884,7.1184983,8.770816,215.74628,2022-02-15 12:00:00,2022-02
2022-02-16 12:00:00,5.5316377,3.2157,6.398417,239.82933,2022-02-16 12:00:00,2022-02
2022-02-17 12:00:00,11.472414,-1.199301,11.53493,275.9679,2022-02-17 12:00:00,2022-02
2022-02-18 12:00:00,1.4033483,6.680583,6.8263884,191.86328,2022-02-18 12:00:00,2022-02
2022-02-19 12:00:00,7.345371,1.3375151,7.4661517,259.6801,2022-02-19 12:00:00,2022-02
2022-02-20 12:00:00,6.0822153,7.0504775,9.311421,220.78326,2022-02-20 12:00:00,2022-02
2022-02-21 12:00:00,6.858292,-6.601585,9.519301,313.90738,2022-02-21 12:00:00,2022-02
2022-02-22 12:00:00,5.95435,4.814739,7.6574144,231.0407,2022-02-22 12:00:00,2022-02
2022-02-23 12:00:00,6.6766634,8.876616,11.107301,216.94913,2022-02-23 12:00:00,2022-02
2022-02-24 12:00:00,8.088576,4.100238,9.068462,243.11877,2022-02-24 12:00:00,2022-02
2022-02-25 12:00:00,6.628492,-6.891314,9.561752,316.11365,2022-02-25 12:00:00,2022-02
2022-02-26 12:00:00,0.9525823,6.8835835,6.9491825,187.87881,2022-02-26 12:00:00,2022-02
2022-02-27 12:00:00,-2.1580281,7.939036,8.227113,164.79301,2022-02-27 12:00:00,2022-02
2022-02-28 12:00:00,-1.0274765,8.73682,8.79703,173.29265,2022-02-28 12:00:00,2022-02
2022-03-01 12:00:00,2.013816,-0.30018017,2.0360656,278.4781,2022-03-01 12:00:00,2022-03
2022-03-02 12:00:00,-2.414772,0.8513016,2.5604372,109.419556,2022-03-02 12:00:00,2022-03
2022-03-03 12:00:00,-4.6989794,4.2751293,6.352727,132.29591,2022-03-03 12:00:00,2022-03
2022-03-04 12:00:00,-3.263831,4.557169,5.6053886,144.38988,2022-03-04 12:00:00,2022-03
2022-03-05 12:00:00,-0.9870784,-1.3661268,1.6854157,35.84955,2022-03-05 12:00:00,2022-03
2022-03-06 12:00:00,-0.65426904,-3.4216156,3.4836075,10.825226,2022-03-06 12:00:00,2022-03
2022-03-07 12:00:00,-0.040737767,1.4698626,1.470427,178.41243,2022-03-07 12:00:00,2022-03
2022-03-08 12:00:00,-3.3259568,6.3533096,7.1712294,152.36795,2022-03-08 12:00:00,2022-03
2022-03-09 12:00:00,-2.9812064,7.8082743,8.358034,159.1031,2022-03-09 12:00:00,2022-03
2022-03-10 12:00:00,-3.7269554,7.037408,7.9633727,152.09467,2022-03-10 12:00:00,2022-03
2022-03-11 12:00:00,-7.7671833,6.8974075,10.387654,131.60568,2022-03-11 12:00:00,2022-03
2022-03-12 12:00:00,-3.492767,8.321963,9.025214,157.23198,2022-03-12 12:00:00,2022-03
2022-03-13 12:00:00,-5.4058123,6.5172486,8.467428,140.32558,2022-03-13 12:00:00,2022-03
2022-03-14 12:00:00,0.6611457,3.7836106,3.8409405,189.91176,2022-03-14 12:00:00,2022-03
2022-03-15 12:00:00,-0.06868294,4.605704,4.606216,179.14563,2022-03-15 12:00:00,2022-03
2022-03-16 12:00:00,-2.7242887,5.9402056,6.5351195,155.36293,2022-03-16 12:00:00,2022-03
2022-03-17 12:00:00,4.728768,1.6971204,5.0240884,250.2573,2022-03-17 12:00:00,2022-03
2022-03-18 12:00:00,1.0481032,0.58478725,1.2002069,240.84074,2022-03-18 12:00:00,2022-03
2022-03-19 12:00:00,-3.8729312,2.3274622,4.5184817,121.00403,2022-03-19 12:00:00,2022-03
2022-03-20 12:00:00,-6.605272,2.603884,7.099988,111.51501,2022-03-20 12:00:00,2022-03
2022-03-21 12:00:00,-1.8012033,3.7589095,4.168181,154.39708,2022-03-21 12:00:00,2022-03
2022-03-22 12:00:00,-1.563862,1.9253646,2.4804623,140.91505,2022-03-22 12:00:00,2022-03
2022-03-23 12:00:00,-1.1806027,2.2276363,2.5211477,152.0773,2022-03-23 12:00:00,2022-03
2022-03-24 12:00:00,1.2984786,1.3985084,1.9083691,222.8759,2022-03-24 12:00:00,2022-03
2022-03-25 12:00:00,3.1590664,-0.43764758,3.1892376,277.8874,2022-03-25 12:00:00,2022-03
2022-03-26 12:00:00,0.97409767,-2.8650715,3.0261364,341.22244,2022-03-26 12:00:00,2022-03
2022-03-27 12:00:00,1.906654,-1.1175598,2.2100382,300.37613,2022-03-27 12:00:00,2022-03
2022-03-28 12:00:00,2.7769566,-2.8773136,3.9988024,316.0168,2022-03-28 12:00:00,2022-03
2022-03-29 12:00:00,0.50934696,-3.5382652,3.5747385,351.80832,2022-03-29 12:00:00,2022-03
2022-03-30 12:00:00,-3.5118814,-2.5696433,4.351595,53.807068,2022-03-30 12:00:00,2022-03
2022-03-31 12:00:00,-4.1805882,-5.4235244,6.847769,37.625946,2022-03-31 12:00:00,2022-03
2022-04-01 12:00:00,-2.93445,-4.7718816,5.6019506,31.58928,2022-04-01 12:00:00,2022-04
2022-04-02 12:00:00,-0.5348271,-4.0679197,4.102927,7.489975,2022-04-02 12:00:00,2022-04
2022-04-03 12:00:00,6.0394306,-2.4435892,6.5150485,292.02853,2022-04-03 12:00:00,2022-04
2022-04-04 12:00:00,7.5515447,-4.397432,8.738606,300.2132,2022-04-04 12:00:00,2022-04
2022-04-05 12:00:00,4.5130286,-1.4978826,4.7551107,288.36108,2022-04-05 12:00:00,2022-04
2022-04-06 12:00:00,2.9392662,3.6639915,4.697246,218.7367,2022-04-06 12:00:00,2022-04
2022-04-07 12:00:00,3.6905777,-2.0144057,4.2045445,298.62677,2022-04-07 12:00:00,2022-04
2022-04-08 12:00:00,5.087196,-5.502029,7.4934564,317.2434,2022-04-08 12:00:00,2022-04
2022-04-09 12:00:00,8.184512,-6.3056893,10.33189,307.61215,2022-04-09 12:00:00,2022-04
2022-04-10 12:00:00,5.6891456,-2.8980217,6.3847404,296.99405,2022-04-10 12:00:00,2022-04
2022-04-11 12:00:00,-2.070413,0.56420445,2.1459117,105.24343,2022-04-11 12:00:00,2022-04
2022-04-12 12:00:00,-5.7240043,3.677098,6.803328,122.716675,2022-04-12 12:00:00,2022-04
2022-04-13 12:00:00,0.42366108,2.9054759,2.9362013,188.2961,2022-04-13 12:00:00,2022-04
2022-04-14 12:00:00,1.9663022,-2.3436725,3.059272,320.0039,2022-04-14 12:00:00,2022-04
2022-04-15 12:00:00,-2.311202,1.0538243,2.5401182,114.51127,2022-04-15 12:00:00,2022-04
2022-04-16 12:00:00,-2.4473827,4.5600185,5.175273,151.77734,2022-04-16 12:00:00,2022-04
2022-04-17 12:00:00,-2.2604887,4.709635,5.224028,154.36034,2022-04-17 12:00:00,2022-04
2022-04-18 12:00:00,-1.6579715,4.8830853,5.156878,161.24593,2022-04-18 12:00:00,2022-04
2022-04-19 12:00:00,-1.859801,-0.116026424,1.8634168,86.43015,2022-04-19 12:00:00,2022-04
2022-04-20 12:00:00,-3.2090423,-1.2272177,3.4356973,69.07191,2022-04-20 12:00:00,2022-04
2022-04-21 12:00:00,-4.8520055,-2.3192792,5.377826,64.452,2022-04-21 12:00:00,2022-04
2022-04-22 12:00:00,-5.9924245,-3.3282683,6.8546715,60.951653,2022-04-22 12:00:00,2022-04
2022-04-23 12:00:00,-6.161006,-1.8111823,6.4217114,73.61799,2022-04-23 12:00:00,2022-04
2022-04-24 12:00:00,-4.547456,-3.4338622,5.6983123,52.942932,2022-04-24 12:00:00,2022-04
2022-04-25 12:00:00,-1.3553426,-4.128323,4.345113,18.175186,2022-04-25 12:00:00,2022-04
2022-04-26 12:00:00,-0.069989905,-5.402143,5.4025965,0.7422943,2022-04-26 12:00:00,2022-04
2022-04-27 12:00:00,0.856103,-3.6533608,3.752327,346.81165,2022-04-27 12:00:00,2022-04
2022-04-28 12:00:00,1.4024945,-2.5450242,2.9058802,331.14203,2022-04-28 12:00:00,2022-04
2022-04-29 12:00:00,0.75304693,-3.2505445,3.336633,346.95648,2022-04-29 12:00:00,2022-04
2022-04-30 12:00:00,0.94006276,-1.8372594,2.0637927,332.9027,2022-04-30 12:00:00,2022-04
2022-05-01 12:00:00,-0.01935278,1.3857554,1.3858906,179.19989,2022-05-01 12:00:00,2022-05
2022-05-02 12:00:00,2.225701,-2.190062,3.1225178,314.5376,2022-05-02 12:00:00,2022-05
2022-05-03 12:00:00,0.27114514,-2.5780516,2.592271,353.99603,2022-05-03 12:00:00,2022-05
2022-05-04 12:00:00,1.337054,3.8114371,4.039154,199.3309,2022-05-04 12:00:00,2022-05
2022-05-05 12:00:00,2.4665356,0.5283186,2.5224826,257.91022,2022-05-05 12:00:00,2022-05
2022-05-06 12:00:00,4.065364,3.8222644,5.580044,226.76532,2022-05-06 12:00:00,2022-05
2022-05-07 12:00:00,1.3537621,-4.5215955,4.7199044,343.33234,2022-05-07 12:00:00,2022-05
2022-05-08 12:00:00,-0.9470488,-0.19307822,0.96653014,78.47683,2022-05-08 12:00:00,2022-05
2022-05-09 12:00:00,-0.64323,6.1687446,6.2021894,174.04715,2022-05-09 12:00:00,2022-05
2022-05-10 12:00:00,5.4724336,5.1915483,7.543189,226.50879,2022-05-10 12:00:00,2022-05
2022-05-11 12:00:00,5.849598,5.1633635,7.802443,228.56558,2022-05-11 12:00:00,2022-05
2022-05-12 12:00:00,6.4251685,2.1255102,6.767613,251.69525,2022-05-12 12:00:00,2022-05
2022-05-13 12:00:00,6.664211,3.8961542,7.7195673,239.6878,2022-05-13 12:00:00,2022-05
2022-05-14 12:00:00,4.2762775,0.31524578,4.287882,265.7838,2022-05-14 12:00:00,2022-05
2022-05-15 12:00:00,-2.1356542,0.28636703,2.154768,97.63716,2022-05-15 12:00:00,2022-05
2022-05-16 12:00:00,-3.6007555,1.2828943,3.8224676,109.610214,2022-05-16 12:00:00,2022-05
2022-05-17 12:00:00,-2.7681167,3.1270816,4.1762557,138.4845,2022-05-17 12:00:00,2022-05
2022-05-18 12:00:00,1.1173714,3.5371847,3.7094736,197.53096,2022-05-18 12:00:00,2022-05
2022-05-19 12:00:00,1.0517678,2.0335546,2.2894452,207.3483,2022-05-19 12:00:00,2022-05
2022-05-20 12:00:00,0.19212687,3.075369,3.0813644,183.57478,2022-05-20 12:00:00,2022-05
2022-05-21 12:00:00,5.1624217,0.48539314,5.185191,264.6286,2022-05-21 12:00:00,2022-05
2022-05-22 12:00:00,0.21390368,4.7006245,4.705489,182.60547,2022-05-22 12:00:00,2022-05
2022-05-23 12:00:00,-1.4029324,3.863014,4.109878,160.04048,2022-05-23 12:00:00,2022-05
2022-05-24 12:00:00,3.9700825,0.64997846,4.022938,260.7021,2022-05-24 12:00:00,2022-05
2022-05-25 12:00:00,3.81833,7.126026,8.084547,208.18369,2022-05-25 12:00:00,2022-05
2022-05-26 12:00:00,7.0491567,2.642296,7.5281034,249.45206,2022-05-26 12:00:00,2022-05
2022-05-27 12:00:00,8.1928005,-4.505102,9.349755,298.80576,2022-05-27 12:00:00,2022-05
2022-05-28 12:00:00,4.605574,-7.4012995,8.717256,328.10742,2022-05-28 12:00:00,2022-05
2022-05-29 12:00:00,3.3336313,-6.4763293,7.283951,332.76324,2022-05-29 12:00:00,2022-05
2022-05-30 12:00:00,0.8979133,1.8137454,2.023838,206.33818,2022-05-30 12:00:00,2022-05
2022-05-31 12:00:00,-0.7540046,0.83326834,1.12377,137.85881,2022-05-31 12:00:00,2022-05
2022-06-01 12:00:00,3.6408863,-2.6602063,4.5091853,306.15366,2022-06-01 12:00:00,2022-06
2022-06-02 12:00:00,3.866644,-1.4509366,4.1299095,290.56833,2022-06-02 12:00:00,2022-06
2022-06-03 12:00:00,-0.23548707,-3.2516508,3.2601666,4.1421814,2022-06-03 12:00:00,2022-06
2022-06-04 12:00:00,-0.811588,-3.002116,3.1098835,15.12767,2022-06-04 12:00:00,2022-06
2022-06-05 12:00:00,-2.426659,-2.8409343,3.7362523,40.503174,2022-06-05 12:00:00,2022-06
2022-06-06 12:00:00,0.36170167,-1.6341062,1.673658,347.51907,2022-06-06 12:00:00,2022-06
2022-06-07 12:00:00,1.1278954,-1.695233,2.0361638,326.36285,2022-06-07 12:00:00,2022-06
2022-06-08 12:00:00,0.6416731,2.2030406,2.2945876,196.2391,2022-06-08 12:00:00,2022-06
2022-06-09 12:00:00,2.19601,0.8993851,2.3730476,247.72824,2022-06-09 12:00:00,2022-06
2022-06-10 12:00:00,2.52546,6.1131964,6.6143117,202.4463,2022-06-10 12:00:00,2022-06
2022-06-11 12:00:00,4.4742355,5.926572,7.4258356,217.0508,2022-06-11 12:00:00,2022-06
2022-06-12 12:00:00,6.6979814,2.3687396,7.1044974,250.52386,2022-06-12 12:00:00,2022-06
2022-06-13 12:00:00,6.3362875,-2.066538,6.6647673,288.0634,2022-06-13 12:00:00,2022-06
2022-06-14 12:00:00,2.4001703,1.1675051,2.6690607,244.0605,2022-06-14 12:00:00,2022-06
2022-06-15 12:00:00,0.7089828,1.3153325,1.4942411,208.32529,2022-06-15 12:00:00,2022-06
2022-06-16 12:00:00,1.7992935,0.858917,1.9937893,244.4819,2022-06-16 12:00:00,2022-06
2022-06-17 12:00:00,2.1639445,7.2095137,7.5272665,196.7072,2022-06-17 12:00:00,2022-06
2022-06-18 12:00:00,4.943619,0.20088783,4.9476986,267.673,2022-06-18 12:00:00,2022-06
2022-06-19 12:00:00,2.8442538,-1.8510976,3.3935738,303.0569,2022-06-19 12:00:00,2022-06
2022-06-20 12:00:00,3.6380062,-3.558702,5.08915,314.36865,2022-06-20 12:00:00,2022-06
2022-06-21 12:00:00,2.7682714,0.32556787,2.7873502,263.29242,2022-06-21 12:00:00,2022-06
2022-06-22 12:00:00,1.6944183,1.2715724,2.1184783,233.11368,2022-06-22 12:00:00,2022-06
2022-06-23 12:00:00,-0.6116323,3.5633895,3.6155,170.26047,2022-06-23 12:00:00,2022-06
2022-06-24 12:00:00,-1.8052462,3.6144714,4.0402126,153.46019,2022-06-24 12:00:00,2022-06
2022-06-25 12:00:00,-0.5163199,5.426537,5.451045,174.56483,2022-06-25 12:00:00,2022-06
2022-06-26 12:00:00,-0.04906655,4.2457523,4.2460356,179.33789,2022-06-26 12:00:00,2022-06
2022-06-27 12:00:00,-0.47958288,3.3352728,3.3695762,171.81746,2022-06-27 12:00:00,2022-06
2022-06-28 12:00:00,0.955222,4.4763184,4.577103,192.04593,2022-06-28 12:00:00,2022-06
2022-06-29 12:00:00,-3.1734135,4.0078554,5.112089,141.62787,2022-06-29 12:00:00,2022-06
2022-06-30 12:00:00,-2.5391185,2.3055928,3.4297056,132.24036,2022-06-30 12:00:00,2022-06
2022-07-01 12:00:00,2.8789053,2.3224044,3.6988726,231.10698,2022-07-01 12:00:00,2022-07
2022-07-02 12:00:00,2.5345447,6.58789,7.0586267,201.04312,2022-07-02 12:00:00,2022-07
2022-07-03 12:00:00,4.4603815,1.8417417,4.825662,247.56372,2022-07-03 12:00:00,2022-07
2022-07-04 12:00:00,6.608814,2.387951,7.027,250.13379,2022-07-04 12:00:00,2022-07
2022-07-05 12:00:00,5.8959103,-2.8759828,6.559957,296.00278,2022-07-05 12:00:00,2022-07
2022-07-06 12:00:00,6.4894753,2.7105663,7.032813,247.33035,2022-07-06 12:00:00,2022-07
2022-07-07 12:00:00,4.058596,-7.2345996,8.295278,330.70764,2022-07-07 12:00:00,2022-07
2022-07-08 12:00:00,5.0939956,-1.0392352,5.198923,281.53076,2022-07-08 12:00:00,2022-07
2022-07-09 12:00:00,5.555512,-5.5724497,7.868666,315.08722,2022-07-09 12:00:00,2022-07
2022-07-10 12:00:00,3.5125685,-2.7927701,4.4875054,308.4875,2022-07-10 12:00:00,2022-07
2022-07-11 12:00:00,1.3806112,0.8318359,1.6118431,238.9305,2022-07-11 12:00:00,2022-07
2022-07-12 12:00:00,3.2292597,4.323755,5.3965707,216.75476,2022-07-12 12:00:00,2022-07
2022-07-13 12:00:00,6.421102,-1.9795142,6.7193027,287.1336,2022-07-13 12:00:00,2022-07
2022-07-14 12:00:00,4.945429,-4.543798,6.7159038,312.57642,2022-07-14 12:00:00,2022-07
2022-07-15 12:00:00,5.4834356,-0.733329,5.532254,277.61725,2022-07-15 12:00:00,2022-07
2022-07-16 12:00:00,3.0623384,-3.063673,4.331744,315.01248,2022-07-16 12:00:00,2022-07
2022-07-17 12:00:00,2.9285424,2.8372416,4.077536,225.9072,2022-07-17 12:00:00,2022-07
2022-07-18 12:00:00,2.137517,1.9794021,2.9132476,227.19943,2022-07-18 12:00:00,2022-07
2022-07-19 12:00:00,-1.9194555,5.268688,5.60744,159.98262,2022-07-19 12:00:00,2022-07
2022-07-20 12:00:00,2.3968565,0.90254855,2.561155,249.36588,2022-07-20 12:00:00,2022-07
2022-07-21 12:00:00,2.664051,-5.240271,5.878572,333.0521,2022-07-21 12:00:00,2022-07
2022-07-22 12:00:00,1.8225797,-4.1770787,4.557388,336.42697,2022-07-22 12:00:00,2022-07
2022-07-23 12:00:00,2.1567202,0.7459254,2.2820706,250.9215,2022-07-23 12:00:00,2022-07
2022-07-24 12:00:00,2.487878,7.027412,7.4548006,199.49522,2022-07-24 12:00:00,2022-07
2022-07-25 12:00:00,5.0596094,1.3681612,5.2413273,254.8686,2022-07-25 12:00:00,2022-07
2022-07-26 12:00:00,6.111953,-5.718503,8.370021,313.09518,2022-07-26 12:00:00,2022-07
2022-07-27 12:00:00,2.475142,-3.2589107,4.0922885,322.78333,2022-07-27 12:00:00,2022-07
2022-07-28 12:00:00,-0.91133094,-0.5413335,1.059984,59.28955,2022-07-28 12:00:00,2022-07
2022-07-29 12:00:00,-1.6667523,0.41667217,1.7180451,104.035736,2022-07-29 12:00:00,2022-07
2022-07-30 12:00:00,0.6971134,4.8654647,4.9151516,188.15372,2022-07-30 12:00:00,2022-07
2022-07-31 12:00:00,2.2097635,-0.35147166,2.2375405,279.0374,2022-07-31 12:00:00,2022-07
2022-08-01 12:00:00,1.9886676,-0.04044104,1.9890788,271.16498,2022-08-01 12:00:00,2022-08
2022-08-02 12:00:00,3.6108625,7.259387,8.107838,206.44603,2022-08-02 12:00:00,2022-08
2022-08-03 12:00:00,4.5862184,5.2618856,6.9800315,221.07515,2022-08-03 12:00:00,2022-08
2022-08-04 12:00:00,3.370956,-0.9039243,3.4900463,285.01077,2022-08-04 12:00:00,2022-08
2022-08-05 12:00:00,4.390641,-3.0729408,5.3591695,304.98755,2022-08-05 12:00:00,2022-08
2022-08-06 12:00:00,4.535217,-0.9302418,4.6296372,281.59146,2022-08-06 12:00:00,2022-08
2022-08-07 12:00:00,4.163351,0.99934834,4.2816105,256.50238,2022-08-07 12:00:00,2022-08
2022-08-08 12:00:00,1.473342,0.026495453,1.4735801,268.96973,2022-08-08 12:00:00,2022-08
2022-08-09 12:00:00,0.8965448,1.3956821,1.6588312,212.71548,2022-08-09 12:00:00,2022-08
2022-08-10 12:00:00,0.60965794,2.7155097,2.7831054,192.65364,2022-08-10 12:00:00,2022-08
2022-08-11 12:00:00,-0.20898421,1.9428881,1.9540954,173.86066,2022-08-11 12:00:00,2022-08
2022-08-12 12:00:00,-1.6725885,-0.7920662,1.8506542,64.659775,2022-08-12 12:00:00,2022-08
2022-08-13 12:00:00,-2.1338344,0.5404343,2.2012084,104.212395,2022-08-13 12:00:00,2022-08
2022-08-14 12:00:00,-3.3106673,1.6179941,3.6848912,116.04575,2022-08-14 12:00:00,2022-08
2022-08-15 12:00:00,-1.6539583,1.9333781,2.544313,139.45381,2022-08-15 12:00:00,2022-08
2022-08-16 12:00:00,1.5278172,0.13085341,1.5334107,265.1047,2022-08-16 12:00:00,2022-08
2022-08-17 12:00:00,-0.3479136,-4.377379,4.3911834,4.544327,2022-08-17 12:00:00,2022-08
2022-08-18 12:00:00,-0.17284404,2.1660113,2.1728969,175.43756,2022-08-18 12:00:00,2022-08
2022-08-19 12:00:00,2.0151894,2.4214404,3.1502955,219.76816,2022-08-19 12:00:00,2022-08
2022-08-20 12:00:00,3.931461,4.957384,6.327088,218.41623,2022-08-20 12:00:00,2022-08
2022-08-21 12:00:00,5.5752997,1.6807439,5.823132,253.2239,2022-08-21 12:00:00,2022-08
2022-08-22 12:00:00,-1.825405,3.2703173,3.745274,150.8309,2022-08-22 12:00:00,2022-08
2022-08-23 12:00:00,-2.5954716,4.565569,5.2517514,150.3823,2022-08-23 12:00:00,2022-08
2022-08-24 12:00:00,-1.7919227,5.1057005,5.4110227,160.6607,2022-08-24 12:00:00,2022-08
2022-08-25 12:00:00,-2.0896606,1.6981437,2.6926517,129.09872,2022-08-25 12:00:00,2022-08
2022-08-26 12:00:00,1.7558315,-2.8245482,3.3258107,328.13354,2022-08-26 12:00:00,2022-08
2022-08-27 12:00:00,1.0157232,-3.9364455,4.0653777,345.53152,2022-08-27 12:00:00,2022-08
2022-08-28 12:00:00,0.8432792,-4.8560715,4.928747,350.14856,2022-08-28 12:00:00,2022-08
2022-08-29 12:00:00,-1.4086375,-3.4990802,3.7719784,21.928421,2022-08-29 12:00:00,2022-08
2022-08-30 12:00:00,-2.414349,-2.7785437,3.6809492,40.988235,2022-08-30 12:00:00,2022-08
2022-08-31 12:00:00,-2.6133378,-2.0998735,3.3524623,51.217377,2022-08-31 12:00:00,2022-08
2022-09-01 12:00:00,-2.3152041,-0.19693328,2.3235648,85.138084,2022-09-01 12:00:00,2022-09
2022-09-02 12:00:00,-4.7252407,2.1920002,5.208912,114.8862,2022-09-02 12:00:00,2022-09
2022-09-03 12:00:00,-5.5762014,2.3501098,6.0512013,112.853165,2022-09-03 12:00:00,2022-09
2022-09-04 12:00:00,-4.586846,3.214594,5.60114,125.02388,2022-09-04 12:00:00,2022-09
2022-09-05 12:00:00,-5.31106,3.285442,6.245117,121.741104,2022-09-05 12:00:00,2022-09
2022-09-06 12:00:00,-5.128746,3.8681657,6.4239197,127.02406,2022-09-06 12:00:00,2022-09
2022-09-07 12:00:00,-3.6011145,3.7744496,5.2167516,136.34628,2022-09-07 12:00:00,2022-09
2022-09-08 12:00:00,-4.854572,2.2051215,5.3319254,114.42927,2022-09-08 12:00:00,2022-09
2022-09-09 12:00:00,-3.9520829,0.11219155,3.953675,91.626076,2022-09-09 12:00:00,2022-09
2022-09-10 12:00:00,-1.3656197,-2.1230807,2.524359,32.750153,2022-09-10 12:00:00,2022-09
2022-09-11 12:00:00,0.7043802,1.832412,1.9631314,201.0268,2022-09-11 12:00:00,2022-09
2022-09-12 12:00:00,2.7063406,5.4356937,6.072153,206.46794,2022-09-12 12:00:00,2022-09
2022-09-13 12:00:00,6.318548,-4.4662514,7.7376647,305.2545,2022-09-13 12:00:00,2022-09
2022-09-14 12:00:00,4.248395,-2.8759644,5.1303053,304.09616,2022-09-14 12:00:00,2022-09
2022-09-15 12:00:00,6.1563106,-7.1972566,9.471044,319.45734,2022-09-15 12:00:00,2022-09
2022-09-16 12:00:00,4.676566,-9.891312,10.94113,334.69543,2022-09-16 12:00:00,2022-09
2022-09-17 12:00:00,5.341997,-9.346372,10.765296,330.2495,2022-09-17 12:00:00,2022-09
2022-09-18 12:00:00,3.6312232,-8.464032,9.210083,336.7798,2022-09-18 12:00:00,2022-09
2022-09-19 12:00:00,2.8000197,-6.0639305,6.679174,335.21484,2022-09-19 12:00:00,2022-09
2022-09-20 12:00:00,1.11338,-1.854684,2.1632078,329.02332,2022-09-20 12:00:00,2022-09
2022-09-21 12:00:00,0.8871756,3.3635738,3.4786074,194.77582,2022-09-21 12:00:00,2022-09
2022-09-22 12:00:00,1.8572615,6.374321,6.639382,196.24434,2022-09-22 12:00:00,2022-09
2022-09-23 12:00:00,2.0849974,-0.39245445,2.1216114,280.6599,2022-09-23 12:00:00,2022-09
2022-09-24 12:00:00,-0.07583085,-5.1438384,5.1443973,0.84461975,2022-09-24 12:00:00,2022-09
2022-09-25 12:00:00,3.7855608,0.7706952,3.8632166,258.49252,2022-09-25 12:00:00,2022-09
2022-09-26 12:00:00,4.339943,-2.4303052,4.9740815,299.24817,2022-09-26 12:00:00,2022-09
2022-09-27 12:00:00,2.3826125,-1.4977127,2.814247,302.1535,2022-09-27 12:00:00,2022-09
2022-09-28 12:00:00,-1.356324,-2.3974102,2.7544854,29.498825,2022-09-28 12:00:00,2022-09
2022-09-29 12:00:00,-1.8223118,-2.1655185,2.8302455,40.081055,2022-09-29 12:00:00,2022-09
2022-09-30 12:00:00,-0.16931692,8.83955,8.841171,178.90266,2022-09-30 12:00:00,2022-09
2022-10-01 12:00:00,6.1267176,1.3039358,6.2639375,257.98514,2022-10-01 12:00:00,2022-10
2022-10-02 12:00:00,6.521694,-2.6761723,7.049425,292.31076,2022-10-02 12:00:00,2022-10
2022-10-03 12:00:00,3.3666627,1.0150411,3.5163515,253.22205,2022-10-03 12:00:00,2022-10
2022-10-04 12:00:00,3.8422687,7.8897147,8.77557,205.96594,2022-10-04 12:00:00,2022-10
2022-10-05 12:00:00,6.5210223,7.0341334,9.591807,222.83218,2022-10-05 12:00:00,2022-10
2022-10-06 12:00:00,9.766216,5.1948833,11.061908,241.99042,2022-10-06 12:00:00,2022-10
2022-10-07 12:00:00,7.7063546,6.683557,10.200874,229.0656,2022-10-07 12:00:00,2022-10
2022-10-08 12:00:00,6.750462,-2.3682277,7.1538267,289.33212,2022-10-08 12:00:00,2022-10
2022-10-09 12:00:00,2.02197,8.595787,8.830398,193.23694,2022-10-09 12:00:00,2022-10
2022-10-10 12:00:00,7.132998,-0.47833458,7.149019,273.8365,2022-10-10 12:00:00,2022-10
2022-10-11 12:00:00,4.913433,-0.27525875,4.9211373,273.20645,2022-10-11 12:00:00,2022-10
2022-10-12 12:00:00,2.190316,7.3974113,7.7148676,196.4936,2022-10-12 12:00:00,2022-10
2022-10-13 12:00:00,2.6494217,0.466234,2.690132,260.01953,2022-10-13 12:00:00,2022-10
2022-10-14 12:00:00,2.6854026,5.16061,5.817498,207.4909,2022-10-14 12:00:00,2022-10
2022-10-15 12:00:00,0.73809266,7.0561423,7.0946407,185.97159,2022-10-15 12:00:00,2022-10
2022-10-16 12:00:00,7.776284,4.0533113,8.76926,242.46967,2022-10-16 12:00:00,2022-10
2022-10-17 12:00:00,1.6624923,5.6676636,5.9064617,196.34796,2022-10-17 12:00:00,2022-10
2022-10-18 12:00:00,3.4487,-4.5412145,5.7022943,322.78613,2022-10-18 12:00:00,2022-10
2022-10-19 12:00:00,-2.9885645,0.32722133,3.006425,96.24849,2022-10-19 12:00:00,2022-10
2022-10-20 12:00:00,-5.122905,3.9785717,6.4863844,127.833786,2022-10-20 12:00:00,2022-10
2022-10-21 12:00:00,-3.3998537,4.0400724,5.2802644,139.91829,2022-10-21 12:00:00,2022-10
2022-10-22 12:00:00,0.13899262,3.800006,3.802547,182.09477,2022-10-22 12:00:00,2022-10
2022-10-23 12:00:00,-3.0371232,4.108027,5.108816,143.52396,2022-10-23 12:00:00,2022-10
2022-10-24 12:00:00,0.780884,3.7976868,3.8771389,191.61926,2022-10-24 12:00:00,2022-10
2022-10-25 12:00:00,5.105108,2.8291428,5.8366237,241.0057,2022-10-25 12:00:00,2022-10
2022-10-26 12:00:00,-0.9893528,7.2311397,7.2985067,172.20926,2022-10-26 12:00:00,2022-10
2022-10-27 12:00:00,0.3610101,6.8670278,6.8765106,183.00935,2022-10-27 12:00:00,2022-10
2022-10-28 12:00:00,1.0520241,6.7310743,6.8127904,188.8831,2022-10-28 12:00:00,2022-10
2022-10-29 12:00:00,1.7251791,3.3886046,3.802484,206.98119,2022-10-29 12:00:00,2022-10
2022-10-30 12:00:00,0.73738307,5.143661,5.196247,188.1582,2022-10-30 12:00:00,2022-10
2022-10-31 12:00:00,-0.1400523,6.352442,6.3539853,178.737,2022-10-31 12:00:00,2022-10
2022-11-01 12:00:00,1.4655197,8.725318,8.847538,189.5345,2022-11-01 12:00:00,2022-11
2022-11-02 12:00:00,5.531927,4.6385565,7.219309,230.01994,2022-11-02 12:00:00,2022-11
2022-11-03 12:00:00,1.1646224,6.1460814,6.2554507,190.72977,2022-11-03 12:00:00,2022-11
2022-11-04 12:00:00,4.4461045,-3.2690606,5.518569,306.32568,2022-11-04 12:00:00,2022-11
2022-11-05 12:00:00,5.031792,4.1496596,6.5221624,230.488,2022-11-05 12:00:00,2022-11
2022-11-06 12:00:00,1.3776587,6.504808,6.6490955,191.95802,2022-11-06 12:00:00,2022-11
2022-11-07 12:00:00,4.031892,4.9730134,6.40211,219.03355,2022-11-07 12:00:00,2022-11
2022-11-08 12:00:00,1.5432686,8.994514,9.12595,189.73595,2022-11-08 12:00:00,2022-11
2022-11-09 12:00:00,5.827193,5.34558,7.90768,227.46826,2022-11-09 12:00:00,2022-11
2022-11-10 12:00:00,6.541854,8.129512,10.434789,218.82379,2022-11-10 12:00:00,2022-11
2022-11-11 12:00:00,7.079183,7.885017,10.596619,221.91756,2022-11-11 12:00:00,2022-11
2022-11-12 12:00:00,0.2265495,4.2053776,4.2114754,183.08362,2022-11-12 12:00:00,2022-11
2022-11-13 12:00:00,-3.0728257,3.8867235,4.9546824,141.67027,2022-11-13 12:00:00,2022-11
2022-11-14 12:00:00,-5.4732356,4.877726,7.3313384,131.7073,2022-11-14 12:00:00,2022-11
2022-11-15 12:00:00,-6.2151546,7.0571275,9.403787,138.62988,2022-11-15 12:00:00,2022-11
2022-11-16 12:00:00,-7.4899497,6.351507,9.820437,130.29808,2022-11-16 12:00:00,2022-11
2022-11-17 12:00:00,-10.05237,3.958886,10.803838,111.49582,2022-11-17 12:00:00,2022-11
2022-11-18 12:00:00,-7.7839003,4.1895776,8.839777,118.29076,2022-11-18 12:00:00,2022-11
2022-11-19 12:00:00,-5.016202,1.3479813,5.194164,105.04149,2022-11-19 12:00:00,2022-11
2022-11-20 12:00:00,-3.6728277,4.104331,5.5077395,138.17572,2022-11-20 12:00:00,2022-11
2022-11-21 12:00:00,-3.9229774,2.3178117,4.5565343,120.57587,2022-11-21 12:00:00,2022-11
2022-11-22 12:00:00,-5.975523,5.3832145,8.042753,132.01498,2022-11-22 12:00:00,2022-11
2022-11-23 12:00:00,-4.9420295,7.8872323,9.307636,147.92932,2022-11-23 12:00:00,2022-11
2022-11-24 12:00:00,0.5109553,6.83759,6.8566546,184.27362,2022-11-24 12:00:00,2022-11
2022-11-25 12:00:00,1.7899607,4.815947,5.1378307,200.38878,2022-11-25 12:00:00,2022-11
2022-11-26 12:00:00,1.6225461,6.203183,6.411875,194.65826,2022-11-26 12:00:00,2022-11
2022-11-27 12:00:00,0.2747938,7.3914285,7.3965344,182.12912,2022-11-27 12:00:00,2022-11
2022-11-28 12:00:00,-2.3918648,3.5793111,4.3049374,146.24728,2022-11-28 12:00:00,2022-11
2022-11-29 12:00:00,-1.9057975,1.3336834,2.3261073,124.98446,2022-11-29 12:00:00,2022-11
2022-11-30 12:00:00,-2.74614,1.6946477,3.2269359,121.6788,2022-11-30 12:00:00,2022-11
2022-12-01 12:00:00,-3.2892132,2.1107402,3.9082153,122.688934,2022-12-01 12:00:00,2022-12
2022-12-02 12:00:00,-5.8712816,0.7240901,5.9157634,97.03065,2022-12-02 12:00:00,2022-12
2022-12-03 12:00:00,-6.3747497,-0.30060035,6.381833,87.30023,2022-12-03 12:00:00,2022-12
2022-12-04 12:00:00,-7.057402,-0.89027256,7.113333,82.81027,2022-12-04 12:00:00,2022-12
2022-12-05 12:00:00,-2.8008478,-4.3908534,5.2081037,32.533096,2022-12-05 12:00:00,2022-12
2022-12-06 12:00:00,0.993498,-5.4909916,5.580146,349.74426,2022-12-06 12:00:00,2022-12
2022-12-07 12:00:00,2.6668296,-5.7041564,6.2967753,334.94278,2022-12-07 12:00:00,2022-12
2022-12-08 12:00:00,2.771292,-3.352265,4.3494525,320.4197,2022-12-08 12:00:00,2022-12
2022-12-09 12:00:00,-0.40430605,-0.0507519,0.40747902,82.845184,2022-12-09 12:00:00,2022-12
2022-12-10 12:00:00,-1.8505774,0.3389626,1.8813645,100.37958,2022-12-10 12:00:00,2022-12
2022-12-11 12:00:00,-1.5593263,1.7647159,2.3549354,138.53577,2022-12-11 12:00:00,2022-12
2022-12-12 12:00:00,-2.262122,2.6679032,3.4978426,139.7053,2022-12-12 12:00:00,2022-12
2022-12-13 12:00:00,1.2772348,0.6233303,1.421221,243.98618,2022-12-13 12:00:00,2022-12
2022-12-14 12:00:00,1.948452,-2.4942443,3.1650782,322.00378,2022-12-14 12:00:00,2022-12
2022-12-15 12:00:00,-0.048356097,-2.359635,2.3601305,1.1740112,2022-12-15 12:00:00,2022-12
2022-12-16 12:00:00,1.4888049,1.9562635,2.4583545,217.27277,2022-12-16 12:00:00,2022-12
2022-12-17 12:00:00,5.2147846,6.5528593,8.374601,218.51288,2022-12-17 12:00:00,2022-12
2022-12-18 12:00:00,-0.9879436,5.580507,5.667282,169.96068,2022-12-18 12:00:00,2022-12
2022-12-19 12:00:00,0.043454133,9.36475,9.36485,180.26585,2022-12-19 12:00:00,2022-12
2022-12-20 12:00:00,3.8349102,5.803498,6.956085,213.45645,2022-12-20 12:00:00,2022-12
2022-12-21 12:00:00,4.515825,7.045119,8.3681755,212.65932,2022-12-21 12:00:00,2022-12
2022-12-22 12:00:00,4.4799075,-0.5654773,4.5154552,277.19412,2022-12-22 12:00:00,2022-12
2022-12-23 12:00:00,-2.3390527,-1.1753509,2.6177504,63.320923,2022-12-23 12:00:00,2022-12
2022-12-24 12:00:00,0.007115645,3.4823987,3.482406,180.11708,2022-12-24 12:00:00,2022-12
2022-12-25 12:00:00,1.9835663,7.354821,7.6176066,195.09334,2022-12-25 12:00:00,2022-12
2022-12-26 12:00:00,8.734733,1.6291509,8.885364,259.43494,2022-12-26 12:00:00,2022-12
2022-12-27 12:00:00,6.372134,2.206024,6.743192,250.90422,2022-12-27 12:00:00,2022-12
2022-12-28 12:00:00,1.9327087,5.9099913,6.217987,198.10898,2022-12-28 12:00:00,2022-12
2022-12-29 12:00:00,8.792556,4.9681854,10.099104,240.53162,2022-12-29 12:00:00,2022-12
2022-12-30 12:00:00,-0.9310479,12.273919,12.309181,175.6621,2022-12-30 12:00:00,2022-12
2022-12-31 12:00:00,5.586813,2.2293446,6.0151854,248.24619,2022-12-31 12:00:00,2022-12
2023-01-01 12:00:00,2.693328,3.797047,4.6552744,215.3489,2023-01-01 12:00:00,2023-01
2023-01-02 12:00:00,3.689463,0.13207738,3.6918263,267.94977,2023-01-02 12:00:00,2023-01
2023-01-03 12:00:00,0.7479331,7.579135,7.6159496,185.63588,2023-01-03 12:00:00,2023-01
2023-01-04 12:00:00,5.944596,2.6203156,6.4964814,246.21262,2023-01-04 12:00:00,2023-01
2023-01-05 12:00:00,2.575704,2.1358619,3.346066,230.33331,2023-01-05 12:00:00,2023-01
2023-01-06 12:00:00,6.141383,6.090576,8.649376,225.23798,2023-01-06 12:00:00,2023-01
2023-01-07 12:00:00,-0.6303998,10.33641,10.355616,176.50995,2023-01-07 12:00:00,2023-01
2023-01-08 12:00:00,1.9123553,8.814343,9.01941,192.24115,2023-01-08 12:00:00,2023-01
2023-01-09 12:00:00,4.7519984,3.2145414,5.737139,235.92319,2023-01-09 12:00:00,2023-01
2023-01-10 12:00:00,2.625002,8.081027,8.496684,197.99562,2023-01-10 12:00:00,2023-01
2023-01-11 12:00:00,8.863518,7.0053296,11.297637,231.67873,2023-01-11 12:00:00,2023-01
2023-01-12 12:00:00,4.9976215,3.8958673,6.3367186,232.06201,2023-01-12 12:00:00,2023-01
2023-01-13 12:00:00,7.016913,-1.1998808,7.1187625,279.7036,2023-01-13 12:00:00,2023-01
2023-01-14 12:00:00,0.040582385,7.783328,7.783434,180.29874,2023-01-14 12:00:00,2023-01
2023-01-15 12:00:00,8.3594675,-1.707973,8.532167,281.5475,2023-01-15 12:00:00,2023-01
2023-01-16 12:00:00,0.44409287,0.39992982,0.5976306,227.99524,2023-01-16 12:00:00,2023-01
2023-01-17 12:00:00,3.9642522,-1.1336421,4.123159,285.95874,2023-01-17 12:00:00,2023-01
2023-01-18 12:00:00,3.1733267,-0.45162755,3.2053034,278.0999,2023-01-18 12:00:00,2023-01
2023-01-19 12:00:00,3.802108,-0.06248157,3.8026216,270.94147,2023-01-19 12:00:00,2023-01
2023-01-20 12:00:00,-1.0365222,-1.5542021,1.8681333,33.699966,2023-01-20 12:00:00,2023-01
2023-01-21 12:00:00,-1.6996883,3.1370103,3.5678809,151.55037,2023-01-21 12:00:00,2023-01
2023-01-22 12:00:00,-1.0970314,3.964841,4.113811,164.53377,2023-01-22 12:00:00,2023-01
2023-01-23 12:00:00,0.4058509,4.989711,5.0061893,184.65005,2023-01-23 12:00:00,2023-01
2023-01-24 12:00:00,2.3466017,3.6873364,4.3706965,212.47246,2023-01-24 12:00:00,2023-01
2023-01-25 12:00:00,5.879826,1.7174268,6.125513,253.71754,2023-01-25 12:00:00,2023-01
2023-01-26 12:00:00,0.017089743,-6.7975936,6.797615,359.85596,2023-01-26 12:00:00,2023-01
2023-01-27 12:00:00,0.36236247,0.29334423,0.46621603,231.0087,2023-01-27 12:00:00,2023-01
2023-01-28 12:00:00,4.9272156,-1.2780743,5.0902777,284.5415,2023-01-28 12:00:00,2023-01
2023-01-29 12:00:00,8.773858,4.640277,9.92536,242.12674,2023-01-29 12:00:00,2023-01
2023-01-30 12:00:00,9.265241,-8.377339,12.490977,312.1189,2023-01-30 12:00:00,2023-01
2023-01-31 12:00:00,11.649,-0.8957364,11.683388,274.39703,2023-01-31 12:00:00,2023-01
2023-02-01 12:00:00,10.503993,-3.9474623,11.221245,290.5965,2023-02-01 12:00:00,2023-02
2023-02-02 12:00:00,3.097857,2.7045078,4.1123085,228.8782,2023-02-02 12:00:00,2023-02
2023-02-03 12:00:00,6.9759007,-6.0090055,9.207135,310.74146,2023-02-03 12:00:00,2023-02
2023-02-04 12:00:00,-0.47234717,5.300619,5.3216233,174.90773,2023-02-04 12:00:00,2023-02
2023-02-05 12:00:00,3.1403673,-4.798867,5.73507,326.79935,2023-02-05 12:00:00,2023-02
2023-02-06 12:00:00,2.2102256,2.0669503,3.0261166,226.91855,2023-02-06 12:00:00,2023-02
2023-02-07 12:00:00,3.1781116,3.202956,4.5121303,224.77692,2023-02-07 12:00:00,2023-02
2023-02-08 12:00:00,1.8044341,7.995087,8.196182,192.71817,2023-02-08 12:00:00,2023-02
2023-02-09 12:00:00,9.164505,2.1860716,9.421627,256.58356,2023-02-09 12:00:00,2023-02
2023-02-10 12:00:00,7.163737,5.7475724,9.184428,231.25941,2023-02-10 12:00:00,2023-02
2023-02-11 12:00:00,6.2363605,-1.4923823,6.412441,283.45798,2023-02-11 12:00:00,2023-02
2023-02-12 12:00:00,3.9916043,1.7795593,4.3703246,245.97147,2023-02-12 12:00:00,2023-02
2023-02-13 12:00:00,1.4901876,3.2502854,3.5756137,204.63046,2023-02-13 12:00:00,2023-02
2023-02-14 12:00:00,0.4802328,5.0676417,5.0903454,185.41344,2023-02-14 12:00:00,2023-02
2023-02-15 12:00:00,0.35769668,7.0065312,7.015656,182.92252,2023-02-15 12:00:00,2023-02
2023-02-16 12:00:00,3.8480587,4.5423894,5.9532223,220.26941,2023-02-16 12:00:00,2023-02
2023-02-17 12:00:00,11.670075,-1.3096881,11.743336,276.4033,2023-02-17 12:00:00,2023-02
2023-02-18 12:00:00,4.4776664,-2.4384468,5.09858,298.5718,2023-02-18 12:00:00,2023-02
2023-02-19 12:00:00,5.4602203,1.2541202,5.6023946,257.06448,2023-02-19 12:00:00,2023-02
2023-02-20 12:00:00,11.564758,0.012521743,11.564765,269.93796,2023-02-20 12:00:00,2023-02
2023-02-21 12:00:00,3.1844885,1.6128196,3.5696154,243.13956,2023-02-21 12:00:00,2023-02
2023-02-22 12:00:00,0.10003706,3.1070645,3.1086745,181.8441,2023-02-22 12:00:00,2023-02
2023-02-23 12:00:00,3.148979,-3.6195185,4.7976017,318.97675,2023-02-23 12:00:00,2023-02
2023-02-24 12:00:00,3.9272432,-8.868789,9.699415,336.11545,2023-02-24 12:00:00,2023-02
2023-02-25 12:00:00,-1.8270777,-8.292318,8.491217,12.425659,2023-02-25 12:00:00,2023-02
2023-02-26 12:00:00,-1.5665897,-4.7954097,5.044815,18.091461,2023-02-26 12:00:00,2023-02
2023-02-27 12:00:00,-1.5278492,-4.1564794,4.428391,20.182556,2023-02-27 12:00:00,2023-02
2023-02-28 12:00:00,-1.3025082,-4.5613794,4.7437024,15.936768,2023-02-28 12:00:00,2023-02
2023-03-01 12:00:00,-2.4401834,-3.7604074,4.4827623,32.980133,2023-03-01 12:00:00,2023-03
2023-03-02 12:00:00,-1.2778776,-2.743497,3.0265071,24.975372,2023-03-02 12:00:00,2023-03
2023-03-03 12:00:00,2.7949448,-5.4393573,6.115417,332.8042,2023-03-03 12:00:00,2023-03
2023-03-04 12:00:00,2.7041998,-7.202628,7.6935396,339.42154,2023-03-04 12:00:00,2023-03
2023-03-05 12:00:00,3.037181,-4.151912,5.1442046,323.81403,2023-03-05 12:00:00,2023-03
2023-03-06 12:00:00,1.249809,1.2568955,1.7725148,224.83801,2023-03-06 12:00:00,2023-03
2023-03-07 12:00:00,2.9236176,-5.3142695,6.065394,331.18283,2023-03-07 12:00:00,2023-03
2023-03-08 12:00:00,-0.7598705,-0.52304775,0.92248696,55.4589,2023-03-08 12:00:00,2023-03
2023-03-09 12:00:00,-0.25861588,-0.87736064,0.9146824,16.423721,2023-03-09 12:00:00,2023-03
2023-03-10 12:00:00,-1.4593723,-5.0073547,5.215685,16.24855,2023-03-10 12:00:00,2023-03
2023-03-11 12:00:00,5.4075837,-2.9670067,6.1680703,298.75247,2023-03-11 12:00:00,2023-03
2023-03-12 12:00:00,1.6477379,6.3997493,6.6084666,194.43831,2023-03-12 12:00:00,2023-03
2023-03-13 12:00:00,5.8484855,5.4027195,7.9620447,227.26883,2023-03-13 12:00:00,2023-03
2023-03-14 12:00:00,6.6661496,-6.3279552,9.191331,313.5091,2023-03-14 12:00:00,2023-03
2023-03-15 12:00:00,4.831333,0.28990048,4.840023,266.5661,2023-03-15 12:00:00,2023-03
2023-03-16 12:00:00,-2.675405,9.380956,9.755005,164.08209,2023-03-16 12:00:00,2023-03
2023-03-17 12:00:00,2.4520202,4.394811,5.032571,209.15869,2023-03-17 12:00:00,2023-03
2023-03-18 12:00:00,-0.5253592,2.3424594,2.4006495,167.35907,2023-03-18 12:00:00,2023-03
2023-03-19 12:00:00,2.6823847,1.0376109,2.876078,248.85233,2023-03-19 12:00:00,2023-03
2023-03-20 12:00:00,2.61378,1.1710365,2.864118,245.86647,2023-03-20 12:00:00,2023-03
2023-03-21 12:00:00,0.4033385,6.5031166,6.5156126,183.54907,2023-03-21 12:00:00,2023-03
2023-03-22 12:00:00,5.3551273,7.929564,9.568458,214.03261,2023-03-22 12:00:00,2023-03
2023-03-23 12:00:00,5.024246,6.5598836,8.2628765,217.44867,2023-03-23 12:00:00,2023-03
2023-03-24 12:00:00,5.0839295,4.2112737,6.601603,230.36334,2023-03-24 12:00:00,2023-03
2023-03-25 12:00:00,4.2555366,-1.9964671,4.700582,295.13342,2023-03-25 12:00:00,2023-03
2023-03-26 12:00:00,0.0006768988,-6.2658997,6.2658997,359.9938,2023-03-26 12:00:00,2023-03
2023-03-27 12:00:00,4.7070446,-7.1026425,8.520786,326.46686,2023-03-27 12:00:00,2023-03
2023-03-28 12:00:00,2.7610686,6.08581,6.6828575,204.40329,2023-03-28 12:00:00,2023-03
2023-03-29 12:00:00,-1.1654139,3.8162673,3.990249,163.01834,2023-03-29 12:00:00,2023-03
2023-03-30 12:00:00,1.8128166,3.1216125,3.6098156,210.14505,2023-03-30 12:00:00,2023-03
2023-03-31 12:00:00,-4.2771134,0.80248475,4.3517447,100.626465,2023-03-31 12:00:00,2023-03
2023-04-01 12:00:00,-4.8482294,-2.504029,5.456692,62.684418,2023-04-01 12:00:00,2023-04
2023-04-02 12:00:00,-2.8821874,-1.2635864,3.1470072,66.326775,2023-04-02 12:00:00,2023-04
2023-04-03 12:00:00,-1.7263879,2.6019278,3.12257,146.4356,2023-04-03 12:00:00,2023-04
2023-04-04 12:00:00,-0.471312,2.6492538,2.6908514,169.91241,2023-04-04 12:00:00,2023-04
2023-04-05 12:00:00,-1.8517302,5.3571954,5.668196,160.93214,2023-04-05 12:00:00,2023-04
2023-04-06 12:00:00,-3.5077538,5.294272,6.3508782,146.47328,2023-04-06 12:00:00,2023-04
2023-04-07 12:00:00,-3.6457431,0.67744774,3.7081504,100.52658,2023-04-07 12:00:00,2023-04
2023-04-08 12:00:00,-3.3359816,-0.26164728,3.3462267,85.515366,2023-04-08 12:00:00,2023-04
2023-04-09 12:00:00,-2.9705465,3.7053547,4.749084,141.28119,2023-04-09 12:00:00,2023-04
2023-04-10 12:00:00,-3.1011608,9.143903,9.655473,161.2656,2023-04-10 12:00:00,2023-04
2023-04-11 12:00:00,6.075433,2.1203506,6.4348097,250.7608,2023-04-11 12:00:00,2023-04
2023-04-12 12:00:00,-2.3172965,6.4119606,6.8178515,160.13004,2023-04-12 12:00:00,2023-04
2023-04-13 12:00:00,0.18065216,2.610181,2.6164253,183.95917,2023-04-13 12:00:00,2023-04
2023-04-14 12:00:00,-2.9518156,4.6334705,5.493839,147.50027,2023-04-14 12:00:00,2023-04
2023-04-15 12:00:00,-1.1246141,-3.7716022,3.9357007,16.603516,2023-04-15 12:00:00,2023-04
2023-04-16 12:00:00,-0.99011713,-0.5964282,1.15588,58.936028,2023-04-16 12:00:00,2023-04
2023-04-17 12:00:00,-2.6556273,-0.9277305,2.8130126,70.74339,2023-04-17 12:00:00,2023-04
2023-04-18 12:00:00,-5.1336894,-1.8011572,5.4404902,70.66656,2023-04-18 12:00:00,2023-04
2023-04-19 12:00:00,-4.4438906,-2.9565175,5.3375235,56.364212,2023-04-19 12:00:00,2023-04
2023-04-20 12:00:00,-5.220461,-3.0568576,6.0495944,59.648766,2023-04-20 12:00:00,2023-04
2023-04-21 12:00:00,-4.8515854,-1.499674,5.0780807,72.823105,2023-04-21 12:00:00,2023-04
2023-04-22 12:00:00,-2.4103158,1.5261332,2.8528414,122.34066,2023-04-22 12:00:00,2023-04
2023-04-23 12:00:00,0.48047012,2.000952,2.0578291,193.50227,2023-04-23 12:00:00,2023-04
2023-04-24 12:00:00,3.4182105,-6.513775,7.356183,332.311,2023-04-24 12:00:00,2023-04
2023-04-25 12:00:00,5.5310864,-7.0167694,8.93465,321.75244,2023-04-25 12:00:00,2023-04
2023-04-26 12:00:00,4.7396293,-2.690049,5.449812,299.57773,2023-04-26 12:00:00,2023-04
2023-04-27 12:00:00,1.3783739,0.18320943,1.3904964,262.42877,2023-04-27 12:00:00,2023-04
2023-04-28 12:00:00,-1.7495857,2.984396,3.459432,149.61928,2023-04-28 12:00:00,2023-04
2023-04-29 12:00:00,3.1117187,-3.7546723,4.8765106,320.34943,2023-04-29 12:00:00,2023-04
2023-04-30 12:00:00,0.059513584,2.6773179,2.6779792,181.2734,2023-04-30 12:00:00,2023-04
2023-05-01 12:00:00,3.147852,-2.5726643,4.0654116,309.2583,2023-05-01 12:00:00,2023-05
2023-05-02 12:00:00,3.184629,-3.4005785,4.658948,316.87823,2023-05-02 12:00:00,2023-05
2023-05-03 12:00:00,-0.24772082,-0.7721063,0.8108722,17.788208,2023-05-03 12:00:00,2023-05
2023-05-04 12:00:00,-5.412183,-0.19022809,5.415525,87.98699,2023-05-04 12:00:00,2023-05
2023-05-05 12:00:00,-5.76536,3.3274221,6.6566596,119.99098,2023-05-05 12:00:00,2023-05
2023-05-06 12:00:00,-5.11432,3.4439387,6.1657915,123.955986,2023-05-06 12:00:00,2023-05
2023-05-07 12:00:00,-4.2516613,3.7307642,5.656432,131.26643,2023-05-07 12:00:00,2023-05
2023-05-08 12:00:00,-2.534929,6.200223,6.698405,157.76306,2023-05-08 12:00:00,2023-05
2023-05-09 12:00:00,-0.6958038,4.0091643,4.0690956,170.1542,2023-05-09 12:00:00,2023-05
2023-05-10 12:00:00,0.44190916,0.5636333,0.7162166,218.09775,2023-05-10 12:00:00,2023-05
2023-05-11 12:00:00,-1.226524,-0.50166523,1.3251525,67.75477,2023-05-11 12:00:00,2023-05
2023-05-12 12:00:00,-1.7173862,-4.613746,4.923014,20.416916,2023-05-12 12:00:00,2023-05
2023-05-13 12:00:00,-0.41130406,-3.4742122,3.4984741,6.7516937,2023-05-13 12:00:00,2023-05
2023-05-14 12:00:00,0.2090164,2.095081,2.1054816,185.69728,2023-05-14 12:00:00,2023-05
2023-05-15 12:00:00,3.1604853,-4.1442957,5.2118955,322.67047,2023-05-15 12:00:00,2023-05
2023-05-16 12:00:00,5.871771,-4.8201613,7.5968184,309.3827,2023-05-16 12:00:00,2023-05
2023-05-17 12:00:00,2.8607376,-3.0371828,4.172325,316.71356,2023-05-17 12:00:00,2023-05
2023-05-18 12:00:00,0.7039367,2.3965068,2.4977534,196.36932,2023-05-18 12:00:00,2023-05
2023-05-19 12:00:00,-0.56869876,0.62876505,0.84779936,137.87163,2023-05-19 12:00:00,2023-05
2023-05-20 12:00:00,-2.375596,-0.3539656,2.4018219,81.52524,2023-05-20 12:00:00,2023-05
2023-05-21 12:00:00,-1.8614788,-2.4347343,3.0648057,37.399765,2023-05-21 12:00:00,2023-05
2023-05-22 12:00:00,0.26110873,-3.3878927,3.39794,355.59283,2023-05-22 12:00:00,2023-05
2023-05-23 12:00:00,4.04032,-5.6948633,6.982525,324.64554,2023-05-23 12:00:00,2023-05
2023-05-24 12:00:00,3.3084908,-1.7691553,3.7518024,298.13483,2023-05-24 12:00:00,2023-05
2023-05-25 12:00:00,2.0386846,-2.670509,3.35974,322.64163,2023-05-25 12:00:00,2023-05
2023-05-26 12:00:00,1.7775317,-2.6796064,3.215573,326.44147,2023-05-26 12:00:00,2023-05
2023-05-27 12:00:00,1.7598864,3.2101047,3.6608706,208.73302,2023-05-27 12:00:00,2023-05
2023-05-28 12:00:00,0.96806014,-4.4482574,4.5523767,347.72235,2023-05-28 12:00:00,2023-05
2023-05-29 12:00:00,1.9847165,-4.1163387,4.56983,334.25867,2023-05-29 12:00:00,2023-05
2023-05-30 12:00:00,0.37259585,-4.148089,4.164789,354.86725,2023-05-30 12:00:00,2023-05
2023-05-31 12:00:00,1.5353281,-4.5692883,4.820335,341.42712,2023-05-31 12:00:00,2023-05
2023-06-01 12:00:00,0.8837127,-7.165155,7.2194457,352.96893,2023-06-01 12:00:00,2023-06
2023-06-02 12:00:00,-1.1667098,-3.6249769,3.8081057,17.840942,2023-06-02 12:00:00,2023-06
2023-06-03 12:00:00,-0.014808971,-3.152349,3.1523838,0.26916504,2023-06-03 12:00:00,2023-06
2023-06-04 12:00:00,0.24311812,-3.6927845,3.700779,356.23328,2023-06-04 12:00:00,2023-06
2023-06-05 12:00:00,0.63091266,-3.7950835,3.8471692,350.5612,2023-06-05 12:00:00,2023-06
2023-06-06 12:00:00,0.4041084,-4.762284,4.7793984,355.14972,2023-06-06 12:00:00,2023-06
2023-06-07 12:00:00,0.45908672,-4.059893,4.0857673,353.54846,2023-06-07 12:00:00,2023-06
2023-06-08 12:00:00,-1.0150782,-4.342387,4.4594517,13.157227,2023-06-08 12:00:00,2023-06
2023-06-09 12:00:00,-3.1791313,-1.3420724,3.4508018,67.11294,2023-06-09 12:00:00,2023-06
2023-06-10 12:00:00,-4.6621757,1.7727275,4.9878297,110.81862,2023-06-10 12:00:00,2023-06
2023-06-11 12:00:00,-4.421727,2.8382823,5.254286,122.69618,2023-06-11 12:00:00,2023-06
2023-06-12 12:00:00,-3.4863942,1.8326509,3.9387248,117.72902,2023-06-12 12:00:00,2023-06
2023-06-13 12:00:00,-2.8928926,-0.38037786,2.9177928,82.50933,2023-06-13 12:00:00,2023-06
2023-06-14 12:00:00,-2.0183504,-1.0451322,2.2728922,62.624207,2023-06-14 12:00:00,2023-06
2023-06-15 12:00:00,-0.036932345,-2.528496,2.5287657,0.83683777,2023-06-15 12:00:00,2023-06
2023-06-16 12:00:00,1.4202337,-3.543751,3.8177526,338.1605,2023-06-16 12:00:00,2023-06
2023-06-17 12:00:00,-0.32143205,-1.248125,1.2888501,14.441681,2023-06-17 12:00:00,2023-06
2023-06-18 12:00:00,-1.8093235,0.7401016,1.9548407,112.246956,2023-06-18 12:00:00,2023-06
2023-06-19 12:00:00,-0.63776016,2.956786,3.0247846,167.82814,2023-06-19 12:00:00,2023-06
2023-06-20 12:00:00,-2.3638792,3.3150492,4.0715446,144.50827,2023-06-20 12:00:00,2023-06
2023-06-21 12:00:00,3.4010012,2.9381835,4.494411,229.17569,2023-06-21 12:00:00,2023-06
2023-06-22 12:00:00,1.4998583,-0.5367583,1.5930111,289.6909,2023-06-22 12:00:00,2023-06
2023-06-23 12:00:00,2.1807575,-0.2757055,2.1981168,277.20547,2023-06-23 12:00:00,2023-06
2023-06-24 12:00:00,2.1361444,3.0779781,3.7466066,214.76099,2023-06-24 12:00:00,2023-06
2023-06-25 12:00:00,-2.0345647,4.4195104,4.8653393,155.28056,2023-06-25 12:00:00,2023-06
2023-06-26 12:00:00,5.7062163,-1.036547,5.7995977,280.29565,2023-06-26 12:00:00,2023-06
2023-06-27 12:00:00,4.3457975,-1.1274889,4.4896755,284.54434,2023-06-27 12:00:00,2023-06
2023-06-28 12:00:00,2.0794222,3.2663846,3.8721137,212.48135,2023-06-28 12:00:00,2023-06
2023-06-29 12:00:00,2.581507,-1.310714,2.8951943,296.91837,2023-06-29 12:00:00,2023-06
2023-06-30 12:00:00,3.7401147,3.7059426,5.265213,225.26294,2023-06-30 12:00:00,2023-06
2023-07-01 12:00:00,3.6074998,2.012207,4.1307425,240.8479,2023-07-01 12:00:00,2023-07
2023-07-02 12:00:00,8.896013,0.30271208,8.901162,268.0511,2023-07-02 12:00:00,2023-07
2023-07-03 12:00:00,8.5545,2.193931,8.831353,255.61565,2023-07-03 12:00:00,2023-07
2023-07-04 12:00:00,6.0970407,0.527575,6.1198235,265.05453,2023-07-04 12:00:00,2023-07
2023-07-05 12:00:00,1.7886574,-0.5934904,1.8845493,288.35623,2023-07-05 12:00:00,2023-07
2023-07-06 12:00:00,4.079081,1.8258531,4.469076,245.88605,2023-07-06 12:00:00,2023-07
2023-07-07 12:00:00,-0.86965597,4.202253,4.2912974,168.3077,2023-07-07 12:00:00,2023-07
2023-07-08 12:00:00,-3.14388,1.5695963,3.5139172,116.53087,2023-07-08 12:00:00,2023-07
2023-07-09 12:00:00,-1.402754,1.6976674,2.2022245,140.43365,2023-07-09 12:00:00,2023-07
2023-07-10 12:00:00,2.8373277,2.1819286,3.5792794,232.43942,2023-07-10 12:00:00,2023-07
2023-07-11 12:00:00,0.8485388,5.7886953,5.8505564,188.33934,2023-07-11 12:00:00,2023-07
2023-07-12 12:00:00,5.2685404,3.7584846,6.4717636,234.4966,2023-07-12 12:00:00,2023-07
2023-07-13 12:00:00,5.9979525,0.16196525,6.0001388,268.4532,2023-07-13 12:00:00,2023-07
2023-07-14 12:00:00,0.009486702,3.766843,3.766855,180.1443,2023-07-14 12:00:00,2023-07
2023-07-15 12:00:00,-0.86894196,7.0026913,7.0563974,172.9265,2023-07-15 12:00:00,2023-07
2023-07-16 12:00:00,6.3548007,7.1483755,9.564662,221.63663,2023-07-16 12:00:00,2023-07
2023-07-17 12:00:00,7.3740306,1.674548,7.5617747,257.20584,2023-07-17 12:00:00,2023-07
2023-07-18 12:00:00,4.632268,-0.2363243,4.6382923,272.92053,2023-07-18 12:00:00,2023-07
2023-07-19 12:00:00,4.903403,-1.5045012,5.1290236,287.05746,2023-07-19 12:00:00,2023-07
2023-07-20 12:00:00,5.0965605,-1.7164478,5.377836,288.6128,2023-07-20 12:00:00,2023-07
2023-07-21 12:00:00,4.109743,-0.79966646,4.186819,281.01093,2023-07-21 12:00:00,2023-07
2023-07-22 12:00:00,3.07851,2.1422427,3.7505238,235.1671,2023-07-22 12:00:00,2023-07
2023-07-23 12:00:00,0.2825074,0.01824038,0.28309563,266.30576,2023-07-23 12:00:00,2023-07
2023-07-24 12:00:00,2.771654,-4.8902473,5.6210837,330.45667,2023-07-24 12:00:00,2023-07
2023-07-25 12:00:00,5.823597,-4.034899,7.084821,304.71628,2023-07-25 12:00:00,2023-07
2023-07-26 12:00:00,5.8270235,-1.5202949,6.0220847,284.62274,2023-07-26 12:00:00,2023-07
2023-07-27 12:00:00,0.55237734,2.0424466,2.1158235,195.13354,2023-07-27 12:00:00,2023-07
2023-07-28 12:00:00,1.1357685,2.1770778,2.455532,207.55078,2023-07-28 12:00:00,2023-07
2023-07-29 12:00:00,2.1381488,3.434759,4.0458927,211.9024,2023-07-29 12:00:00,2023-07
2023-07-30 12:00:00,4.6918826,3.5662658,5.8933873,232.7618,2023-07-30 12:00:00,2023-07
2023-07-31 12:00:00,1.3621778,1.9302021,2.3624582,215.21129,2023-07-31 12:00:00,2023-07
2023-08-01 12:00:00,2.7350574,-2.3060749,3.577502,310.13605,2023-08-01 12:00:00,2023-08
2023-08-02 12:00:00,-1.4765155,1.5763304,2.1598415,136.87267,2023-08-02 12:00:00,2023-08
2023-08-03 12:00:00,3.4165726,-5.4674573,6.447174,327.99902,2023-08-03 12:00:00,2023-08
2023-08-04 12:00:00,4.191071,-5.025901,6.5440626,320.17545,2023-08-04 12:00:00,2023-08
2023-08-05 12:00:00,-0.3829794,0.54103976,0.6628704,144.70692,2023-08-05 12:00:00,2023-08
2023-08-06 12:00:00,0.8416715,-5.564823,5.6281137,351.3993,2023-08-06 12:00:00,2023-08
2023-08-07 12:00:00,7.301224,-6.357642,9.681296,311.04816,2023-08-07 12:00:00,2023-08
2023-08-08 12:00:00,9.590318,-4.435594,10.566395,294.8209,2023-08-08 12:00:00,2023-08
2023-08-09 12:00:00,7.6572995,-3.4257448,8.38868,294.1029,2023-08-09 12:00:00,2023-08
2023-08-10 12:00:00,2.626664,0.44771728,2.6645477,260.32684,2023-08-10 12:00:00,2023-08
2023-08-11 12:00:00,0.49238402,5.0668545,5.0907226,185.55043,2023-08-11 12:00:00,2023-08
2023-08-12 12:00:00,1.1605875,4.848053,4.985036,193.46281,2023-08-12 12:00:00,2023-08
2023-08-13 12:00:00,2.5967145,5.359917,5.955807,205.84875,2023-08-13 12:00:00,2023-08
2023-08-14 12:00:00,0.094120674,4.9447827,4.9456787,181.09045,2023-08-14 12:00:00,2023-08
2023-08-15 12:00:00,2.3410566,0.68569577,2.4394107,253.67468,2023-08-15 12:00:00,2023-08
2023-08-16 12:00:00,1.1700364,-2.1439168,2.4424095,331.37662,2023-08-16 12:00:00,2023-08
2023-08-17 12:00:00,-2.7915647,-2.1483173,3.5225134,52.419037,2023-08-17 12:00:00,2023-08
2023-08-18 12:00:00,-4.8634896,0.0805885,4.864157,90.94932,2023-08-18 12:00:00,2023-08
2023-08-19 12:00:00,-2.1588886,4.4695177,4.9636064,154.21829,2023-08-19 12:00:00,2023-08
2023-08-20 12:00:00,2.6734207,3.0586727,4.0623465,221.15495,2023-08-20 12:00:00,2023-08
2023-08-21 12:00:00,2.9159725,3.1788096,4.3136673,222.53065,2023-08-21 12:00:00,2023-08
2023-08-22 12:00:00,3.058374,3.761339,4.847816,219.11482,2023-08-22 12:00:00,2023-08
2023-08-23 12:00:00,3.920891,0.38153866,3.939411,264.44208,2023-08-23 12:00:00,2023-08
2023-08-24 12:00:00,-1.038898,3.0507977,3.2228365,161.19458,2023-08-24 12:00:00,2023-08
2023-08-25 12:00:00,1.063507,-0.22274928,1.0865837,281.82947,2023-08-25 12:00:00,2023-08
2023-08-26 12:00:00,1.7186018,1.3640501,2.1941342,231.56105,2023-08-26 12:00:00,2023-08
2023-08-27 12:00:00,2.9861684,0.051364202,2.9866102,269.01456,2023-08-27 12:00:00,2023-08
2023-08-28 12:00:00,3.8788006,-1.218677,4.065743,287.44214,2023-08-28 12:00:00,2023-08
2023-08-29 12:00:00,2.6882665,2.5225914,3.6864948,226.82106,2023-08-29 12:00:00,2023-08
2023-08-30 12:00:00,1.1591663,-0.17634705,1.1725036,278.65024,2023-08-30 12:00:00,2023-08
2023-08-31 12:00:00,1.4721255,-1.4758894,2.084563,315.07315,2023-08-31 12:00:00,2023-08
2023-09-01 12:00:00,0.037042305,-1.480117,1.4805804,358.56635,2023-09-01 12:00:00,2023-09
2023-09-02 12:00:00,1.8288473,-1.3465574,2.271101,306.36374,2023-09-02 12:00:00,2023-09
2023-09-03 12:00:00,3.9770105,3.1997845,5.1044326,231.18088,2023-09-03 12:00:00,2023-09
2023-09-04 12:00:00,1.6297148,3.8249185,4.1576405,203.0778,2023-09-04 12:00:00,2023-09
2023-09-05 12:00:00,-0.46047643,-0.86670655,0.9814371,27.981476,2023-09-05 12:00:00,2023-09
2023-09-06 12:00:00,-3.002938,1.549773,3.3792653,117.29761,2023-09-06 12:00:00,2023-09
2023-09-07 12:00:00,-2.7355595,2.4350736,3.6623583,131.67406,2023-09-07 12:00:00,2023-09
2023-09-08 12:00:00,-0.6662083,2.3131342,2.4071608,163.93301,2023-09-08 12:00:00,2023-09
2023-09-09 12:00:00,1.2721716,2.6025913,2.896878,206.04984,2023-09-09 12:00:00,2023-09
2023-09-10 12:00:00,0.21017547,1.60171,1.6154406,187.4756,2023-09-10 12:00:00,2023-09
2023-09-11 12:00:00,3.8864412,2.6987321,4.7315516,235.22401,2023-09-11 12:00:00,2023-09
2023-09-12 12:00:00,1.8511971,-3.2932851,3.7779171,330.65912,2023-09-12 12:00:00,2023-09
2023-09-13 12:00:00,0.56673706,-5.13784,5.169003,353.70535,2023-09-13 12:00:00,2023-09
2023-09-14 12:00:00,2.270658,5.164937,5.6420264,203.7317,2023-09-14 12:00:00,2023-09
2023-09-15 12:00:00,0.010246021,3.3046165,3.3046324,180.17764,2023-09-15 12:00:00,2023-09
2023-09-16 12:00:00,-1.1748327,-2.0768604,2.3861227,29.495865,2023-09-16 12:00:00,2023-09
2023-09-17 12:00:00,-4.30859,0.65693915,4.3583846,98.669235,2023-09-17 12:00:00,2023-09
2023-09-18 12:00:00,-0.38164216,6.37246,6.3838778,176.5727,2023-09-18 12:00:00,2023-09
2023-09-19 12:00:00,6.8602505,7.913404,10.473061,220.92252,2023-09-19 12:00:00,2023-09
2023-09-20 12:00:00,3.2177181,10.110858,10.610521,197.65335,2023-09-20 12:00:00,2023-09
2023-09-21 12:00:00,2.2278156,5.443014,5.8812895,202.25919,2023-09-21 12:00:00,2023-09
2023-09-22 12:00:00,3.1513808,3.3207219,4.578034,223.5012,2023-09-22 12:00:00,2023-09
2023-09-23 12:00:00,5.317939,-1.8877683,5.6430616,289.54388,2023-09-23 12:00:00,2023-09
2023-09-24 12:00:00,1.0266434,8.8295965,8.889082,186.63217,2023-09-24 12:00:00,2023-09
2023-09-25 12:00:00,3.2909725,7.2795053,7.988848,204.32712,2023-09-25 12:00:00,2023-09
2023-09-26 12:00:00,-1.7669199,7.0064006,7.2257633,165.8459,2023-09-26 12:00:00,2023-09
2023-09-27 12:00:00,-0.061593525,3.3377187,3.338287,178.9428,2023-09-27 12:00:00,2023-09
2023-09-28 12:00:00,5.3891764,6.194586,8.2107315,221.02267,2023-09-28 12:00:00,2023-09
2023-09-29 12:00:00,6.1671576,2.7472622,6.7513914,245.98862,2023-09-29 12:00:00,2023-09
2023-09-30 12:00:00,5.696753,-0.50309813,5.718925,275.04688,2023-09-30 12:00:00,2023-09
2023-10-01 12:00:00,2.1885529,5.3025684,5.7364616,202.42763,2023-10-01 12:00:00,2023-10
2023-10-02 12:00:00,4.0196967,2.9145498,4.9651346,234.05536,2023-10-02 12:00:00,2023-10
2023-10-03 12:00:00,8.081904,0.2276516,8.08511,268.3865,2023-10-03 12:00:00,2023-10
2023-10-04 12:00:00,7.3774295,3.1762698,8.032132,246.70624,2023-10-04 12:00:00,2023-10
2023-10-05 12:00:00,4.520951,1.0754226,4.647099,256.61942,2023-10-05 12:00:00,2023-10
2023-10-06 12:00:00,9.923742,3.892777,10.659943,248.58145,2023-10-06 12:00:00,2023-10
2023-10-07 12:00:00,2.4433165,-2.4925933,3.490389,315.57196,2023-10-07 12:00:00,2023-10
2023-10-08 12:00:00,-1.0527003,2.0417893,2.29719,152.7254,2023-10-08 12:00:00,2023-10
2023-10-09 12:00:00,2.0716593,-0.97089994,2.2878852,295.1105,2023-10-09 12:00:00,2023-10
2023-10-10 12:00:00,4.4607034,6.45599,7.847145,214.64215,2023-10-10 12:00:00,2023-10
2023-10-11 12:00:00,10.744793,2.4886978,11.0292425,256.95917,2023-10-11 12:00:00,2023-10
2023-10-12 12:00:00,4.516443,-0.018798828,4.516482,270.23846,2023-10-12 12:00:00,2023-10
2023-10-13 12:00:00,6.4554925,5.5126014,8.488943,229.50467,2023-10-13 12:00:00,2023-10
2023-10-14 12:00:00,11.456019,-5.059444,12.523513,293.8282,2023-10-14 12:00:00,2023-10
2023-10-15 12:00:00,6.905271,-6.819257,9.704897,314.64093,2023-10-15 12:00:00,2023-10
2023-10-16 12:00:00,3.000735,-0.91224337,3.1363351,286.9096,2023-10-16 12:00:00,2023-10
2023-10-17 12:00:00,1.9421475,-0.35971308,1.9751786,280.49307,2023-10-17 12:00:00,2023-10
2023-10-18 12:00:00,-7.239903,2.9004598,7.799286,111.8321,2023-10-18 12:00:00,2023-10
2023-10-19 12:00:00,-10.45827,3.9424613,11.17669,110.654976,2023-10-19 12:00:00,2023-10
2023-10-20 12:00:00,-13.008584,-1.0189658,13.04843,85.52116,2023-10-20 12:00:00,2023-10
2023-10-21 12:00:00,-7.0921745,4.526258,8.413439,122.5462,2023-10-21 12:00:00,2023-10
2023-10-22 12:00:00,1.0471354,2.3712747,2.5921876,203.82585,2023-10-22 12:00:00,2023-10
2023-10-23 12:00:00,-0.31623074,0.63345337,0.7080007,153.47086,2023-10-23 12:00:00,2023-10
2023-10-24 12:00:00,-4.1117196,0.9175325,4.21285,102.57949,2023-10-24 12:00:00,2023-10
2023-10-25 12:00:00,-5.0781317,0.21508178,5.0826845,92.42529,2023-10-25 12:00:00,2023-10
2023-10-26 12:00:00,-6.303736,2.7332075,6.8707724,113.44085,2023-10-26 12:00:00,2023-10
2023-10-27 12:00:00,-5.2670856,1.4654347,5.4671464,105.5479,2023-10-27 12:00:00,2023-10
2023-10-28 12:00:00,-4.868284,3.8949742,6.2346625,128.6623,2023-10-28 12:00:00,2023-10
2023-10-29 12:00:00,-2.333546,1.6688777,2.8689003,125.571144,2023-10-29 12:00:00,2023-10
2023-10-30 12:00:00,0.048926134,-1.1730899,1.1741097,357.61176,2023-10-30 12:00:00,2023-10
2023-10-31 12:00:00,-0.69837695,-2.7869666,2.8731365,14.067886,2023-10-31 12:00:00,2023-10
2023-11-01 12:00:00,-3.2115107,6.630284,7.3671203,154.15584,2023-11-01 12:00:00,2023-11
2023-11-02 12:00:00,-6.640224,5.4545565,8.593297,129.40111,2023-11-02 12:00:00,2023-11
2023-11-03 12:00:00,0.0049359216,2.792131,2.7921352,180.10129,2023-11-03 12:00:00,2023-11
2023-11-04 12:00:00,-1.3951093,6.5885515,6.7346377,168.04436,2023-11-04 12:00:00,2023-11
2023-11-05 12:00:00,0.05023133,-0.13898611,0.14778472,340.12952,2023-11-05 12:00:00,2023-11
2023-11-06 12:00:00,3.7047563,2.2253304,4.321726,239.00809,2023-11-06 12:00:00,2023-11
2023-11-07 12:00:00,3.7110527,2.242733,4.3361,238.8538,2023-11-07 12:00:00,2023-11
2023-11-08 12:00:00,0.91082734,7.5300655,7.5849514,186.89693,2023-11-08 12:00:00,2023-11
2023-11-09 12:00:00,1.7297845,4.869785,5.1678777,199.55542,2023-11-09 12:00:00,2023-11
2023-11-10 12:00:00,0.052792475,0.202877,0.2096333,194.58597,2023-11-10 12:00:00,2023-11
2023-11-11 12:00:00,0.87747604,-2.419104,2.5733304,340.06287,2023-11-11 12:00:00,2023-11
2023-11-12 12:00:00,-1.085292,0.83962,1.372159,127.7268,2023-11-12 12:00:00,2023-11
2023-11-13 12:00:00,-4.1574736,6.158713,7.4306345,145.97847,2023-11-13 12:00:00,2023-11
2023-11-14 12:00:00,-0.3278152,-1.2450249,1.2874587,14.75119,2023-11-14 12:00:00,2023-11
2023-11-15 12:00:00,0.90530014,1.1596211,1.4711524,217.97867,2023-11-15 12:00:00,2023-11
2023-11-16 12:00:00,-1.8443731,-0.37762305,1.8826342,78.42899,2023-11-16 12:00:00,2023-11
2023-11-17 12:00:00,-0.7839323,1.4974289,1.6902199,152.3671,2023-11-17 12:00:00,2023-11
2023-11-18 12:00:00,-4.220868,8.572538,9.55532,153.7857,2023-11-18 12:00:00,2023-11
2023-11-19 12:00:00,1.135778,3.5766742,3.7526777,197.61731,2023-11-19 12:00:00,2023-11
2023-11-20 12:00:00,-0.98072076,-0.081830904,0.9841288,85.230316,2023-11-20 12:00:00,2023-11
2023-11-21 12:00:00,-1.8100251,-3.3345232,3.7941055,28.493729,2023-11-21 12:00:00,2023-11
2023-11-22 12:00:00,8.310165,5.1107516,9.755954,238.40848,2023-11-22 12:00:00,2023-11
2023-11-23 12:00:00,12.55151,-3.6992185,13.085282,286.42145,2023-11-23 12:00:00,2023-11
2023-11-24 12:00:00,5.754806,-12.063718,13.366042,334.49725,2023-11-24 12:00:00,2023-11
2023-11-25 12:00:00,1.4619704,-7.6455793,7.7841015,349.17468,2023-11-25 12:00:00,2023-11
2023-11-26 12:00:00,3.550371,-0.6416782,3.607892,280.24478,2023-11-26 12:00:00,2023-11
2023-11-27 12:00:00,-6.276356,-0.28053755,6.282623,87.44073,2023-11-27 12:00:00,2023-11
2023-11-28 12:00:00,-1.4082005,-1.5288708,2.0785751,42.647324,2023-11-28 12:00:00,2023-11
2023-11-29 12:00:00,-1.5253121,-3.3415291,3.6731994,24.53534,2023-11-29 12:00:00,2023-11
2023-11-30 12:00:00,-3.6563294,-1.7686819,4.0616474,64.185486,2023-11-30 12:00:00,2023-11
2023-12-01 12:00:00,-2.5043316,-0.697905,2.5997593,74.427956,2023-12-01 12:00:00,2023-12
2023-12-02 12:00:00,1.3284158,-0.41288304,1.3911005,287.2657,2023-12-02 12:00:00,2023-12
2023-12-03 12:00:00,-0.048371185,4.9116387,4.911877,179.43576,2023-12-03 12:00:00,2023-12
2023-12-04 12:00:00,-5.99467,3.1839838,6.78777,117.97437,2023-12-04 12:00:00,2023-12
2023-12-05 12:00:00,-4.4227457,-2.531382,5.0959373,60.21511,2023-12-05 12:00:00,2023-12
2023-12-06 12:00:00,-1.6063175,-1.1812227,1.9938763,53.670715,2023-12-06 12:00:00,2023-12
2023-12-07 12:00:00,-5.0197744,5.232279,7.2508535,136.18745,2023-12-07 12:00:00,2023-12
2023-12-08 12:00:00,-4.9734225,5.5449867,7.4486113,138.11037,2023-12-08 12:00:00,2023-12
2023-12-09 12:00:00,-4.79321,7.1806765,8.63348,146.27629,2023-12-09 12:00:00,2023-12
2023-12-10 12:00:00,-1.3769438,2.2191985,2.6116693,148.18169,2023-12-10 12:00:00,2023-12
2023-12-11 12:00:00,-0.16728735,-2.533994,2.53951,3.7770386,2023-12-11 12:00:00,2023-12
2023-12-12 12:00:00,-4.503264,3.3282228,5.5996833,126.466965,2023-12-12 12:00:00,2023-12
2023-12-13 12:00:00,-4.2356753,-2.3794057,4.858242,60.67476,2023-12-13 12:00:00,2023-12
2023-12-14 12:00:00,3.2820647,3.7734163,5.001062,221.0163,2023-12-14 12:00:00,2023-12
2023-12-15 12:00:00,6.7577395,1.5687168,6.937429,256.93103,2023-12-15 12:00:00,2023-12
2023-12-16 12:00:00,8.9993925,5.163861,10.3756695,240.15274,2023-12-16 12:00:00,2023-12
2023-12-17 12:00:00,9.043944,6.054676,10.883567,236.19876,2023-12-17 12:00:00,2023-12
2023-12-18 12:00:00,5.257604,5.833021,7.852804,222.02997,2023-12-18 12:00:00,2023-12
2023-12-19 12:00:00,7.6588683,0.99543035,7.723286,262.59473,2023-12-19 12:00:00,2023-12
2023-12-20 12:00:00,9.458843,-2.3700116,9.75124,284.06647,2023-12-20 12:00:00,2023-12
2023-12-21 12:00:00,12.522876,-7.0005093,14.346761,299.20596,2023-12-21 12:00:00,2023-12
2023-12-22 12:00:00,8.70269,-4.9979806,10.035768,299.86887,2023-12-22 12:00:00,2023-12
2023-12-23 12:00:00,5.569468,-2.2525818,6.007753,292.02097,2023-12-23 12:00:00,2023-12
2023-12-24 12:00:00,8.968343,4.3494196,9.967378,244.12778,2023-12-24 12:00:00,2023-12
2023-12-25 12:00:00,7.952253,-0.24723671,7.956095,271.78076,2023-12-25 12:00:00,2023-12
2023-12-26 12:00:00,7.705521,-4.180236,8.76638,298.47977,2023-12-26 12:00:00,2023-12
2023-12-27 12:00:00,-6.2330036,5.8519926,8.549629,133.1942,2023-12-27 12:00:00,2023-12
2023-12-28 12:00:00,6.953883,7.3826427,10.141988,223.28697,2023-12-28 12:00:00,2023-12
2023-12-29 12:00:00,8.226162,2.4978452,8.597033,253.10927,2023-12-29 12:00:00,2023-12
2023-12-30 12:00:00,2.8320582,1.0158384,3.008734,250.26746,2023-12-30 12:00:00,2023-12
2023-12-31 12:00:00,-4.6506634,6.9521055,8.364236,146.21916,2023-12-31 12:00:00,2023-12
2024-01-01 12:00:00,-0.25815627,2.24943,2.2641952,173.45308,2024-01-01 12:00:00,2024-01
2024-01-02 12:00:00,-6.719519,4.185091,7.9162445,121.915726,2024-01-02 12:00:00,2024-01
2024-01-03 12:00:00,-4.2155757,0.41883233,4.236331,95.67392,2024-01-03 12:00:00,2024-01
2024-01-04 12:00:00,-3.5795624,2.9328701,4.6276336,129.32906,2024-01-04 12:00:00,2024-01
2024-01-05 12:00:00,-5.554474,1.0483959,5.6525493,100.68872,2024-01-05 12:00:00,2024-01
2024-01-06 12:00:00,-3.6587818,-0.40460056,3.6810849,83.68968,2024-01-06 12:00:00,2024-01
2024-01-07 12:00:00,-3.2292533,-0.7331155,3.311425,77.209335,2024-01-07 12:00:00,2024-01
2024-01-08 12:00:00,-4.0956316,-1.0654839,4.2319565,75.41767,2024-01-08 12:00:00,2024-01
2024-01-09 12:00:00,-2.4659019,-2.9205058,3.8223064,40.17578,2024-01-09 12:00:00,2024-01
2024-01-10 12:00:00,-2.8841057,-2.6500092,3.9167097,47.42221,2024-01-10 12:00:00,2024-01
2024-01-11 12:00:00,0.02850895,-6.7429743,6.7430344,359.75775,2024-01-11 12:00:00,2024-01
2024-01-12 12:00:00,3.4676044,-4.588086,5.7510705,322.91858,2024-01-12 12:00:00,2024-01
2024-01-13 12:00:00,7.6073174,-5.550688,9.417081,306.1164,2024-01-13 12:00:00,2024-01
2024-01-14 12:00:00,7.278416,-5.5485706,9.152157,307.31943,2024-01-14 12:00:00,2024-01
2024-01-15 12:00:00,4.147843,-7.051931,8.18134,329.53656,2024-01-15 12:00:00,2024-01
2024-01-16 12:00:00,5.6653223,1.4934651,5.8588667,255.23193,2024-01-16 12:00:00,2024-01
2024-01-17 12:00:00,3.6223812,-3.0853703,4.758272,310.42276,2024-01-17 12:00:00,2024-01
2024-01-18 12:00:00,5.7087874,-4.503011,7.2709947,308.26587,2024-01-18 12:00:00,2024-01
2024-01-19 12:00:00,8.325339,0.85754824,8.369389,264.11902,2024-01-19 12:00:00,2024-01
2024-01-20 12:00:00,5.059076,7.101676,8.719407,215.46523,2024-01-20 12:00:00,2024-01
2024-01-21 12:00:00,5.5848765,8.39968,10.086896,213.6196,2024-01-21 12:00:00,2024-01
2024-01-22 12:00:00,12.883371,5.078161,13.848068,248.48743,2024-01-22 12:00:00,2024-01
2024-01-23 12:00:00,5.057273,5.1336617,7.2062817,224.57053,2024-01-23 12:00:00,2024-01
2024-01-24 12:00:00,13.316252,-1.9911249,13.464292,278.50418,2024-01-24 12:00:00,2024-01
2024-01-25 12:00:00,1.9511548,3.8319218,4.300073,206.98448,2024-01-25 12:00:00,2024-01
2024-01-26 12:00:00,10.788224,-3.7936523,11.435802,289.37408,2024-01-26 12:00:00,2024-01
2024-01-27 12:00:00,6.8911514,5.6024694,8.881195,230.88907,2024-01-27 12:00:00,2024-01
2024-01-28 12:00:00,0.8727604,9.474922,9.515034,185.26282,2024-01-28 12:00:00,2024-01
2024-01-29 12:00:00,1.6985389,1.3096058,2.144785,232.3671,2024-01-29 12:00:00,2024-01
2024-01-30 12:00:00,3.5186796,0.10526223,3.5202537,268.2865,2024-01-30 12:00:00,2024-01
2024-01-31 12:00:00,6.873397,9.735269,11.917174,215.22325,2024-01-31 12:00:00,2024-01
2024-02-01 12:00:00,9.07619,-3.428334,9.702098,290.69296,2024-02-01 12:00:00,2024-02
2024-02-02 12:00:00,10.259053,2.651961,10.596276,255.50633,2024-02-02 12:00:00,2024-02
2024-02-03 12:00:00,10.763124,0.046906665,10.7632265,269.7503,2024-02-03 12:00:00,2024-02
2024-02-04 12:00:00,11.049158,0.37723154,11.055595,268.04462,2024-02-04 12:00:00,2024-02
2024-02-05 12:00:00,6.1705656,2.2276495,6.560358,250.1498,2024-02-05 12:00:00,2024-02
2024-02-06 12:00:00,7.9195375,2.007962,8.170128,255.77274,2024-02-06 12:00:00,2024-02
2024-02-07 12:00:00,4.1179647,-0.61603034,4.163788,278.50812,2024-02-07 12:00:00,2024-02
2024-02-08 12:00:00,-2.0867445,-0.26194102,2.1031206,82.845314,2024-02-08 12:00:00,2024-02
2024-02-09 12:00:00,-7.3616023,3.0672786,7.9750476,112.6195,2024-02-09 12:00:00,2024-02
2024-02-10 12:00:00,-6.571025,2.1756876,6.9218483,108.31988,2024-02-10 12:00:00,2024-02
2024-02-11 12:00:00,-5.5369034,2.6082902,6.1204963,115.2239,2024-02-11 12:00:00,2024-02
2024-02-12 12:00:00,2.140002,2.8700168,3.5800285,216.70972,2024-02-12 12:00:00,2024-02
2024-02-13 12:00:00,4.943972,4.7278585,6.840724,226.28003,2024-02-13 12:00:00,2024-02
2024-02-14 12:00:00,1.5881015,4.2873745,4.5720506,200.32532,2024-02-14 12:00:00,2024-02
2024-02-15 12:00:00,-1.4798017,5.150635,5.3589973,163.9704,2024-02-15 12:00:00,2024-02
2024-02-16 12:00:00,4.400895,-1.5029694,4.6504617,288.85577,2024-02-16 12:00:00,2024-02
2024-02-17 12:00:00,1.1257867,1.6278132,1.9791845,214.66751,2024-02-17 12:00:00,2024-02
2024-02-18 12:00:00,2.8255706,1.5236422,3.2101922,241.66496,2024-02-18 12:00:00,2024-02
2024-02-19 12:00:00,6.111254,-0.3828228,6.123233,273.58444,2024-02-19 12:00:00,2024-02
2024-02-20 12:00:00,5.7161555,5.763507,8.117415,224.76367,2024-02-20 12:00:00,2024-02
2024-02-21 12:00:00,0.21506761,8.89424,8.89684,181.38518,2024-02-21 12:00:00,2024-02
2024-02-22 12:00:00,0.059247576,7.340889,7.3411283,180.46242,2024-02-22 12:00:00,2024-02
2024-02-23 12:00:00,6.6763124,4.8347225,8.243039,234.08942,2024-02-23 12:00:00,2024-02
2024-02-24 12:00:00,2.1449711,4.191454,4.7084165,207.10104,2024-02-24 12:00:00,2024-02
2024-02-25 12:00:00,0.21709086,2.3259058,2.336015,185.3323,2024-02-25 12:00:00,2024-02
2024-02-26 12:00:00,-2.107637,-5.5352144,5.9228992,20.845276,2024-02-26 12:00:00,2024-02
2024-02-27 12:00:00,2.8950672,6.0421023,6.6998816,205.60136,2024-02-27 12:00:00,2024-02
2024-02-28 12:00:00,3.2856493,5.6610746,6.545476,210.13058,2024-02-28 12:00:00,2024-02
2024-02-29 12:00:00,2.898836,7.2675896,7.824392,201.74567,2024-02-29 12:00:00,2024-02
2024-03-01 12:00:00,-1.2640706,5.1646137,5.317058,166.24689,2024-03-01 12:00:00,2024-03
2024-03-02 12:00:00,-4.264144,5.4616985,6.929147,142.01956,2024-03-02 12:00:00,2024-03
2024-03-03 12:00:00,-4.5646467,1.254071,4.7337823,105.36217,2024-03-03 12:00:00,2024-03
2024-03-04 12:00:00,-3.4754188,2.0637426,4.041976,120.70232,2024-03-04 12:00:00,2024-03
2024-03-05 12:00:00,-6.411652,2.396654,6.844942,110.495575,2024-03-05 12:00:00,2024-03
2024-03-06 12:00:00,-4.4232473,2.4678848,5.065133,119.15869,2024-03-06 12:00:00,2024-03
2024-03-07 12:00:00,-4.976415,1.1912051,5.1169987,103.46161,2024-03-07 12:00:00,2024-03
2024-03-08 12:00:00,-6.9374213,1.124033,7.027892,99.203354,2024-03-08 12:00:00,2024-03
2024-03-09 12:00:00,-8.126399,1.365361,8.240302,99.5375,2024-03-09 12:00:00,2024-03
2024-03-10 12:00:00,-8.857393,-0.55348563,8.874669,86.424324,2024-03-10 12:00:00,2024-03
2024-03-11 12:00:00,-5.584909,-2.238915,6.0169716,68.154816,2024-03-11 12:00:00,2024-03
2024-03-12 12:00:00,-1.5778883,4.742408,4.998016,161.59674,2024-03-12 12:00:00,2024-03
2024-03-13 12:00:00,3.393135,7.849179,8.551197,203.37843,2024-03-13 12:00:00,2024-03
2024-03-14 12:00:00,3.9850693,5.6846175,6.942309,215.0315,2024-03-14 12:00:00,2024-03
2024-03-15 12:00:00,3.6775873,3.3817792,4.996106,227.39946,2024-03-15 12:00:00,2024-03
2024-03-16 12:00:00,4.5011435,-4.687894,6.4989724,316.16425,2024-03-16 12:00:00,2024-03
2024-03-17 12:00:00,-4.70641,7.320082,8.702522,147.26122,2024-03-17 12:00:00,2024-03
2024-03-18 12:00:00,-1.9195559,5.13502,5.482073,159.50342,2024-03-18 12:00:00,2024-03
2024-03-19 12:00:00,1.157732,6.716561,6.8156095,189.77995,2024-03-19 12:00:00,2024-03
2024-03-20 12:00:00,0.9309491,0.88567257,1.2849444,226.4277,2024-03-20 12:00:00,2024-03
2024-03-21 12:00:00,3.2703283,5.952283,6.791518,208.78546,2024-03-21 12:00:00,2024-03
2024-03-22 12:00:00,8.260489,2.054007,8.512029,256.03635,2024-03-22 12:00:00,2024-03
2024-03-23 12:00:00,8.179741,2.2078648,8.472475,254.89476,2024-03-23 12:00:00,2024-03
2024-03-24 12:00:00,3.595044,-6.4319754,7.36849,330.79773,2024-03-24 12:00:00,2024-03
2024-03-25 12:00:00,-0.0107440185,0.25472936,0.25495583,177.5848,2024-03-25 12:00:00,2024-03
2024-03-26 12:00:00,-4.0699515,3.3817654,5.291582,129.72354,2024-03-26 12:00:00,2024-03
2024-03-27 12:00:00,-2.5861232,4.8540344,5.4999714,151.95229,2024-03-27 12:00:00,2024-03
2024-03-28 12:00:00,-1.6771961,2.0489,2.647825,140.69681,2024-03-28 12:00:00,2024-03
2024-03-29 12:00:00,1.1094435,7.3492384,7.432508,188.58456,2024-03-29 12:00:00,2024-03
2024-03-30 12:00:00,-1.2693967,3.762848,3.9711952,161.35818,2024-03-30 12:00:00,2024-03
2024-03-31 12:00:00,-2.19831,-0.06375857,2.1992342,88.3387,2024-03-31 12:00:00,2024-03
2024-04-01 12:00:00,-2.443912,-0.3252036,2.4654539,82.420364,2024-04-01 12:00:00,2024-04
2024-04-02 12:00:00,-0.46463937,-0.09915779,0.4751021,77.95333,2024-04-02 12:00:00,2024-04
2024-04-03 12:00:00,-3.859236,3.1896675,5.0067635,129.5738,2024-04-03 12:00:00,2024-04
2024-04-04 12:00:00,0.67212737,0.65900505,0.9412985,225.5648,2024-04-04 12:00:00,2024-04
2024-04-05 12:00:00,0.010582699,4.9708414,4.970853,180.12198,2024-04-05 12:00:00,2024-04
2024-04-06 12:00:00,-3.33938,8.320327,8.96545,158.13184,2024-04-06 12:00:00,2024-04
2024-04-07 12:00:00,4.8469644,9.872769,10.998392,206.14839,2024-04-07 12:00:00,2024-04
2024-04-08 12:00:00,0.59309304,5.1526623,5.1866837,186.56609,2024-04-08 12:00:00,2024-04
2024-04-09 12:00:00,0.8124096,5.3829756,5.4439354,188.58243,2024-04-09 12:00:00,2024-04
2024-04-10 12:00:00,6.3558793,4.0613375,7.5426564,237.42186,2024-04-10 12:00:00,2024-04
2024-04-11 12:00:00,7.6977844,2.9408224,8.240408,249.0914,2024-04-11 12:00:00,2024-04
2024-04-12 12:00:00,6.2517457,3.561087,7.1948357,240.33351,2024-04-12 12:00:00,2024-04
2024-04-13 12:00:00,4.02239,6.004385,7.227189,213.81848,2024-04-13 12:00:00,2024-04
2024-04-14 12:00:00,7.3311763,-0.36691338,7.340352,272.86517,2024-04-14 12:00:00,2024-04
2024-04-15 12:00:00,1.2496588,3.5159256,3.7314048,199.56664,2024-04-15 12:00:00,2024-04
2024-04-16 12:00:00,2.823451,-6.312416,6.91509,335.90173,2024-04-16 12:00:00,2024-04
2024-04-17 12:00:00,1.0467917,-4.17763,4.3067813,345.93298,2024-04-17 12:00:00,2024-04
2024-04-18 12:00:00,4.2375884,1.4077512,4.4653015,251.6232,2024-04-18 12:00:00,2024-04
2024-04-19 12:00:00,2.5016043,-6.757557,7.205734,339.68576,2024-04-19 12:00:00,2024-04
2024-04-20 12:00:00,2.5564725,-8.143922,8.535749,342.57233,2024-04-20 12:00:00,2024-04
2024-04-21 12:00:00,-1.438902,-3.5461884,3.8269951,22.085373,2024-04-21 12:00:00,2024-04
2024-04-22 12:00:00,-0.033215035,-1.042313,1.0428421,1.8252258,2024-04-22 12:00:00,2024-04
2024-04-23 12:00:00,2.4682908,-5.9791203,6.4685655,337.56827,2024-04-23 12:00:00,2024-04
2024-04-24 12:00:00,1.3651917,-6.2406597,6.388238,347.6605,2024-04-24 12:00:00,2024-04
2024-04-25 12:00:00,-0.09899604,0.5905229,0.5987633,170.48335,2024-04-25 12:00:00,2024-04
2024-04-26 12:00:00,-1.6407433,0.04707762,1.6414186,91.64354,2024-04-26 12:00:00,2024-04
2024-04-27 12:00:00,-3.9881196,1.1803936,4.1591377,106.48757,2024-04-27 12:00:00,2024-04
2024-04-28 12:00:00,-2.6228826,3.2731886,4.194434,141.29399,2024-04-28 12:00:00,2024-04
2024-04-29 12:00:00,0.9059148,7.8186007,7.8709083,186.60919,2024-04-29 12:00:00,2024-04
2024-04-30 12:00:00,-4.4494658,4.0860977,6.0410213,132.56233,2024-04-30 12:00:00,2024-04
2024-05-01 12:00:00,-5.1063614,-1.5498,5.3363667,73.11677,2024-05-01 12:00:00,2024-05
2024-05-02 12:00:00,-6.1087184,-2.9419868,6.7802453,64.284325,2024-05-02 12:00:00,2024-05
2024-05-03 12:00:00,-3.0720212,0.4458333,3.104204,98.257515,2024-05-03 12:00:00,2024-05
2024-05-04 12:00:00,-1.0401485,4.2390075,4.364756,166.21341,2024-05-04 12:00:00,2024-05
2024-05-05 12:00:00,0.26274407,0.646634,0.6979756,202.11317,2024-05-05 12:00:00,2024-05
2024-05-06 12:00:00,-1.433606,-0.52525425,1.5268,69.877846,2024-05-06 12:00:00,2024-05
2024-05-07 12:00:00,0.057157774,-1.5166081,1.5176848,357.84167,2024-05-07 12:00:00,2024-05
2024-05-08 12:00:00,1.1007951,0.37275928,1.1621959,251.2925,2024-05-08 12:00:00,2024-05
2024-05-09 12:00:00,3.6561682,0.8293014,3.7490408,257.22025,2024-05-09 12:00:00,2024-05
2024-05-10 12:00:00,-0.15447173,0.7640088,0.7794684,168.5697,2024-05-10 12:00:00,2024-05
2024-05-11 12:00:00,-1.0355623,1.932772,2.1927147,151.818,2024-05-11 12:00:00,2024-05
2024-05-12 12:00:00,-4.4897356,3.380216,5.6199274,126.975235,2024-05-12 12:00:00,2024-05
2024-05-13 12:00:00,-4.740313,5.1521463,7.0010843,137.38391,2024-05-13 12:00:00,2024-05
2024-05-14 12:00:00,-5.9917903,4.664096,7.5931115,127.897705,2024-05-14 12:00:00,2024-05
2024-05-15 12:00:00,-5.014881,2.4762423,5.5929246,116.27919,2024-05-15 12:00:00,2024-05
2024-05-16 12:00:00,-6.083024,1.1963384,6.1995487,101.126274,2024-05-16 12:00:00,2024-05
2024-05-17 12:00:00,-3.8758764,0.23524792,3.8830092,93.473335,2024-05-17 12:00:00,2024-05
2024-05-18 12:00:00,-1.0501004,-1.4856926,1.8193388,35.253006,2024-05-18 12:00:00,2024-05
2024-05-19 12:00:00,0.09589913,-4.5879216,4.588924,358.80255,2024-05-19 12:00:00,2024-05
2024-05-20 12:00:00,-2.0965958,-3.1374133,3.77347,33.753082,2024-05-20 12:00:00,2024-05
2024-05-21 12:00:00,-5.1629996,0.39144528,5.1778173,94.335724,2024-05-21 12:00:00,2024-05
2024-05-22 12:00:00,-3.851044,2.2482133,4.4592605,120.2761,2024-05-22 12:00:00,2024-05
2024-05-23 12:00:00,-0.055362307,2.6346304,2.635212,178.7962,2024-05-23 12:00:00,2024-05
2024-05-24 12:00:00,-0.82478136,2.2052014,2.3543954,159.49338,2024-05-24 12:00:00,2024-05
2024-05-25 12:00:00,-1.7995698,-1.0382324,2.0775895,60.017914,2024-05-25 12:00:00,2024-05
2024-05-26 12:00:00,-3.4308763,3.5145898,4.911543,135.69055,2024-05-26 12:00:00,2024-05
2024-05-27 12:00:00,1.20328,4.2302246,4.3980317,195.87831,2024-05-27 12:00:00,2024-05
2024-05-28 12:00:00,0.32312727,4.66864,4.679809,183.95926,2024-05-28 12:00:00,2024-05
2024-05-29 12:00:00,0.5485288,1.6325891,1.7222749,198.57169,2024-05-29 12:00:00,2024-05
2024-05-30 12:00:00,0.47673357,-2.0938244,2.1474113,347.17325,2024-05-30 12:00:00,2024-05
2024-05-31 12:00:00,0.5947814,-6.5696583,6.596527,354.82684,2024-05-31 12:00:00,2024-05
2024-06-01 12:00:00,1.9536566,-7.154199,7.416154,344.72614,2024-06-01 12:00:00,2024-06
2024-06-02 12:00:00,3.9591563,-4.0951376,5.6960573,315.96722,2024-06-02 12:00:00,2024-06
2024-06-03 12:00:00,5.6760206,-0.2192833,5.6802545,272.2124,2024-06-03 12:00:00,2024-06
2024-06-04 12:00:00,3.6672049,6.958589,7.865771,207.78941,2024-06-04 12:00:00,2024-06
2024-06-05 12:00:00,7.3456955,2.0926697,7.6379647,254.0986,2024-06-05 12:00:00,2024-06
2024-06-06 12:00:00,5.601654,1.5692137,5.8172984,254.35063,2024-06-06 12:00:00,2024-06
2024-06-07 12:00:00,4.9833307,4.2173104,6.5283456,229.75931,2024-06-07 12:00:00,2024-06
2024-06-08 12:00:00,6.5696683,0.6112881,6.5980463,264.6841,2024-06-08 12:00:00,2024-06
2024-06-09 12:00:00,7.6680937,-2.3803813,8.029064,287.24573,2024-06-09 12:00:00,2024-06
2024-06-10 12:00:00,3.4106874,-5.780914,6.7120605,329.45978,2024-06-10 12:00:00,2024-06
2024-06-11 12:00:00,4.4524913,-6.0773873,7.533878,323.77228,2024-06-11 12:00:00,2024-06
2024-06-12 12:00:00,5.0402317,-4.117197,6.508091,309.24423,2024-06-12 12:00:00,2024-06
2024-06-13 12:00:00,2.1723661,2.9238958,3.6425734,216.61124,2024-06-13 12:00:00,2024-06
2024-06-14 12:00:00,-2.6480618,5.9020295,6.4688625,155.83568,2024-06-14 12:00:00,2024-06
2024-06-15 12:00:00,-0.4836112,2.9759007,3.0149403,170.7696,2024-06-15 12:00:00,2024-06
2024-06-16 12:00:00,-0.2741322,5.5991135,5.60582,177.19704,2024-06-16 12:00:00,2024-06
2024-06-17 12:00:00,1.8254014,2.9716098,3.4874856,211.56158,2024-06-17 12:00:00,2024-06
2024-06-18 12:00:00,2.626849,-1.2891773,2.926143,296.14038,2024-06-18 12:00:00,2024-06
2024-06-19 12:00:00,2.936103,-3.3605564,4.462515,318.85645,2024-06-19 12:00:00,2024-06
2024-06-20 12:00:00,1.995439,0.65999514,2.1017542,251.69827,2024-06-20 12:00:00,2024-06
2024-06-21 12:00:00,-0.9313723,2.8873644,3.0338635,162.12195,2024-06-21 12:00:00,2024-06
2024-06-22 12:00:00,2.1325161,1.2829329,2.4886827,238.96866,2024-06-22 12:00:00,2024-06
2024-06-23 12:00:00,3.8633468,0.23906408,3.8707364,266.45905,2024-06-23 12:00:00,2024-06
2024-06-24 12:00:00,0.2558706,2.8850586,2.8963828,185.06819,2024-06-24 12:00:00,2024-06
2024-06-25 12:00:00,-0.6835651,-0.008093053,0.683613,89.321686,2024-06-25 12:00:00,2024-06
2024-06-26 12:00:00,-2.2995603,-0.61033016,2.3791764,75.13574,2024-06-26 12:00:00,2024-06
2024-06-27 12:00:00,-0.6477833,4.7497797,4.793749,172.23381,2024-06-27 12:00:00,2024-06
2024-06-28 12:00:00,6.4482718,4.797906,8.037419,233.34851,2024-06-28 12:00:00,2024-06
2024-06-29 12:00:00,3.2571423,3.2688122,4.614554,224.89754,2024-06-29 12:00:00,2024-06
2024-06-30 12:00:00,3.0238805,-2.7986329,4.1202183,312.78458,2024-06-30 12:00:00,2024-06
2024-07-01 12:00:00,5.4836216,-1.4382725,5.669103,284.69678,2024-07-01 12:00:00,2024-07
2024-07-02 12:00:00,4.941374,-5.214752,7.184067,316.54187,2024-07-02 12:00:00,2024-07
2024-07-03 12:00:00,4.1526895,2.7262194,4.967605,236.7153,2024-07-03 12:00:00,2024-07
2024-07-04 12:00:00,8.077144,1.3980783,8.1972475,260.17993,2024-07-04 12:00:00,2024-07
2024-07-05 12:00:00,6.444559,2.5971148,6.94819,248.05089,2024-07-05 12:00:00,2024-07
2024-07-06 12:00:00,1.8064097,1.1402649,2.1361928,237.73854,2024-07-06 12:00:00,2024-07
2024-07-07 12:00:00,5.6161704,3.0971034,6.413534,241.12494,2024-07-07 12:00:00,2024-07
2024-07-08 12:00:00,2.5470445,1.7086684,3.0670805,236.14456,2024-07-08 12:00:00,2024-07
2024-07-09 12:00:00,-3.9052973,2.0333035,4.402916,117.50386,2024-07-09 12:00:00,2024-07
2024-07-10 12:00:00,1.0152047,2.969514,3.1382565,198.87431,2024-07-10 12:00:00,2024-07
2024-07-11 12:00:00,3.068229,-0.695361,3.1460383,282.76938,2024-07-11 12:00:00,2024-07
2024-07-12 12:00:00,0.13203481,-3.9584365,3.9606378,358.0896,2024-07-12 12:00:00,2024-07
2024-07-13 12:00:00,0.14557911,-2.3355908,2.3401237,356.43332,2024-07-13 12:00:00,2024-07
2024-07-14 12:00:00,1.8764364,0.39508215,1.9175775,258.11008,2024-07-14 12:00:00,2024-07
2024-07-15 12:00:00,1.7353705,1.6236826,2.3765218,226.90437,2024-07-15 12:00:00,2024-07
2024-07-16 12:00:00,0.37912095,2.0027552,2.0383232,190.71924,2024-07-16 12:00:00,2024-07
2024-07-17 12:00:00,4.271081,-0.744114,4.335417,279.88293,2024-07-17 12:00:00,2024-07
2024-07-18 12:00:00,0.68689406,3.0837197,3.1592958,192.55754,2024-07-18 12:00:00,2024-07
2024-07-19 12:00:00,-1.4246206,4.0543385,4.2973485,160.63945,2024-07-19 12:00:00,2024-07
2024-07-20 12:00:00,-3.0493212,4.378893,5.3360157,145.14789,2024-07-20 12:00:00,2024-07
2024-07-21 12:00:00,1.8891413,0.0314494,1.8894031,269.04626,2024-07-21 12:00:00,2024-07
2024-07-22 12:00:00,2.7061675,1.8007721,3.2505572,236.3589,2024-07-22 12:00:00,2024-07
2024-07-23 12:00:00,2.548649,-3.2044804,4.094424,321.5034,2024-07-23 12:00:00,2024-07
2024-07-24 12:00:00,2.2772388,-1.419792,2.6835847,301.94232,2024-07-24 12:00:00,2024-07
2024-07-25 12:00:00,1.0590163,6.117677,6.2086625,189.82101,2024-07-25 12:00:00,2024-07
2024-07-26 12:00:00,4.473598,0.7714817,4.5396323,260.21545,2024-07-26 12:00:00,2024-07
2024-07-27 12:00:00,2.517498,1.1975516,2.7878175,244.55997,2024-07-27 12:00:00,2024-07
2024-07-28 12:00:00,3.6462214,-1.3243598,3.879286,289.96173,2024-07-28 12:00:00,2024-07
2024-07-29 12:00:00,0.25556278,3.634822,3.643795,184.02182,2024-07-29 12:00:00,2024-07
2024-07-30 12:00:00,1.7947749,0.70658624,1.9288548,248.5109,2024-07-30 12:00:00,2024-07
2024-07-31 12:00:00,-0.07692441,-1.7784472,1.78011,2.4767303,2024-07-31 12:00:00,2024-07
2024-08-01 12:00:00,-0.01873405,0.25986886,0.26054326,175.87666,2024-08-01 12:00:00,2024-08
2024-08-02 12:00:00,-0.048634157,2.779298,2.7797236,178.9975,2024-08-02 12:00:00,2024-08
2024-08-03 12:00:00,3.024519,1.974043,3.6117253,236.86832,2024-08-03 12:00:00,2024-08
2024-08-04 12:00:00,3.4978278,-0.295368,3.5102766,274.82678,2024-08-04 12:00:00,2024-08
2024-08-05 12:00:00,0.14537656,5.893317,5.89511,181.41309,2024-08-05 12:00:00,2024-08
2024-08-06 12:00:00,-0.72747016,5.2385583,5.2888284,172.094,2024-08-06 12:00:00,2024-08
2024-08-07 12:00:00,2.3902762,4.538554,5.1295123,207.77399,2024-08-07 12:00:00,2024-08
2024-08-08 12:00:00,4.4871693,4.5402894,6.3834877,224.66286,2024-08-08 12:00:00,2024-08
2024-08-09 12:00:00,8.236543,1.8039514,8.431778,257.64624,2024-08-09 12:00:00,2024-08
2024-08-10 12:00:00,7.7766213,3.4073076,8.490323,246.33948,2024-08-10 12:00:00,2024-08
2024-08-11 12:00:00,2.7803314,-1.2656854,3.0548654,294.47638,2024-08-11 12:00:00,2024-08
2024-08-12 12:00:00,-4.4356427,4.1744175,6.0910335,133.2622,2024-08-12 12:00:00,2024-08
2024-08-13 12:00:00,-1.7641821,4.2412496,4.593532,157.41473,2024-08-13 12:00:00,2024-08
2024-08-14 12:00:00,0.3605425,-1.3701777,1.4168196,345.25763,2024-08-14 12:00:00,2024-08
2024-08-15 12:00:00,2.677193,7.4295683,7.897205,199.81627,2024-08-15 12:00:00,2024-08
2024-08-16 12:00:00,3.8986847,1.6472889,4.232411,247.09476,2024-08-16 12:00:00,2024-08
2024-08-17 12:00:00,4.232207,2.2498631,4.7930636,242.00465,2024-08-17 12:00:00,2024-08
2024-08-18 12:00:00,5.5183377,1.4707983,5.7109804,255.07593,2024-08-18 12:00:00,2024-08
2024-08-19 12:00:00,1.7014548,5.6514916,5.9020596,196.7551,2024-08-19 12:00:00,2024-08
2024-08-20 12:00:00,2.703419,6.49734,7.0373225,202.59126,2024-08-20 12:00:00,2024-08
2024-08-21 12:00:00,7.0448174,1.328822,7.169046,259.31815,2024-08-21 12:00:00,2024-08
2024-08-22 12:00:00,5.781519,8.527576,10.302695,214.13644,2024-08-22 12:00:00,2024-08
2024-08-23 12:00:00,6.8512836,2.9638362,7.4648786,246.6069,2024-08-23 12:00:00,2024-08
2024-08-24 12:00:00,1.7533487,6.673138,6.8996377,194.72156,2024-08-24 12:00:00,2024-08
2024-08-25 12:00:00,7.3822823,5.2434745,9.05495,234.61465,2024-08-25 12:00:00,2024-08
2024-08-26 12:00:00,5.821802,3.8372488,6.972651,236.61044,2024-08-26 12:00:00,2024-08
2024-08-27 12:00:00,0.06436091,8.180191,8.180445,180.45079,2024-08-27 12:00:00,2024-08
2024-08-28 12:00:00,-2.6653478,4.832027,5.518384,151.11887,2024-08-28 12:00:00,2024-08
2024-08-29 12:00:00,3.679667,1.6570923,4.0355797,245.75616,2024-08-29 12:00:00,2024-08
2024-08-30 12:00:00,3.5457911,-1.8145661,3.983125,297.1012,2024-08-30 12:00:00,2024-08
2024-08-31 12:00:00,-2.4133108,-1.887788,3.0639536,51.96608,2024-08-31 12:00:00,2024-08
2024-09-01 12:00:00,-4.9533844,0.55458903,4.984334,96.38833,2024-09-01 12:00:00,2024-09
2024-09-02 12:00:00,-3.252979,3.9424055,5.1112065,140.4731,2024-09-02 12:00:00,2024-09
2024-09-03 12:00:00,1.0743126,2.8771212,3.0711517,200.47556,2024-09-03 12:00:00,2024-09
2024-09-04 12:00:00,-0.8208564,-2.0885465,2.244066,21.456207,2024-09-04 12:00:00,2024-09
2024-09-05 12:00:00,-5.559388,-4.0358005,6.869824,54.022484,2024-09-05 12:00:00,2024-09
2024-09-06 12:00:00,-5.7361465,0.08175303,5.736729,90.81654,2024-09-06 12:00:00,2024-09
2024-09-07 12:00:00,-3.654193,0.890527,3.7611387,103.69602,2024-09-07 12:00:00,2024-09
2024-09-08 12:00:00,-1.2314439,3.7205138,3.9190147,161.6861,2024-09-08 12:00:00,2024-09
2024-09-09 12:00:00,4.7707577,-4.108713,6.2961617,310.73596,2024-09-09 12:00:00,2024-09
2024-09-10 12:00:00,6.9789844,4.643665,8.382711,236.36107,2024-09-10 12:00:00,2024-09
2024-09-11 12:00:00,7.8428364,-1.5763425,7.9996834,281.36453,2024-09-11 12:00:00,2024-09
2024-09-12 12:00:00,4.430127,-3.6823893,5.7607307,309.73386,2024-09-12 12:00:00,2024-09
2024-09-13 12:00:00,3.9143705,-2.7361376,4.7758503,304.95346,2024-09-13 12:00:00,2024-09
2024-09-14 12:00:00,2.6963496,3.8978877,4.739602,214.6734,2024-09-14 12:00:00,2024-09
2024-09-15 12:00:00,3.0128984,3.4611278,4.5887866,221.03944,2024-09-15 12:00:00,2024-09
2024-09-16 12:00:00,1.3476242,-3.7657204,3.9995925,340.30942,2024-09-16 12:00:00,2024-09
2024-09-17 12:00:00,-0.74944717,-0.5986069,0.95916694,51.384552,2024-09-17 12:00:00,2024-09
2024-09-18 12:00:00,-2.9594388,-0.7320888,3.0486443,76.105446,2024-09-18 12:00:00,2024-09
2024-09-19 12:00:00,-3.2573938,-0.7703892,3.3472548,76.69378,2024-09-19 12:00:00,2024-09
2024-09-20 12:00:00,-4.3011823,-0.64440095,4.3491864,81.479355,2024-09-20 12:00:00,2024-09
2024-09-21 12:00:00,-3.5054996,-1.0898621,3.6710117,72.7295,2024-09-21 12:00:00,2024-09
2024-09-22 12:00:00,-2.6227694,-0.10611137,2.624915,87.68321,2024-09-22 12:00:00,2024-09
2024-09-23 12:00:00,-0.71129864,1.2568294,1.4441488,150.49245,2024-09-23 12:00:00,2024-09
2024-09-24 12:00:00,1.4602736,-0.76668715,1.6493053,297.7008,2024-09-24 12:00:00,2024-09
2024-09-25 12:00:00,4.127839,-0.8898903,4.222672,282.16577,2024-09-25 12:00:00,2024-09
2024-09-26 12:00:00,-1.3635758,-1.4018303,1.9556245,44.207474,2024-09-26 12:00:00,2024-09
2024-09-27 12:00:00,2.4104688,-6.6109047,7.0366483,339.9671,2024-09-27 12:00:00,2024-09
2024-09-28 12:00:00,6.6805058,-5.143869,8.431402,307.5956,2024-09-28 12:00:00,2024-09
2024-09-29 12:00:00,1.695248,4.5393276,4.8455505,200.47855,2024-09-29 12:00:00,2024-09
2024-09-30 12:00:00,-6.9105296,5.970765,9.132659,130.82733,2024-09-30 12:00:00,2024-09
2024-10-01 12:00:00,-5.8723974,-0.6597358,5.9093404,83.58997,2024-10-01 12:00:00,2024-10
2024-10-02 12:00:00,-4.0478806,-4.2805257,5.89137,43.399933,2024-10-02 12:00:00,2024-10
2024-10-03 12:00:00,-1.556595,-2.4414308,2.8954399,32.52057,2024-10-03 12:00:00,2024-10
2024-10-04 12:00:00,0.044129908,2.38239,2.3827987,181.06119,2024-10-04 12:00:00,2024-10
2024-10-05 12:00:00,0.67531484,5.960195,5.998331,186.46428,2024-10-05 12:00:00,2024-10
2024-10-06 12:00:00,-3.07226,6.6861973,7.3582616,155.32156,2024-10-06 12:00:00,2024-10
2024-10-07 12:00:00,-0.56403327,4.25938,4.2965627,172.4567,2024-10-07 12:00:00,2024-10
2024-10-08 12:00:00,-1.0824357,2.834706,3.034341,159.10059,2024-10-08 12:00:00,2024-10
2024-10-09 12:00:00,-0.09824546,-0.6336996,0.6412701,8.812683,2024-10-09 12:00:00,2024-10
2024-10-10 12:00:00,5.470306,-8.657488,10.240915,327.7129,2024-10-10 12:00:00,2024-10
2024-10-11 12:00:00,7.1978784,-0.1619661,7.1997004,271.28906,2024-10-11 12:00:00,2024-10
2024-10-12 12:00:00,1.2178944,8.454906,8.542172,188.19684,2024-10-12 12:00:00,2024-10
2024-10-13 12:00:00,5.680704,-6.1719174,8.388264,317.37317,2024-10-13 12:00:00,2024-10
2024-10-14 12:00:00,0.69830155,0.16394703,0.71728915,256.7874,2024-10-14 12:00:00,2024-10
2024-10-15 12:00:00,-2.636148,5.4999905,6.0991125,154.39159,2024-10-15 12:00:00,2024-10
2024-10-16 12:00:00,-6.8971686,7.688799,10.329016,138.1066,2024-10-16 12:00:00,2024-10
2024-10-17 12:00:00,0.06666415,5.5161104,5.5165133,180.69241,2024-10-17 12:00:00,2024-10
2024-10-18 12:00:00,-0.7024576,4.656927,4.709609,171.42209,2024-10-18 12:00:00,2024-10
2024-10-19 12:00:00,0.0007143568,5.4278674,5.4278674,180.00754,2024-10-19 12:00:00,2024-10
2024-10-20 12:00:00,-2.1115096,9.981692,10.20258,168.05583,2024-10-20 12:00:00,2024-10
2024-10-21 12:00:00,7.5700865,4.8395324,8.984836,237.40935,2024-10-21 12:00:00,2024-10
2024-10-22 12:00:00,8.212049,3.4478552,8.906484,247.22473,2024-10-22 12:00:00,2024-10
2024-10-23 12:00:00,4.8110814,5.400924,7.2330136,221.69427,2024-10-23 12:00:00,2024-10
2024-10-24 12:00:00,-1.0095177,7.6108055,7.6774664,172.44424,2024-10-24 12:00:00,2024-10
2024-10-25 12:00:00,0.18527812,2.793586,2.7997234,183.79445,2024-10-25 12:00:00,2024-10
2024-10-26 12:00:00,-0.6557684,5.2217064,5.262723,172.84198,2024-10-26 12:00:00,2024-10
2024-10-27 12:00:00,6.994268,0.31993976,7.0015817,267.38092,2024-10-27 12:00:00,2024-10
2024-10-28 12:00:00,3.2639217,1.3899225,3.5475442,246.93353,2024-10-28 12:00:00,2024-10
2024-10-29 12:00:00,4.3135314,1.6094735,4.6040154,249.53835,2024-10-29 12:00:00,2024-10
2024-10-30 12:00:00,4.828301,-1.7308916,5.129179,289.72217,2024-10-30 12:00:00,2024-10
2024-10-31 12:00:00,8.660653,2.8974977,9.132492,251.50188,2024-10-31 12:00:00,2024-10
2024-11-01 12:00:00,6.2006545,-4.224182,7.502788,304.26456,2024-11-01 12:00:00,2024-11
2024-11-02 12:00:00,0.67216885,2.482018,2.5714245,195.1531,2024-11-02 12:00:00,2024-11
2024-11-03 12:00:00,3.658292,-0.5115311,3.693882,277.95993,2024-11-03 12:00:00,2024-11
2024-11-04 12:00:00,-0.8876781,1.8239281,2.0284688,154.04852,2024-11-04 12:00:00,2024-11
2024-11-05 12:00:00,-1.0190352,2.5142114,2.7128751,157.9368,2024-11-05 12:00:00,2024-11
2024-11-06 12:00:00,1.6465855,1.4582553,2.199489,228.47113,2024-11-06 12:00:00,2024-11
2024-11-07 12:00:00,-1.3142512,3.2388065,3.4953,157.91354,2024-11-07 12:00:00,2024-11
2024-11-08 12:00:00,-3.2413123,3.536579,4.7972383,137.49442,2024-11-08 12:00:00,2024-11
2024-11-09 12:00:00,-2.7925568,3.0867145,4.1624727,137.86429,2024-11-09 12:00:00,2024-11
2024-11-10 12:00:00,1.1914029,3.1380725,3.3566263,200.7898,2024-11-10 12:00:00,2024-11
2024-11-11 12:00:00,2.7610211,-6.416165,6.985013,336.71667,2024-11-11 12:00:00,2024-11
2024-11-12 12:00:00,-0.84328717,-2.5055494,2.643655,18.601593,2024-11-12 12:00:00,2024-11
2024-11-13 12:00:00,4.7012653,-3.1935487,5.6833663,304.18808,2024-11-13 12:00:00,2024-11
2024-11-14 12:00:00,2.7826817,-5.3101873,5.9951153,332.34424,2024-11-14 12:00:00,2024-11
2024-11-15 12:00:00,5.8552346,2.9816,6.5706706,243.01392,2024-11-15 12:00:00,2024-11
2024-11-16 12:00:00,9.842583,0.18205053,9.844266,268.94037,2024-11-16 12:00:00,2024-11
2024-11-17 12:00:00,8.148442,-5.638734,9.909209,304.6833,2024-11-17 12:00:00,2024-11
2024-11-18 12:00:00,5.158008,-5.0097218,7.1904354,314.16446,2024-11-18 12:00:00,2024-11
2024-11-19 12:00:00,-0.19612773,-4.826836,4.830819,2.3268127,2024-11-19 12:00:00,2024-11
2024-11-20 12:00:00,3.0898569,-5.1039214,5.9663415,328.80975,2024-11-20 12:00:00,2024-11
2024-11-21 12:00:00,2.2449422,-1.2196525,2.5548615,298.51474,2024-11-21 12:00:00,2024-11
2024-11-22 12:00:00,3.3656876,-5.061544,6.078411,326.37796,2024-11-22 12:00:00,2024-11
2024-11-23 12:00:00,-1.6066068,8.0319195,8.191027,168.68854,2024-11-23 12:00:00,2024-11
2024-11-24 12:00:00,4.374139,10.597025,11.4642935,202.42938,2024-11-24 12:00:00,2024-11
2024-11-25 12:00:00,5.710967,8.654138,10.368667,213.4213,2024-11-25 12:00:00,2024-11
2024-11-26 12:00:00,6.5269837,-0.70029557,6.5644445,276.12396,2024-11-26 12:00:00,2024-11
2024-11-27 12:00:00,-1.4198264,-0.5852964,1.535734,67.59703,2024-11-27 12:00:00,2024-11
2024-11-28 12:00:00,1.0528369,-4.096657,4.2297826,345.58694,2024-11-28 12:00:00,2024-11
2024-11-29 12:00:00,2.6937056,7.215094,7.7015343,200.47276,2024-11-29 12:00:00,2024-11
2024-11-30 12:00:00,3.588251,6.5020638,7.4264646,208.8927,2024-11-30 12:00:00,2024-11
2024-12-01 12:00:00,1.1159843,9.304231,9.370919,186.8396,2024-12-01 12:00:00,2024-12
2024-12-02 12:00:00,3.438611,-2.4153395,4.2021317,305.08484,2024-12-02 12:00:00,2024-12
2024-12-03 12:00:00,-0.84301716,-3.8128746,3.9049573,12.467392,2024-12-03 12:00:00,2024-12
2024-12-04 12:00:00,0.44866014,2.9037228,2.93818,188.78343,2024-12-04 12:00:00,2024-12
2024-12-05 12:00:00,0.48857254,7.5177865,7.5336456,183.71835,2024-12-05 12:00:00,2024-12
2024-12-06 12:00:00,4.5468965,-3.8287706,5.94422,310.0995,2024-12-06 12:00:00,2024-12
2024-12-07 12:00:00,-3.583955,2.6032405,4.429627,125.99315,2024-12-07 12:00:00,2024-12
2024-12-08 12:00:00,-5.543738,-7.5608563,9.375478,36.24945,2024-12-08 12:00:00,2024-12
2024-12-09 12:00:00,-5.0709085,-4.51733,6.791199,48.30432,2024-12-09 12:00:00,2024-12
2024-12-10 12:00:00,-1.5480661,-3.4395895,3.7719073,24.231232,2024-12-10 12:00:00,2024-12
2024-12-11 12:00:00,-0.12706003,-3.2548597,3.2573388,2.2355194,2024-12-11 12:00:00,2024-12
2024-12-12 12:00:00,-0.06629561,-1.1077037,1.1096858,3.425064,2024-12-12 12:00:00,2024-12
2024-12-13 12:00:00,1.4317586,4.217255,4.4536695,198.75235,2024-12-13 12:00:00,2024-12
2024-12-14 12:00:00,6.78634,-3.5878153,7.676381,297.8646,2024-12-14 12:00:00,2024-12
2024-12-15 12:00:00,9.825308,1.7934161,9.987643,259.65567,2024-12-15 12:00:00,2024-12
2024-12-16 12:00:00,10.269383,1.9410121,10.451208,259.2968,2024-12-16 12:00:00,2024-12
2024-12-17 12:00:00,4.678562,3.097821,5.611189,236.49022,2024-12-17 12:00:00,2024-12
2024-12-18 12:00:00,8.040077,8.43884,11.655766,223.6138,2024-12-18 12:00:00,2024-12
2024-12-19 12:00:00,8.518964,-6.6774983,10.824127,308.09076,2024-12-19 12:00:00,2024-12
2024-12-20 12:00:00,6.6402335,3.9336,7.7178955,239.35797,2024-12-20 12:00:00,2024-12
2024-12-21 12:00:00,8.300503,7.480943,11.174205,227.97281,2024-12-21 12:00:00,2024-12
2024-12-22 12:00:00,9.601251,-2.3596463,9.886958,283.80762,2024-12-22 12:00:00,2024-12
2024-12-23 12:00:00,4.900168,-7.1842012,8.696228,325.70306,2024-12-23 12:00:00,2024-12
2024-12-24 12:00:00,4.303931,4.0714736,5.9245863,226.58981,2024-12-24 12:00:00,2024-12
2024-12-25 12:00:00,4.396722,4.3561277,6.189266,225.26572,2024-12-25 12:00:00,2024-12
2024-12-26 12:00:00,3.0271146,2.3378603,3.8247893,232.32086,2024-12-26 12:00:00,2024-12
2024-12-27 12:00:00,2.021464,2.8613963,3.5034134,215.2397,2024-12-27 12:00:00,2024-12
2024-12-28 12:00:00,3.810765,3.7621794,5.3549905,225.36758,2024-12-28 12:00:00,2024-12
2024-12-29 12:00:00,7.955047,3.5371423,8.705984,246.02809,2024-12-29 12:00:00,2024-12
2024-12-30 12:00:00,4.7583675,3.085532,5.671205,237.03888,2024-12-30 12:00:00,2024-12
2024-12-31 12:00:00,2.8772526,7.5815086,8.109122,200.78221,2024-12-31 12:00:00,2024-12
2025-01-01 12:00:00,5.8027616,-0.62002516,5.8357925,276.0989,2025-01-01 12:00:00,2025-01
2025-01-02 12:00:00,5.192673,-6.6543818,8.440655,322.0337,2025-01-02 12:00:00,2025-01
2025-01-03 12:00:00,6.403348,-7.1511054,9.599019,318.15762,2025-01-03 12:00:00,2025-01
2025-01-04 12:00:00,4.3570304,0.68069553,4.409882,261.12048,2025-01-04 12:00:00,2025-01
2025-01-05 12:00:00,-3.688715,4.6706314,5.9515896,141.69946,2025-01-05 12:00:00,2025-01
2025-01-06 12:00:00,-1.1188165,1.0319256,1.5220449,132.6865,2025-01-06 12:00:00,2025-01
2025-01-07 12:00:00,8.429146,-0.34046257,8.436019,272.313,2025-01-07 12:00:00,2025-01
2025-01-08 12:00:00,6.1909127,-3.7451656,7.2355833,301.17163,2025-01-08 12:00:00,2025-01
2025-01-09 12:00:00,2.9024642,-4.045988,4.9793897,324.34552,2025-01-09 12:00:00,2025-01
2025-01-10 12:00:00,0.5600631,-4.5829744,4.617069,353.0327,2025-01-10 12:00:00,2025-01
2025-01-11 12:00:00,1.1009845,-4.0990644,4.2443485,344.9655,2025-01-11 12:00:00,2025-01
2025-01-12 12:00:00,1.1886312,1.48989,1.9059423,218.5828,2025-01-12 12:00:00,2025-01
2025-01-13 12:00:00,5.758447,7.4955955,9.452178,217.53305,2025-01-13 12:00:00,2025-01
2025-01-14 12:00:00,7.65983,0.039291512,7.6599307,269.7061,2025-01-14 12:00:00,2025-01
2025-01-15 12:00:00,3.8409998,2.7276485,4.7109814,234.6199,2025-01-15 12:00:00,2025-01
2025-01-16 12:00:00,3.396442,4.6535606,5.761202,216.12416,2025-01-16 12:00:00,2025-01
2025-01-17 12:00:00,5.2614007,4.7053595,7.058523,228.19319,2025-01-17 12:00:00,2025-01
2025-01-18 12:00:00,1.3438343,4.6024585,4.794634,196.27684,2025-01-18 12:00:00,2025-01
2025-01-19 12:00:00,-0.29083002,4.403928,4.4135203,176.22174,2025-01-19 12:00:00,2025-01
2025-01-20 12:00:00,1.0456263,2.8933282,3.0764725,199.86946,2025-01-20 12:00:00,2025-01
2025-01-21 12:00:00,2.1541712,3.1960323,3.8542283,213.98053,2025-01-21 12:00:00,2025-01
2025-01-22 12:00:00,-1.1413426,1.8870239,2.2053394,148.83289,2025-01-22 12:00:00,2025-01
2025-01-23 12:00:00,3.1466563,2.2092214,3.8447502,234.92787,2025-01-23 12:00:00,2025-01
2025-01-24 12:00:00,1.6518017,11.479781,11.598009,188.18797,2025-01-24 12:00:00,2025-01
2025-01-25 12:00:00,9.170109,4.251004,10.107519,245.12888,2025-01-25 12:00:00,2025-01
2025-01-26 12:00:00,1.3266919,8.395809,8.499984,188.97954,2025-01-26 12:00:00,2025-01
2025-01-27 12:00:00,-0.5180967,7.4911895,7.509084,176.04367,2025-01-27 12:00:00,2025-01
2025-01-28 12:00:00,-1.8900332,6.2180586,6.49896,163.0929,2025-01-28 12:00:00,2025-01
2025-01-29 12:00:00,1.8758422,1.5911325,2.4597738,229.69461,2025-01-29 12:00:00,2025-01
2025-01-30 12:00:00,4.800846,-2.7849658,5.5501494,300.11798,2025-01-30 12:00:00,2025-01
2025-01-31 12:00:00,2.178683,0.6262673,2.2669077,253.96259,2025-01-31 12:00:00,2025-01
2025-02-01 12:00:00,0.1483409,4.9414983,4.943724,181.71947,2025-02-01 12:00:00,2025-02
2025-02-02 12:00:00,1.2406365,6.0766206,6.201975,191.53923,2025-02-02 12:00:00,2025-02
2025-02-03 12:00:00,2.159453,6.5943885,6.938962,198.13197,2025-02-03 12:00:00,2025-02
2025-02-04 12:00:00,2.7283998,8.935871,9.343123,196.97906,2025-02-04 12:00:00,2025-02
2025-02-05 12:00:00,6.84995,0.39524025,6.861343,266.6977,2025-02-05 12:00:00,2025-02
2025-02-06 12:00:00,-1.4973212,0.31310084,1.529707,101.81078,2025-02-06 12:00:00,2025-02
2025-02-07 12:00:00,-7.4747844,0.7843053,7.515819,95.989944,2025-02-07 12:00:00,2025-02
2025-02-08 12:00:00,-6.34364,3.9509706,7.4734154,121.91565,2025-02-08 12:00:00,2025-02
2025-02-09 12:00:00,-5.2707767,-1.2282244,5.4119887,76.88272,2025-02-09 12:00:00,2025-02
2025-02-10 12:00:00,-8.427188,-1.9185393,8.6428175,77.17461,2025-02-10 12:00:00,2025-02
2025-02-11 12:00:00,-8.098675,0.76011074,8.134267,95.361855,2025-02-11 12:00:00,2025-02
2025-02-12 12:00:00,-5.460411,-1.2906247,5.6108646,76.701614,2025-02-12 12:00:00,2025-02
2025-02-13 12:00:00,-3.4382493,-2.744149,4.3990808,51.405807,2025-02-13 12:00:00,2025-02
2025-02-14 12:00:00,-0.90130395,2.1715848,2.3511975,157.45938,2025-02-14 12:00:00,2025-02
2025-02-15 12:00:00,-2.2977135,0.94950086,2.4861696,112.45224,2025-02-15 12:00:00,2025-02
2025-02-16 12:00:00,-4.4476557,1.9854133,4.8706784,114.05577,2025-02-16 12:00:00,2025-02
2025-02-17 12:00:00,-1.4910913,0.8670104,1.7248362,120.17631,2025-02-17 12:00:00,2025-02
2025-02-18 12:00:00,-3.0017116,4.036214,5.0300393,143.36201,2025-02-18 12:00:00,2025-02
2025-02-19 12:00:00,-5.075308,7.7387295,9.254549,146.74185,2025-02-19 12:00:00,2025-02
2025-02-20 12:00:00,-2.2942932,9.746131,10.012534,166.75343,2025-02-20 12:00:00,2025-02
2025-02-21 12:00:00,-1.6861187,10.151628,10.290702,170.56964,2025-02-21 12:00:00,2025-02
2025-02-22 12:00:00,2.3139203,5.6151333,6.073216,202.39589,2025-02-22 12:00:00,2025-02
2025-02-23 12:00:00,0.6037061,9.581211,9.600212,183.60541,2025-02-23 12:00:00,2025-02
2025-02-24 12:00:00,3.3360803,7.5887384,8.289656,203.73074,2025-02-24 12:00:00,2025-02
2025-02-25 12:00:00,3.8438458,4.146485,5.654068,222.83092,2025-02-25 12:00:00,2025-02
2025-02-26 12:00:00,2.0536346,4.2857723,4.752395,205.60257,2025-02-26 12:00:00,2025-02
2025-02-27 12:00:00,1.2536136,-1.6776872,2.0943213,323.2319,2025-02-27 12:00:00,2025-02
2025-02-28 12:00:00,1.5967497,-1.2986926,2.0582058,309.12265,2025-02-28 12:00:00,2025-02
2025-03-01 12:00:00,4.220754,0.90343827,4.3163605,257.91833,2025-03-01 12:00:00,2025-03
2025-03-02 12:00:00,5.4971933,2.7625852,6.1523175,243.31842,2025-03-02 12:00:00,2025-03
2025-03-03 12:00:00,6.5565886,1.6754475,6.7672725,255.66559,2025-03-03 12:00:00,2025-03
2025-03-04 12:00:00,6.1713557,4.669646,7.738942,232.8865,2025-03-04 12:00:00,2025-03
2025-03-05 12:00:00,7.8621264,5.6208234,9.664714,234.43811,2025-03-05 12:00:00,2025-03
2025-03-06 12:00:00,2.674007,4.981662,5.65396,208.22557,2025-03-06 12:00:00,2025-03
2025-03-07 12:00:00,2.3129246,3.7148163,4.376012,211.90729,2025-03-07 12:00:00,2025-03
2025-03-08 12:00:00,-3.431326,3.0390484,4.5836463,131.5306,2025-03-08 12:00:00,2025-03
2025-03-09 12:00:00,-3.0764163,1.6192024,3.4765146,117.75907,2025-03-09 12:00:00,2025-03
2025-03-10 12:00:00,-1.1643498,-5.501137,5.623008,11.950653,2025-03-10 12:00:00,2025-03
2025-03-11 12:00:00,1.7207308,-4.5125556,4.8295,339.1271,2025-03-11 12:00:00,2025-03
2025-03-12 12:00:00,0.064419165,-4.463064,4.463529,359.17303,2025-03-12 12:00:00,2025-03
2025-03-13 12:00:00,-0.43393168,-4.8249288,4.8444023,5.139099,2025-03-13 12:00:00,2025-03
2025-03-14 12:00:00,-0.98305297,-3.3756657,3.5158942,16.236496,2025-03-14 12:00:00,2025-03
2025-03-15 12:00:00,1.7991909,-1.3284777,2.236502,306.44122,2025-03-15 12:00:00,2025-03
2025-03-16 12:00:00,0.03499813,-5.9466786,5.9467816,359.66278,2025-03-16 12:00:00,2025-03
2025-03-17 12:00:00,-0.80688137,0.2988422,0.8604442,110.32297,2025-03-17 12:00:00,2025-03
2025-03-18 12:00:00,0.12776119,1.0256312,1.0335581,187.10066,2025-03-18 12:00:00,2025-03
2025-03-19 12:00:00,-0.4341757,3.5429966,3.5695004,173.01353,2025-03-19 12:00:00,2025-03
2025-03-20 12:00:00,0.5203514,0.58541083,0.7832442,221.63278,2025-03-20 12:00:00,2025-03
2025-03-21 12:00:00,-6.4873843,3.5490386,7.3947163,118.681656,2025-03-21 12:00:00,2025-03
2025-03-22 12:00:00,-8.327304,5.667733,10.073092,124.240005,2025-03-22 12:00:00,2025-03
2025-03-23 12:00:00,-4.9829097,1.4412338,5.187152,106.13174,2025-03-23 12:00:00,2025-03
2025-03-24 12:00:00,2.6804662,-0.08871333,2.6819339,271.89557,2025-03-24 12:00:00,2025-03
2025-03-25 12:00:00,5.492897,-2.1534226,5.8999276,291.40704,2025-03-25 12:00:00,2025-03
2025-03-26 12:00:00,3.2480752,0.9986457,3.3981297,252.90955,2025-03-26 12:00:00,2025-03
2025-03-27 12:00:00,4.2423286,4.08605,5.8900895,226.075,2025-03-27 12:00:00,2025-03
2025-03-28 12:00:00,4.9703445,4.715084,6.8510103,226.50969,2025-03-28 12:00:00,2025-03
2025-03-29 12:00:00,4.8070264,1.509374,5.0384235,252.56805,2025-03-29 12:00:00,2025-03
2025-03-30 12:00:00,5.845745,-6.251677,8.558984,316.92184,2025-03-30 12:00:00,2025-03
2025-03-31 12:00:00,1.6905382,-0.4283963,1.7439733,284.21988,2025-03-31 12:00:00,2025-03
2025-04-01 12:00:00,-2.122208,1.4948419,2.5958273,125.160126,2025-04-01 12:00:00,2025-04
2025-04-02 12:00:00,-3.6744666,0.54556817,3.7147477,98.44533,2025-04-02 12:00:00,2025-04
2025-04-03 12:00:00,-2.8025682,-0.5106655,2.8487134,79.67324,2025-04-03 12:00:00,2025-04
2025-04-04 12:00:00,-3.2931619,-4.0125947,5.1909375,39.375946,2025-04-04 12:00:00,2025-04
2025-04-05 12:00:00,-3.7806778,-2.6020386,4.589567,55.46245,2025-04-05 12:00:00,2025-04
2025-04-06 12:00:00,-1.6305335,0.6987774,1.7739587,113.19792,2025-04-06 12:00:00,2025-04
2025-04-07 12:00:00,-0.39410236,-1.2384195,1.2996151,17.652649,2025-04-07 12:00:00,2025-04
2025-04-08 12:00:00,-0.20696004,-0.52886397,0.56791687,21.371887,2025-04-08 12:00:00,2025-04
2025-04-09 12:00:00,1.1999696,-5.4715166,5.6015553,347.6302,2025-04-09 12:00:00,2025-04
2025-04-10 12:00:00,4.5603614,-1.6912853,4.863881,290.3481,2025-04-10 12:00:00,2025-04
2025-04-11 12:00:00,5.183905,-1.0630854,5.291788,281.5892,2025-04-11 12:00:00,2025-04
2025-04-12 12:00:00,-1.814473,3.9465928,4.3437204,155.30907,2025-04-12 12:00:00,2025-04
2025-04-13 12:00:00,3.58274,2.4924896,4.3644624,235.1739,2025-04-13 12:00:00,2025-04
2025-04-14 12:00:00,0.29723582,5.388174,5.396366,183.15749,2025-04-14 12:00:00,2025-04
2025-04-15 12:00:00,-5.210075,2.934113,5.9794564,119.386536,2025-04-15 12:00:00,2025-04
2025-04-16 12:00:00,0.5260072,4.76392,4.7928715,186.30078,2025-04-16 12:00:00,2025-04
2025-04-17 12:00:00,2.1551101,1.7117071,2.7521703,231.54146,2025-04-17 12:00:00,2025-04
2025-04-18 12:00:00,0.7486837,-1.4019493,1.589336,331.89642,2025-04-18 12:00:00,2025-04
2025-04-19 12:00:00,-1.2520043,-4.9330564,5.0894556,14.240921,2025-04-19 12:00:00,2025-04
2025-04-20 12:00:00,-0.97856367,-1.525156,1.8120948,32.68486,2025-04-20 12:00:00,2025-04
2025-04-21 12:00:00,-1.6502563,1.3528438,2.1339006,129.34415,2025-04-21 12:00:00,2025-04
2025-04-22 12:00:00,1.1331793,1.6740133,2.0214884,214.095,2025-04-22 12:00:00,2025-04
2025-04-23 12:00:00,-2.077729,-0.9444297,2.2823026,65.555885,2025-04-23 12:00:00,2025-04
2025-04-24 12:00:00,-0.6958162,-4.5055995,4.5590115,8.779053,2025-04-24 12:00:00,2025-04
2025-04-25 12:00:00,-1.6653107,-0.8266737,1.8592067,63.59983,2025-04-25 12:00:00,2025-04
2025-04-26 12:00:00,-1.6582223,2.3453176,2.8723187,144.73834,2025-04-26 12:00:00,2025-04
2025-04-27 12:00:00,0.40679428,4.185631,4.2053523,185.55104,2025-04-27 12:00:00,2025-04
2025-04-28 12:00:00,4.196428,0.9765963,4.3085666,256.89926,2025-04-28 12:00:00,2025-04
2025-04-29 12:00:00,1.7300806,1.223462,2.1189709,234.73317,2025-04-29 12:00:00,2025-04
2025-04-30 12:00:00,0.535883,1.0363421,1.1666943,207.34306,2025-04-30 12:00:00,2025-04
2025-05-01 12:00:00,1.9236708,3.5203545,4.0116587,208.65405,2025-05-01 12:00:00,2025-05
2025-05-02 12:00:00,4.604117,-2.1056602,5.0627756,294.57666,2025-05-02 12:00:00,2025-05
2025-05-03 12:00:00,3.4636767,-4.3267193,5.542342,321.3216,2025-05-03 12:00:00,2025-05
2025-05-04 12:00:00,-0.19637485,-7.2239256,7.226594,1.5571442,2025-05-04 12:00:00,2025-05
2025-05-05 12:00:00,1.1009601,-4.507983,4.6404767,346.27563,2025-05-05 12:00:00,2025-05
2025-05-06 12:00:00,1.2976621,-4.952225,5.11942,345.31653,2025-05-06 12:00:00,2025-05
2025-05-07 12:00:00,-0.80968827,-3.5040286,3.596361,13.011169,2025-05-07 12:00:00,2025-05
2025-05-08 12:00:00,-0.55413115,-2.5957074,2.6541963,12.050613,2025-05-08 12:00:00,2025-05
2025-05-09 12:00:00,0.9745087,0.104519546,0.9800977,263.87823,2025-05-09 12:00:00,2025-05
2025-05-10 12:00:00,-0.15384142,1.7844552,1.7910744,175.0726,2025-05-10 12:00:00,2025-05
2025-05-11 12:00:00,-3.3075752,2.9953303,4.4622927,132.1639,2025-05-11 12:00:00,2025-05
2025-05-12 12:00:00,-3.4576886,1.9993479,3.994121,120.0379,2025-05-12 12:00:00,2025-05
2025-05-13 12:00:00,-0.526266,-2.1859653,2.2484217,13.53624,2025-05-13 12:00:00,2025-05
2025-05-14 12:00:00,0.34507427,-6.74691,6.7557287,357.07214,2025-05-14 12:00:00,2025-05
2025-05-15 12:00:00,-0.71987945,-5.3893824,5.437248,7.608185,2025-05-15 12:00:00,2025-05
2025-05-16 12:00:00,0.11513713,-6.1619015,6.1629767,358.9295,2025-05-16 12:00:00,2025-05
2025-05-17 12:00:00,0.5102075,-5.9744678,5.9962134,355.1189,2025-05-17 12:00:00,2025-05
2025-05-18 12:00:00,-1.0182807,-3.8077247,3.9415307,14.971985,2025-05-18 12:00:00,2025-05
2025-05-19 12:00:00,-0.5677413,-3.2040062,3.2539186,10.048355,2025-05-19 12:00:00,2025-05
2025-05-20 12:00:00,2.951217,-4.7292852,5.574569,328.0346,2025-05-20 12:00:00,2025-05
2025-05-21 12:00:00,3.0875714,-7.1503296,7.7884727,336.6449,2025-05-21 12:00:00,2025-05
2025-05-22 12:00:00,2.8228798,-7.586616,8.094775,339.59042,2025-05-22 12:00:00,2025-05
2025-05-23 12:00:00,4.201284,-5.2033677,6.6877365,321.08203,2025-05-23 12:00:00,2025-05
2025-05-24 12:00:00,2.202121,5.395581,5.8276606,202.20206,2025-05-24 12:00:00,2025-05
2025-05-25 12:00:00,5.296259,3.9685125,6.6181154,233.1556,2025-05-25 12:00:00,2025-05
2025-05-26 12:00:00,6.372586,4.7280564,7.9350085,233.42691,2025-05-26 12:00:00,2025-05
2025-05-27 12:00:00,5.8287597,3.4224222,6.7592463,239.58018,2025-05-27 12:00:00,2025-05
2025-05-28 12:00:00,4.7697854,-0.42367023,4.788564,275.0759,2025-05-28 12:00:00,2025-05
2025-05-29 12:00:00,1.2921522,7.009957,7.128054,190.44415,2025-05-29 12:00:00,2025-05
2025-05-30 12:00:00,5.0435386,0.92646474,5.1279254,259.5912,2025-05-30 12:00:00,2025-05
2025-05-31 12:00:00,0.3334606,3.4357953,3.4519393,185.54347,2025-05-31 12:00:00,2025-05
2025-06-01 12:00:00,4.5440335,3.607717,5.802057,231.55232,2025-06-01 12:00:00,2025-06
2025-06-02 12:00:00,5.4632974,-0.863681,5.5311446,278.9834,2025-06-02 12:00:00,2025-06
2025-06-03 12:00:00,2.0174723,10.276922,10.473076,191.10655,2025-06-03 12:00:00,2025-06
2025-06-04 12:00:00,4.722204,5.9140215,7.568016,218.60652,2025-06-04 12:00:00,2025-06
2025-06-05 12:00:00,3.074128,6.528142,7.2157397,205.21593,2025-06-05 12:00:00,2025-06
2025-06-06 12:00:00,4.935127,0.8491599,5.007649,260.23703,2025-06-06 12:00:00,2025-06
2025-06-07 12:00:00,2.7368112,2.5708103,3.7548902,226.7914,2025-06-07 12:00:00,2025-06
2025-06-08 12:00:00,6.2636905,-3.021919,6.9545536,295.755,2025-06-08 12:00:00,2025-06
2025-06-09 12:00:00,4.132094,2.1264205,4.647135,242.76915,2025-06-09 12:00:00,2025-06
2025-06-10 12:00:00,4.3366113,-2.2200358,4.871833,297.1092,2025-06-10 12:00:00,2025-06
2025-06-11 12:00:00,0.7202881,0.23533781,0.75775903,251.90637,2025-06-11 12:00:00,2025-06
2025-06-12 12:00:00,-5.0522814,3.040527,5.896639,121.04007,2025-06-12 12:00:00,2025-06
2025-06-13 12:00:00,-3.5351233,4.8604255,6.0100613,143.97055,2025-06-13 12:00:00,2025-06
2025-06-14 12:00:00,-2.4258955,3.9671066,4.6500435,148.55411,2025-06-14 12:00:00,2025-06
2025-06-15 12:00:00,3.7776437,1.9185761,4.236924,243.07506,2025-06-15 12:00:00,2025-06
2025-06-16 12:00:00,5.1239486,1.0658157,5.233623,258.24963,2025-06-16 12:00:00,2025-06
2025-06-17 12:00:00,5.392424,2.0082855,5.754255,249.5733,2025-06-17 12:00:00,2025-06
2025-06-18 12:00:00,5.353358,-0.6040006,5.387324,276.43726,2025-06-18 12:00:00,2025-06
2025-06-19 12:00:00,2.0122788,-2.0688555,2.886075,315.79425,2025-06-19 12:00:00,2025-06
2025-06-20 12:00:00,0.48281345,3.794469,3.8250628,187.25142,2025-06-20 12:00:00,2025-06
2025-06-21 12:00:00,-0.9063422,1.9824576,2.1798153,155.43102,2025-06-21 12:00:00,2025-06
2025-06-22 12:00:00,0.8958411,5.960425,6.0273705,188.54747,2025-06-22 12:00:00,2025-06
2025-06-23 12:00:00,8.348004,0.08763031,8.348465,269.39856,2025-06-23 12:00:00,2025-06
2025-06-24 12:00:00,7.189437,2.4343693,7.5903993,251.2937,2025-06-24 12:00:00,2025-06
2025-06-25 12:00:00,2.9221938,-0.33063453,2.940839,276.45532,2025-06-25 12:00:00,2025-06
2025-06-26 12:00:00,1.271738,5.527559,5.671968,192.9567,2025-06-26 12:00:00,2025-06
2025-06-27 12:00:00,4.675217,4.0972986,6.2165513,228.7691,2025-06-27 12:00:00,2025-06
2025-06-28 12:00:00,6.7342873,3.8641934,7.764188,240.1524,2025-06-28 12:00:00,2025-06
2025-06-29 12:00:00,6.09587,-1.720303,6.333962,285.7595,2025-06-29 12:00:00,2025-06
2025-06-30 12:00:00,-1.0444245,4.609636,4.726475,167.2338,2025-06-30 12:00:00,2025-06
2025-07-01 12:00:00,0.34405,-0.66698617,0.7504938,332.71405,2025-07-01 12:00:00,2025-07
2025-07-02 12:00:00,0.5226848,-2.5603876,2.6131942,348.462,2025-07-02 12:00:00,2025-07
2025-07-03 12:00:00,4.9493365,-1.2534415,5.10559,284.2116,2025-07-03 12:00:00,2025-07
2025-07-04 12:00:00,4.7464795,4.2126694,6.34631,228.4098,2025-07-04 12:00:00,2025-07
2025-07-05 12:00:00,6.460837,2.8795047,7.0734687,245.97813,2025-07-05 12:00:00,2025-07
2025-07-06 12:00:00,3.2375333,-1.1241221,3.4271376,289.1478,2025-07-06 12:00:00,2025-07
2025-07-07 12:00:00,3.9791787,-6.1000743,7.283184,326.88293,2025-07-07 12:00:00,2025-07
2025-07-08 12:00:00,3.1851144,-4.6446347,5.631837,325.55914,2025-07-08 12:00:00,2025-07
2025-07-09 12:00:00,3.44246,-0.04007141,3.4426935,270.6669,2025-07-09 12:00:00,2025-07
2025-07-10 12:00:00,1.8514637,-0.49602044,1.9167562,284.99774,2025-07-10 12:00:00,2025-07
2025-07-11 12:00:00,0.7855568,-1.6769993,1.851871,334.9002,2025-07-11 12:00:00,2025-07
2025-07-12 12:00:00,-0.8121805,-4.424339,4.4982677,10.402039,2025-07-12 12:00:00,2025-07
2025-07-13 12:00:00,-2.7643383,-1.2646089,3.0398686,65.41721,2025-07-13 12:00:00,2025-07
2025-07-14 12:00:00,-0.78995454,1.30949,1.5293111,148.89937,2025-07-14 12:00:00,2025-07
2025-07-15 12:00:00,2.448081,2.7269585,3.664615,221.91537,2025-07-15 12:00:00,2025-07
2025-07-16 12:00:00,1.6009529,-3.0663748,3.459148,332.43097,2025-07-16 12:00:00,2025-07
2025-07-17 12:00:00,1.6834296,-1.09093,2.006007,302.94485,2025-07-17 12:00:00,2025-07
2025-07-18 12:00:00,-0.51660794,1.9307513,1.9986707,165.02036,2025-07-18 12:00:00,2025-07
2025-07-19 12:00:00,-3.6891582,1.6869633,4.0565667,114.57349,2025-07-19 12:00:00,2025-07
2025-07-20 12:00:00,-3.690919,3.295334,4.94794,131.75919,2025-07-20 12:00:00,2025-07
2025-07-21 12:00:00,-2.40679,3.621026,4.347927,146.38918,2025-07-21 12:00:00,2025-07
2025-07-22 12:00:00,1.4471552,-0.7610192,1.6350561,297.73865,2025-07-22 12:00:00,2025-07
2025-07-23 12:00:00,2.3302984,-3.315046,4.052138,324.89484,2025-07-23 12:00:00,2025-07
2025-07-24 12:00:00,1.9658401,-3.9680097,4.428276,333.64514,2025-07-24 12:00:00,2025-07
2025-07-25 12:00:00,3.7710726,-0.2816029,3.7815723,274.2706,2025-07-25 12:00:00,2025-07
2025-07-26 12:00:00,3.5615783,-0.20548372,3.567501,273.302,2025-07-26 12:00:00,2025-07
2025-07-27 12:00:00,4.33729,-1.9849138,4.7699018,294.5907,2025-07-27 12:00:00,2025-07
2025-07-28 12:00:00,4.741099,-3.4170353,5.844155,305.78128,2025-07-28 12:00:00,2025-07
2025-07-29 12:00:00,4.0445995,-4.978711,6.414542,320.91034,2025-07-29 12:00:00,2025-07
2025-07-30 12:00:00,3.902548,-4.757711,6.1535106,320.6394,2025-07-30 12:00:00,2025-07
2025-07-31 12:00:00,3.064742,-2.454395,3.9264104,308.68945,2025-07-31 12:00:00,2025-07
2025-08-01 12:00:00,3.0203478,-5.8618174,6.5941944,332.73987,2025-08-01 12:00:00,2025-08
2025-08-02 12:00:00,4.2664847,-6.2252674,7.546976,325.5752,2025-08-02 12:00:00,2025-08
2025-08-03 12:00:00,4.662942,1.004559,4.7699227,257.84232,2025-08-03 12:00:00,2025-08
2025-08-04 12:00:00,1.6531323,8.365067,8.526851,191.17894,2025-08-04 12:00:00,2025-08
2025-08-05 12:00:00,11.122789,-1.168714,11.184022,275.99826,2025-08-05 12:00:00,2025-08
2025-08-06 12:00:00,7.749285,0.2912776,7.7547574,267.8474,2025-08-06 12:00:00,2025-08
2025-08-07 12:00:00,3.0147908,6.8735375,7.50563,203.68265,2025-08-07 12:00:00,2025-08
2025-08-08 12:00:00,5.425537,3.5735042,6.496644,236.62929,2025-08-08 12:00:00,2025-08
2025-08-09 12:00:00,4.72117,5.7568474,7.4451823,219.35506,2025-08-09 12:00:00,2025-08
2025-08-10 12:00:00,4.7708845,-0.23365808,4.7766027,272.80386,2025-08-10 12:00:00,2025-08
2025-08-11 12:00:00,2.9718792,2.746172,4.0464215,227.26044,2025-08-11 12:00:00,2025-08
2025-08-12 12:00:00,-1.6211696,3.016071,3.4241605,151.74152,2025-08-12 12:00:00,2025-08
2025-08-13 12:00:00,-2.050522,2.9435184,3.5873308,145.13806,2025-08-13 12:00:00,2025-08
2025-08-14 12:00:00,-0.34227508,2.937543,2.957416,173.354,2025-08-14 12:00:00,2025-08
2025-08-15 12:00:00,3.861254,-4.3700414,5.8315134,318.53702,2025-08-15 12:00:00,2025-08
2025-08-16 12:00:00,2.602217,-5.2592874,5.867848,333.67447,2025-08-16 12:00:00,2025-08
2025-08-17 12:00:00,0.75705504,-4.284214,4.350589,349.97882,2025-08-17 12:00:00,2025-08
2025-08-18 12:00:00,-0.11553211,-2.7304566,2.7328997,2.4228973,2025-08-18 12:00:00,2025-08
2025-08-19 12:00:00,-0.6466518,-6.089469,6.1237073,6.0616302,2025-08-19 12:00:00,2025-08
2025-08-20 12:00:00,-0.68122894,-4.2793803,4.333263,9.044952,2025-08-20 12:00:00,2025-08
2025-08-21 12:00:00,1.4101442,-6.494505,6.645833,347.74957,2025-08-21 12:00:00,2025-08
2025-08-22 12:00:00,4.4845386,-5.052262,6.7554746,318.40677,2025-08-22 12:00:00,2025-08
2025-08-23 12:00:00,1.4900068,-4.505486,4.745474,341.70044,2025-08-23 12:00:00,2025-08
2025-08-24 12:00:00,2.1129959,-1.4967285,2.5893915,305.31165,2025-08-24 12:00:00,2025-08
2025-08-25 12:00:00,0.7726962,1.58464,1.7629927,205.99461,2025-08-25 12:00:00,2025-08
2025-08-26 12:00:00,-0.86111027,5.6313186,5.696776,171.30598,2025-08-26 12:00:00,2025-08
2025-08-27 12:00:00,-0.007578981,4.227859,4.2278657,179.8973,2025-08-27 12:00:00,2025-08
2025-08-28 12:00:00,-0.9528833,3.745939,3.8652356,165.72794,2025-08-28 12:00:00,2025-08
2025-08-29 12:00:00,-0.8983601,5.055887,5.13508,169.9245,2025-08-29 12:00:00,2025-08
2025-08-30 12:00:00,0.73074216,5.022638,5.075517,188.27786,2025-08-30 12:00:00,2025-08
2025-08-31 12:00:00,0.02884215,6.5541415,6.554205,180.25214,2025-08-31 12:00:00,2025-08
2025-09-01 12:00:00,-0.32399666,6.533713,6.541741,177.16112,2025-09-01 12:00:00,2025-09
2025-09-02 12:00:00,0.817875,6.259442,6.3126483,187.44424,2025-09-02 12:00:00,2025-09
2025-09-03 12:00:00,-1.7628918,8.257805,8.443881,167.94928,2025-09-03 12:00:00,2025-09
2025-09-04 12:00:00,2.7196698,5.4304156,6.0733857,206.60269,2025-09-04 12:00:00,2025-09
2025-09-05 12:00:00,4.737342,0.35577062,4.7506824,265.7052,2025-09-05 12:00:00,2025-09
2025-09-06 12:00:00,-0.96255493,3.221585,3.362309,163.36475,2025-09-06 12:00:00,2025-09
2025-09-07 12:00:00,-6.4958825,6.0717874,8.891743,133.06729,2025-09-07 12:00:00,2025-09
2025-09-08 12:00:00,-0.4870596,4.3028646,4.330343,173.54193,2025-09-08 12:00:00,2025-09
2025-09-09 12:00:00,-0.9541091,1.4347097,1.7229962,146.37534,2025-09-09 12:00:00,2025-09
2025-09-10 12:00:00,-2.7497585,4.600745,5.3598533,149.13422,2025-09-10 12:00:00,2025-09
2025-09-11 12:00:00,3.5872912,5.549233,6.6077714,212.88057,2025-09-11 12:00:00,2025-09
2025-09-12 12:00:00,4.938059,6.638939,8.274052,216.64195,2025-09-12 12:00:00,2025-09
2025-09-13 12:00:00,1.1160877,7.1464987,7.2331247,188.87633,2025-09-13 12:00:00,2025-09
2025-09-14 12:00:00,2.3366807,3.760779,4.427588,211.85388,2025-09-14 12:00:00,2025-09
2025-09-15 12:00:00,4.9632792,4.694563,6.8317685,226.59377,2025-09-15 12:00:00,2025-09
2025-09-16 12:00:00,8.80394,-1.6985686,8.966297,280.92004,2025-09-16 12:00:00,2025-09
2025-09-17 12:00:00,3.9737701,3.4110935,5.237023,229.35713,2025-09-17 12:00:00,2025-09
2025-09-18 12:00:00,7.423564,5.7157674,9.3690605,232.40555,2025-09-18 12:00:00,2025-09
2025-09-19 12:00:00,3.5288694,6.061763,7.0141206,210.20592,2025-09-19 12:00:00,2025-09
2025-09-20 12:00:00,3.5783522,2.1453052,4.1721625,239.05634,2025-09-20 12:00:00,2025-09
2025-09-21 12:00:00,6.0882473,-6.79592,9.124214,318.14386,2025-09-21 12:00:00,2025-09
2025-09-22 12:00:00,4.509218,-5.3268557,6.9791436,319.75186,2025-09-22 12:00:00,2025-09
2025-09-23 12:00:00,-0.7944844,-3.6663594,3.7514527,12.22673,2025-09-23 12:00:00,2025-09
2025-09-24 12:00:00,-3.3127575,0.0069457768,3.312765,90.12014,2025-09-24 12:00:00,2025-09
2025-09-25 12:00:00,-4.4730225,0.8217326,4.547876,100.40966,2025-09-25 12:00:00,2025-09
2025-09-26 12:00:00,-5.7730765,3.440173,6.720357,120.790695,2025-09-26 12:00:00,2025-09
2025-09-27 12:00:00,-4.6571145,5.1929774,6.975366,138.11392,2025-09-27 12:00:00,2025-09
2025-09-28 12:00:00,-1.6881087,4.6870565,4.9817877,160.19281,2025-09-28 12:00:00,2025-09
2025-09-29 12:00:00,-0.7082124,-0.16409597,0.7269747,76.95453,2025-09-29 12:00:00,2025-09
2025-09-30 12:00:00,-2.2433228,2.967584,3.7200875,142.91281,2025-09-30 12:00:00,2025-09
2025-10-01 12:00:00,-1.9968369,7.222566,7.4935184,164.54538,2025-10-01 12:00:00,2025-10
2025-10-02 12:00:00,-0.9128834,8.127782,8.178887,173.5916,2025-10-02 12:00:00,2025-10
2025-10-03 12:00:00,-1.9950688,10.717188,10.901303,169.45476,2025-10-03 12:00:00,2025-10
2025-10-04 12:00:00,9.276221,5.5269084,10.797916,239.21289,2025-10-04 12:00:00,2025-10
2025-10-05 12:00:00,10.228507,-6.4318995,12.082702,302.16254,2025-10-05 12:00:00,2025-10
2025-10-06 12:00:00,5.230559,0.9458464,5.31539,259.7499,2025-10-06 12:00:00,2025-10
2025-10-07 12:00:00,5.5977883,2.3577578,6.0740643,247.15944,2025-10-07 12:00:00,2025-10
2025-10-08 12:00:00,5.5918055,-0.17225754,5.594458,271.76447,2025-10-08 12:00:00,2025-10
2025-10-09 12:00:00,8.309728,-0.5162903,8.325751,273.55527,2025-10-09 12:00:00,2025-10
2025-10-10 12:00:00,7.34205,-1.1206851,7.427088,278.6786,2025-10-10 12:00:00,2025-10
2025-10-11 12:00:00,4.9129148,-1.1072387,5.0361404,282.7007,2025-10-11 12:00:00,2025-10
2025-10-12 12:00:00,2.2431724,-3.9504006,4.54285,330.4106,2025-10-12 12:00:00,2025-10
2025-10-13 12:00:00,1.3231794,-2.817188,3.112451,334.84143,2025-10-13 12:00:00,2025-10
2025-10-14 12:00:00,1.5301372,-4.905795,5.1388855,342.67706,2025-10-14 12:00:00,2025-10
2025-10-15 12:00:00,3.3913982,-4.8838024,5.945848,325.2232,2025-10-15 12:00:00,2025-10
2025-10-16 12:00:00,3.738504,-5.376352,6.548402,325.18677,2025-10-16 12:00:00,2025-10
2025-10-17 12:00:00,1.2736317,-4.8826985,5.046076,345.38037,2025-10-17 12:00:00,2025-10
2025-10-18 12:00:00,-0.41664287,3.7831085,3.8059824,173.71521,2025-10-18 12:00:00,2025-10
2025-10-19 12:00:00,-3.8138542,6.7531853,7.7557073,150.54446,2025-10-19 12:00:00,2025-10
2025-10-20 12:00:00,-4.2060204,6.355219,7.620985,146.50256,2025-10-20 12:00:00,2025-10
2025-10-21 12:00:00,0.99586457,4.0415015,4.162389,193.84247,2025-10-21 12:00:00,2025-10
2025-10-22 12:00:00,5.0960174,1.4296613,5.2927613,254.3288,2025-10-22 12:00:00,2025-10
2025-10-23 12:00:00,-2.5538082,-2.20774,3.3758042,49.156937,2025-10-23 12:00:00,2025-10
2025-10-24 12:00:00,3.8053513,-0.9311958,3.91763,283.75046,2025-10-24 12:00:00,2025-10
2025-10-25 12:00:00,5.8595257,-4.90775,7.643301,309.94846,2025-10-25 12:00:00,2025-10
2025-10-26 12:00:00,7.8920445,-5.101798,9.397485,302.88058,2025-10-26 12:00:00,2025-10
2025-10-27 12:00:00,6.0870247,-7.514446,9.67051,320.99103,2025-10-27 12:00:00,2025-10
2025-10-28 12:00:00,5.6216946,-0.15191953,5.623747,271.54797,2025-10-28 12:00:00,2025-10
2025-10-29 12:00:00,2.9671085,4.2713747,5.200805,214.78575,2025-10-29 12:00:00,2025-10
2025-10-30 12:00:00,3.4951475,-2.495018,4.294318,305.5212,2025-10-30 12:00:00,2025-10
2025-10-31 12:00:00,-2.6294608,8.005726,8.426489,161.81737,2025-10-31 12:00:00,2025-10
2025-11-01 12:00:00,1.9006475,9.140559,9.336074,191.74644,2025-11-01 12:00:00,2025-11
2025-11-02 12:00:00,3.8559098,5.770135,6.9399204,213.75294,2025-11-02 12:00:00,2025-11
2025-11-03 12:00:00,3.3923535,9.022209,9.638897,200.60628,2025-11-03 12:00:00,2025-11
2025-11-04 12:00:00,4.301948,7.8304844,8.934385,208.78372,2025-11-04 12:00:00,2025-11
2025-11-05 12:00:00,0.42069763,5.3561783,5.3726745,184.49104,2025-11-05 12:00:00,2025-11
2025-11-06 12:00:00,-1.3263208,4.067539,4.278318,161.94017,2025-11-06 12:00:00,2025-11
2025-11-07 12:00:00,-0.9048102,3.9307752,4.0335684,167.03711,2025-11-07 12:00:00,2025-11
2025-11-08 12:00:00,-0.58540034,2.9191494,2.9772682,168.66043,2025-11-08 12:00:00,2025-11
2025-11-09 12:00:00,2.1149778,2.9987206,3.6695309,215.19507,2025-11-09 12:00:00,2025-11
2025-11-10 12:00:00,-1.2999896,7.3561215,7.470107,169.97804,2025-11-10 12:00:00,2025-11
2025-11-11 12:00:00,1.9455543,6.6582417,6.9366684,196.28848,2025-11-11 12:00:00,2025-11
2025-11-12 12:00:00,4.308294,6.235064,7.5787477,214.64363,2025-11-12 12:00:00,2025-11
2025-11-13 12:00:00,2.623682,-3.0063016,3.9901824,318.88788,2025-11-13 12:00:00,2025-11
2025-11-14 12:00:00,-4.0896096,-4.484135,6.0689683,42.36537,2025-11-14 12:00:00,2025-11
2025-11-15 12:00:00,-3.9440637,0.3041266,3.955772,94.409355,2025-11-15 12:00:00,2025-11
2025-11-16 12:00:00,2.222866,-5.9346714,6.337307,339.46625,2025-11-16 12:00:00,2025-11
2025-11-17 12:00:00,2.4803333,-9.033975,9.368284,344.6474,2025-11-17 12:00:00,2025-11
2025-11-18 12:00:00,3.756442,-2.4368212,4.477606,302.97165,2025-11-18 12:00:00,2025-11
2025-11-19 12:00:00,-0.79819065,-5.279713,5.339708,8.596924,2025-11-19 12:00:00,2025-11
2025-11-20 12:00:00,-0.91561794,-3.562545,3.6783261,14.413773,2025-11-20 12:00:00,2025-11
2025-11-21 12:00:00,3.0757918,0.10461583,3.0775704,268.05197,2025-11-21 12:00:00,2025-11
2025-11-22 12:00:00,5.1544847,6.2613387,8.11006,219.46204,2025-11-22 12:00:00,2025-11
2025-11-23 12:00:00,-1.5806727,6.802079,6.9833236,166.91774,2025-11-23 12:00:00,2025-11
2025-11-24 12:00:00,-2.3907433,-1.0921303,2.6283839,65.44832,2025-11-24 12:00:00,2025-11
2025-11-25 12:00:00,-1.806877,-4.844122,5.1701374,20.455719,2025-11-25 12:00:00,2025-11
2025-11-26 12:00:00,1.4594662,4.084476,4.3373938,199.66284,2025-11-26 12:00:00,2025-11
2025-11-27 12:00:00,4.943352,5.5548553,7.4359365,221.66638,2025-11-27 12:00:00,2025-11
2025-11-28 12:00:00,6.31172,9.260427,11.206842,214.27756,2025-11-28 12:00:00,2025-11
2025-11-29 12:00:00,1.2758458,2.8612251,3.132793,204.03252,2025-11-29 12:00:00,2025-11
2025-11-30 12:00:00,3.8135583,-2.1147041,4.3606424,299.00934,2025-11-30 12:00:00,2025-11
2025-12-01 12:00:00,0.24775003,10.633178,10.636064,181.33473,2025-12-01 12:00:00,2025-12
2025-12-02 12:00:00,4.0713234,7.1565824,8.23361,209.63521,2025-12-02 12:00:00,2025-12
2025-12-03 12:00:00,0.067686014,6.0450764,6.0454555,180.64151,2025-12-03 12:00:00,2025-12
2025-12-04 12:00:00,-3.2790554,6.2572436,7.0643687,152.3436,2025-12-04 12:00:00,2025-12
2025-12-05 12:00:00,-2.3328388,6.4523873,6.8611546,160.12271,2025-12-05 12:00:00,2025-12
2025-12-06 12:00:00,-3.747929,6.9623475,7.907038,151.7058,2025-12-06 12:00:00,2025-12
2025-12-07 12:00:00,-1.6520165,4.3772874,4.678654,159.32317,2025-12-07 12:00:00,2025-12
2025-12-08 12:00:00,5.577811,4.3294635,7.060894,232.1816,2025-12-08 12:00:00,2025-12
2025-12-09 12:00:00,-0.91969687,6.7981095,6.8600388,172.2954,2025-12-09 12:00:00,2025-12
2025-12-10 12:00:00,6.8349266,8.052201,10.561921,220.3255,2025-12-10 12:00:00,2025-12
2025-12-11 12:00:00,6.1159296,5.1264825,7.9803143,230.02965,2025-12-11 12:00:00,2025-12
2025-12-12 12:00:00,0.9336018,6.0081053,6.080209,188.83258,2025-12-12 12:00:00,2025-12
2025-12-13 12:00:00,5.335576,4.0555596,6.7019353,232.76161,2025-12-13 12:00:00,2025-12
2025-12-14 12:00:00,5.250386,7.6909432,9.312205,214.32022,2025-12-14 12:00:00,2025-12
2025-12-15 12:00:00,2.6789718,6.267712,6.8162384,203.14304,2025-12-15 12:00:00,2025-12
2025-12-16 12:00:00,1.7396054,3.4153867,3.8328962,206.99173,2025-12-16 12:00:00,2025-12
2025-12-17 12:00:00,1.9798231,7.4624276,7.720591,194.85858,2025-12-17 12:00:00,2025-12
2025-12-18 12:00:00,3.6932383,6.8483915,7.780776,208.33734,2025-12-18 12:00:00,2025-12
2025-12-19 12:00:00,6.284137,7.618284,9.875658,219.51839,2025-12-19 12:00:00,2025-12
2025-12-20 12:00:00,1.1473204,3.060007,3.2680252,200.55305,2025-12-20 12:00:00,2025-12
2025-12-21 12:00:00,-5.565545,2.0676844,5.9372225,110.3808,2025-12-21 12:00:00,2025-12
2025-12-22 12:00:00,-6.9745555,3.2101889,7.677873,114.71527,2025-12-22 12:00:00,2025-12
2025-12-23 12:00:00,-7.3448467,2.4461246,7.741466,108.41981,2025-12-23 12:00:00,2025-12
2025-12-24 12:00:00,-3.5853841,-1.4177784,3.8555253,68.424545,2025-12-24 12:00:00,2025-12
2025-12-25 12:00:00,-3.21568,-1.989188,3.781199,58.259483,2025-12-25 12:00:00,2025-12
2025-12-26 12:00:00,-1.8279213,-1.2652398,2.2230897,55.310028,2025-12-26 12:00:00,2025-12
2025-12-27 12:00:00,0.55807304,-7.8118625,7.8317714,355.91376,2025-12-27 12:00:00,2025-12
2025-12-28 12:00:00,1.97419,-4.2115173,4.651269,334.8847,2025-12-28 12:00:00,2025-12
2025-12-29 12:00:00,1.7362579,-7.6510324,7.845565,347.21432,2025-12-29 12:00:00,2025-12
2025-12-30 12:00:00,1.6364295,-6.280645,6.490331,345.39618,2025-12-30 12:00:00,2025-12
2025-12-31 12:00:00,6.864346,-3.391564,7.6564975,296.29324,2025-12-31 12:00:00,2025-12
2026-01-01 12:00:00,9.641862,-6.3112535,11.523776,303.20746,2026-01-01 12:00:00,2026-01
2026-01-02 12:00:00,3.0237992,-8.660482,9.173184,340.75342,2026-01-02 12:00:00,2026-01
2026-01-03 12:00:00,2.07365,-6.921514,7.2254677,343.32202,2026-01-03 12:00:00,2026-01
2026-01-04 12:00:00,2.434908,-2.1426682,3.2434247,311.3471,2026-01-04 12:00:00,2026-01
2026-01-05 12:00:00,-0.24634553,-1.4671744,1.4877119,9.531342,2026-01-05 12:00:00,2026-01
2026-01-06 12:00:00,1.777288,1.4196327,2.2746668,231.38342,2026-01-06 12:00:00,2026-01
2026-01-07 12:00:00,-1.6919956,1.8755698,2.5259871,137.94565,2026-01-07 12:00:00,2026-01
2026-01-08 12:00:00,-1.6453748,2.5311284,3.0189185,146.97388,2026-01-08 12:00:00,2026-01
2026-01-09 12:00:00,-8.948974,0.5950542,8.968736,93.80424,2026-01-09 12:00:00,2026-01
2026-01-10 12:00:00,-4.9936676,1.9480513,5.3601885,111.310974,2026-01-10 12:00:00,2026-01
2026-01-11 12:00:00,-2.3832119,10.470096,10.737905,167.17677,2026-01-11 12:00:00,2026-01
2026-01-12 12:00:00,-1.0111573,8.860224,8.917735,173.4894,2026-01-12 12:00:00,2026-01
2026-01-13 12:00:00,-0.18088631,5.9480286,5.9507785,178.2581,2026-01-13 12:00:00,2026-01
2026-01-14 12:00:00,6.05829,1.8504406,6.334588,253.01526,2026-01-14 12:00:00,2026-01
2026-01-15 12:00:00,1.5635165,7.0941787,7.2644305,192.42897,2026-01-15 12:00:00,2026-01
2026-01-16 12:00:00,2.392623,3.2228744,4.0139213,216.58975,2026-01-16 12:00:00,2026-01
2026-01-17 12:00:00,-3.796132,3.1892784,4.9580355,130.03493,2026-01-17 12:00:00,2026-01
2026-01-18 12:00:00,-4.421906,3.5507677,5.671085,128.76428,2026-01-18 12:00:00,2026-01
2026-01-19 12:00:00,-3.6124372,5.3940363,6.4919434,146.1894,2026-01-19 12:00:00,2026-01
2026-01-20 12:00:00,-4.849495,4.725856,6.77136,134.26022,2026-01-20 12:00:00,2026-01
2026-01-21 12:00:00,-8.676527,5.0900154,10.059342,120.39768,2026-01-21 12:00:00,2026-01
2026-01-22 12:00:00,-10.350587,3.4732382,10.917786,108.549675,2026-01-22 12:00:00,2026-01
2026-01-23 12:00:00,-10.247468,3.5747466,10.853083,109.23092,2026-01-23 12:00:00,2026-01
2026-01-24 12:00:00,-7.909933,3.8673017,8.804718,116.0548,2026-01-24 12:00:00,2026-01
2026-01-25 12:00:00,-7.7985616,1.8262223,8.009535,103.17971,2026-01-25 12:00:00,2026-01
2026-01-26 12:00:00,-4.92751,-0.53110373,4.9560494,83.84822,2026-01-26 12:00:00,2026-01
2026-01-27 12:00:00,-9.420117,4.048456,10.253224,113.25645,2026-01-27 12:00:00,2026-01
2026-01-28 12:00:00,-7.171172,3.0554297,7.794957,113.07746,2026-01-28 12:00:00,2026-01
2026-01-29 12:00:00,-7.097984,2.7686853,7.618858,111.30909,2026-01-29 12:00:00,2026-01
2026-01-30 12:00:00,-8.955004,5.143687,10.327129,119.87274,2026-01-30 12:00:00,2026-01
2026-01-31 12:00:00,-7.644701,5.170749,9.229198,124.07378,2026-01-31 12:00:00,2026-01
2026-02-01 12:00:00,-7.3871837,5.3779297,9.137429,126.05493,2026-02-01 12:00:00,2026-02
2026-02-02 12:00:00,-9.258011,2.6859832,9.639775,106.17879,2026-02-02 12:00:00,2026-02
2026-02-03 12:00:00,-10.503013,2.5814598,10.8156,103.80861,2026-02-03 12:00:00,2026-02
2026-02-04 12:00:00,-9.561062,3.8147345,10.293983,111.751335,2026-02-04 12:00:00,2026-02
2026-02-05 12:00:00,-9.953576,0.5623441,9.969449,93.23359,2026-02-05 12:00:00,2026-02
2026-02-06 12:00:00,-8.087708,0.9378285,8.141901,96.61433,2026-02-06 12:00:00,2026-02
2026-02-07 12:00:00,-6.3226714,3.8139439,7.3839245,121.099106,2026-02-07 12:00:00,2026-02
2026-02-08 12:00:00,-6.9624314,4.916323,8.523244,125.226746,2026-02-08 12:00:00,2026-02
2026-02-09 12:00:00,-5.136379,5.412508,7.4617443,136.49945,2026-02-09 12:00:00,2026-02
2026-02-10 12:00:00,-5.4940114,2.7595963,6.1481323,116.670006,2026-02-10 12:00:00,2026-02
2026-02-11 12:00:00,-4.958129,0.64074975,4.99936,97.36365,2026-02-11 12:00:00,2026-02
2026-02-12 12:00:00,-3.941422,-2.6976116,4.776182,55.61125,2026-02-12 12:00:00,2026-02
2026-02-13 12:00:00,-3.225689,-0.8355989,3.3321607,75.47705,2026-02-13 12:00:00,2026-02
2026-02-14 12:00:00,0.17759721,-1.2508599,1.2634046,351.91913,2026-02-14 12:00:00,2026-02
2026-02-15 12:00:00,-1.7021359,10.969819,11.10109,171.18002,2026-02-15 12:00:00,2026-02
2026-02-16 12:00:00,-0.903516,3.60553,3.7170134,165.93185,2026-02-16 12:00:00,2026-02
2026-02-17 12:00:00,1.6072624,-4.7079873,4.97478,341.15057,2026-02-17 12:00:00,2026-02
2026-02-18 12:00:00,-1.671219,2.4909601,2.9996426,146.1418,2026-02-18 12:00:00,2026-02
2026-02-19 12:00:00,-6.36689,4.0615335,7.552042,122.53441,2026-02-19 12:00:00,2026-02
2026-02-20 12:00:00,2.5640545,8.219553,8.610193,197.32509,2026-02-20 12:00:00,2026-02
2026-02-21 12:00:00,5.5834875,-1.2127132,5.7136683,282.2541,2026-02-21 12:00:00,2026-02
2026-02-22 12:00:00,4.827782,3.3956568,5.9023695,234.87907,2026-02-22 12:00:00,2026-02
2026-02-23 12:00:00,6.523785,1.6574528,6.731042,255.74486,2026-02-23 12:00:00,2026-02
2026-02-24 12:00:00,-0.29156417,5.3205786,5.3285613,176.86337,2026-02-24 12:00:00,2026-02
2026-02-25 12:00:00,0.73650444,6.496621,6.5382357,186.46785,2026-02-25 12:00:00,2026-02
2026-02-26 12:00:00,4.5918837,6.622275,8.058531,214.73743,2026-02-26 12:00:00,2026-02
2026-02-27 12:00:00,4.0318775,3.612906,5.41379,228.13695,2026-02-27 12:00:00,2026-02
2026-02-28 12:00:00,1.0726353,0.2326063,1.0975665,257.76456,2026-02-28 12:00:00,2026-02
2026-03-01 12:00:00,1.4198433,6.9772778,7.120278,191.50237,2026-03-01 12:00:00,2026-03
2026-03-02 12:00:00,0.77237153,8.297939,8.333808,185.31776,2026-03-02 12:00:00,2026-03
2026-03-03 12:00:00,4.4481006,-1.6814038,4.755283,290.70682,2026-03-03 12:00:00,2026-03
2026-03-04 12:00:00,0.10161561,3.5369694,3.5384288,181.64563,2026-03-04 12:00:00,2026-03
2026-03-05 12:00:00,-2.150266,5.8883734,6.2686987,159.93925,2026-03-05 12:00:00,2026-03
2026-03-06 12:00:00,-0.024060717,0.14919253,0.15112025,170.83862,2026-03-06 12:00:00,2026-03
2026-03-07 12:00:00,0.3680942,0.07638294,0.37593576,258.27698,2026-03-07 12:00:00,2026-03
2026-03-08 12:00:00,-0.54403657,2.7862797,2.8388958,168.95169,2026-03-08 12:00:00,2026-03
2026-03-09 12:00:00,0.02897271,3.892569,3.8926768,180.42645,2026-03-09 12:00:00,2026-03
2026-03-10 12:00:00,2.3377805,5.271583,5.766698,203.91577,2026-03-10 12:00:00,2026-03
2026-03-11 12:00:00,5.904365,5.571143,8.11783,226.66327,2026-03-11 12:00:00,2026-03
2026-03-12 12:00:00,4.214642,12.491711,13.183552,198.64413,2026-03-12 12:00:00,2026-03
2026-03-13 12:00:00,7.7041388,6.470985,10.061183,229.97188,2026-03-13 12:00:00,2026-03
2026-03-14 12:00:00,3.735367,-0.10828111,3.736936,271.66043,2026-03-14 12:00:00,2026-03
2026-03-15 12:00:00,2.8271234,9.316574,9.736076,196.88046,2026-03-15 12:00:00,2026-03
2026-03-16 12:00:00,6.485092,2.5143247,6.955447,248.80826,2026-03-16 12:00:00,2026-03
2026-03-17 12:00:00,0.9589731,8.219982,8.275732,186.65425,2026-03-17 12:00:00,2026-03
2026-03-18 12:00:00,0.99963033,4.5781493,4.6860123,192.31711,2026-03-18 12:00:00,2026-03
2026-03-19 12:00:00,0.8882312,-2.0730913,2.255363,336.80695,2026-03-19 12:00:00,2026-03
2026-03-20 12:00:00,0.2830623,1.6785368,1.7022368,189.57208,2026-03-20 12:00:00,2026-03
2026-03-21 12:00:00,0.004166806,1.6884717,1.6884768,180.14139,2026-03-21 12:00:00,2026-03
2026-03-22 12:00:00,1.6038209,4.7998605,5.0607214,198.47649,2026-03-22 12:00:00,2026-03
2026-03-23 12:00:00,2.364363,1.1763968,2.6408563,243.5472,2026-03-23 12:00:00,2026-03
2026-03-24 12:00:00,7.391145,6.4821205,9.830916,228.74886,2026-03-24 12:00:00,2026-03
2026-03-25 12:00:00,9.761379,-5.762087,11.335175,300.5531,2026-03-25 12:00:00,2026-03
2026-03-26 12:00:00,6.3240237,-7.855432,10.084696,321.16415,2026-03-26 12:00:00,2026-03
2026-03-27 12:00:00,3.9870336,5.607176,6.8801785,215.41507,2026-03-27 12:00:00,2026-03
2026-03-28 12:00:00,7.400165,-0.99133664,7.4662704,277.63,2026-03-28 12:00:00,2026-03
2026-03-29 12:00:00,5.786008,8.414313,10.211687,214.51392,2026-03-29 12:00:00,2026-03
2026-03-30 12:00:00,8.833384,-4.498665,9.912953,296.98883,2026-03-30 12:00:00,2026-03
2026-03-31 12:00:00,4.084154,-0.8000354,4.161775,281.0832,2026-03-31 12:00:00,2026-03
2026-04-01 12:00:00,2.113165,3.578575,4.155919,210.56204,2026-04-01 12:00:00,2026-04
2026-04-02 12:00:00,2.734926,-5.382816,6.037759,333.06555,2026-04-02 12:00:00,2026-04
2026-04-03 12:00:00,2.051457,8.50531,8.749216,193.56058,2026-04-03 12:00:00,2026-04
2026-04-04 12:00:00,6.2489276,2.7686346,6.8347955,246.1039,2026-04-04 12:00:00,2026-04
2026-04-05 12:00:00,11.137594,0.26736408,11.140802,268.62485,2026-04-05 12:00:00,2026-04
2026-04-06 12:00:00,4.954371,-1.0175704,5.0577903,281.60648,2026-04-06 12:00:00,2026-04
2026-04-07 12:00:00,-2.3997903,2.0414972,3.1506672,130.38776,2026-04-07 12:00:00,2026-04
2026-04-08 12:00:00,-3.325427,4.962999,5.974096,146.17618,2026-04-08 12:00:00,2026-04
2026-04-09 12:00:00,-3.2160118,7.086457,7.782069,155.59027,2026-04-09 12:00:00,2026-04
2026-04-10 12:00:00,3.2201226,-0.006671259,3.2201295,270.1187,2026-04-10 12:00:00,2026-04
2026-04-11 12:00:00,-5.87487,7.489204,9.518522,141.88776,2026-04-11 12:00:00,2026-04
2026-04-12 12:00:00,-0.67322946,8.251867,8.2792845,175.33585,2026-04-12 12:00:00,2026-04
2026-04-13 12:00:00,-2.7029145,2.4512594,3.6488929,132.20473,2026-04-13 12:00:00,2026-04
2026-04-14 12:00:00,-0.23100427,2.3767805,2.38798,174.44875,2026-04-14 12:00:00,2026-04
2026-04-15 12:00:00,-3.7404346,5.9268365,7.008441,147.74393,2026-04-15 12:00:00,2026-04
2026-04-16 12:00:00,1.1654447,5.338735,5.4644628,192.31447,2026-04-16 12:00:00,2026-04
2026-04-17 12:00:00,-2.0762694,5.66631,6.0347295,159.87598,2026-04-17 12:00:00,2026-04
2026-04-18 12:00:00,2.47732,2.6597881,3.6347747,222.96573,2026-04-18 12:00:00,2026-04
2026-04-19 12:00:00,2.989521,-3.554839,4.6447945,319.93707,2026-04-19 12:00:00,2026-04
2026-04-20 12:00:00,-3.8725019,-1.8540996,4.2934785,64.41556,2026-04-20 12:00:00,2026-04
2026-04-21 12:00:00,-2.6971426,-4.0350513,4.8534746,33.759888,2026-04-21 12:00:00,2026-04
2026-04-22 12:00:00,-0.2664065,-4.2163496,4.2247577,3.615387,2026-04-22 12:00:00,2026-04
2026-04-23 12:00:00,2.2847977,-5.1520624,5.63596,336.084,2026-04-23 12:00:00,2026-04
2026-04-24 12:00:00,2.7565665,-4.199037,5.023004,326.71606,2026-04-24 12:00:00,2026-04
2026-04-25 12:00:00,3.6767476,-5.2721715,6.427617,325.10855,2026-04-25 12:00:00,2026-04
2026-04-26 12:00:00,0.66476417,-0.3328734,0.7434488,296.5989,2026-04-26 12:00:00,2026-04
2026-04-27 12:00:00,-1.4635054,0.038752213,1.4640183,91.51679,2026-04-27 12:00:00,2026-04
2026-04-28 12:00:00,-2.552943,-2.28961,3.429261,48.11264,2026-04-28 12:00:00,2026-04
2026-04-29 12:00:00,-1.87773,-0.92783093,2.0944545,63.70494,2026-04-29 12:00:00,2026-04
2026-04-30 12:00:00,-1.8721757,2.5896394,3.1955085,144.13501,2026-04-30 12:00:00,2026-04
2026-05-01 12:00:00,-0.74672717,5.7534723,5.801728,172.60507,2026-05-01 12:00:00,2026-05
2026-05-02 12:00:00,2.1181335,1.1705108,2.4200382,241.07434,2026-05-02 12:00:00,2026-05
2026-05-03 12:00:00,0.15378216,-0.84269696,0.8566138,349.658,2026-05-03 12:00:00,2026-05
2026-05-04 12:00:00,2.8080595,-1.0738394,3.0063815,290.92752,2026-05-04 12:00:00,2026-05
2026-05-05 12:00:00,0.66626984,-2.7522602,2.8317578,346.39157,2026-05-05 12:00:00,2026-05
2026-05-06 12:00:00,-0.5544361,-3.6644506,3.7061567,8.603683,2026-05-06 12:00:00,2026-05
2026-05-07 12:00:00,-0.9448159,1.1812159,1.5125964,141.34483,2026-05-07 12:00:00,2026-05
2026-05-08 12:00:00,-1.7735537,4.178877,4.539659,157.00319,2026-05-08 12:00:00,2026-05
2026-05-09 12:00:00,-0.2729765,-0.57683414,0.6381644,25.325027,2026-05-09 12:00:00,2026-05
2026-05-10 12:00:00,1.9546095,-4.2929535,4.7169847,335.5199,2026-05-10 12:00:00,2026-05
2026-05-11 12:00:00,2.3712509,-6.657181,7.0668864,340.39438,2026-05-11 12:00:00,2026-05
2026-05-12 12:00:00,5.450061,1.0050608,5.5419593,259.5513,2026-05-12 12:00:00,2026-05
2026-05-13 12:00:00,1.4058837,-0.45013416,1.4761875,287.75397,2026-05-13 12:00:00,2026-05
2026-05-14 12:00:00,3.738901,-5.738146,6.8487735,326.91223,2026-05-14 12:00:00,2026-05
2026-05-15 12:00:00,3.953776,-3.4207635,5.2281895,310.866,2026-05-15 12:00:00,2026-05
2026-05-16 12:00:00,4.272741,-0.83080894,4.3527646,281.0035,2026-05-16 12:00:00,2026-05
2026-05-17 12:00:00,1.1954932,4.560996,4.7150702,194.68752,2026-05-17 12:00:00,2026-05
2026-05-18 12:00:00,-1.1332476,2.8596704,3.0760307,158.38226,2026-05-18 12:00:00,2026-05
2026-05-19 12:00:00,-3.2021446,6.718792,7.442842,154.51775,2026-05-19 12:00:00,2026-05
2026-05-20 12:00:00,1.5262588,4.7539387,4.992935,197.7993,2026-05-20 12:00:00,2026-05
2026-05-21 12:00:00,2.9680862,3.2175224,4.377441,222.69078,2026-05-21 12:00:00,2026-05
2026-05-22 12:00:00,0.43325326,4.499456,4.520267,185.50006,2026-05-22 12:00:00,2026-05
2026-05-23 12:00:00,4.0047336,1.442884,4.2567368,250.18619,2026-05-23 12:00:00,2026-05
2026-05-24 12:00:00,2.5514793,1.7238694,3.079249,235.95566,2026-05-24 12:00:00,2026-05
2026-05-25 12:00:00,3.234702,1.9382094,3.7709353,239.07027,2026-05-25 12:00:00,2026-05
2026-05-26 12:00:00,3.2059517,-1.9671174,3.76134,301.53256,2026-05-26 12:00:00,2026-05
2026-05-27 12:00:00,0.59349394,-3.6169956,3.6653638,350.68167,2026-05-27 12:00:00,2026-05
2026-05-28 12:00:00,-1.3561273,1.8988228,2.3333685,144.46582,2026-05-28 12:00:00,2026-05
2026-05-29 12:00:00,3.790957,3.4716551,5.1404033,227.5174,2026-05-29 12:00:00,2026-05
2026-05-30 12:00:00,2.869035,-0.85167176,2.9927757,286.5335,2026-05-30 12:00:00,2026-05
2026-05-31 12:00:00,1.6037183,1.5583179,2.2361276,225.8226,2026-05-31 12:00:00,2026-05
2026-06-01 12:00:00,1.7894468,4.01195,4.3929334,204.03827,2026-06-01 12:00:00,2026-06
2026-06-02 12:00:00,-1.4180622,4.5348744,4.7514195,162.63545,2026-06-02 12:00:00,2026-06
2026-06-03 12:00:00,1.134711,5.942309,6.0496783,190.81075,2026-06-03 12:00:00,2026-06
2026-06-04 12:00:00,1.0721773,7.156595,7.2364645,188.5205,2026-06-04 12:00:00,2026-06
2026-06-05 12:00:00,5.596796,2.170171,6.0028133,248.80606,2026-06-05 12:00:00,2026-06
2026-06-06 12:00:00,-2.0245736,4.942624,5.3412013,157.72525,2026-06-06 12:00:00,2026-06
2026-06-07 12:00:00,3.323792,4.156875,5.322331,218.64545,2026-06-07 12:00:00,2026-06
2026-06-08 12:00:00,1.1469709,5.195044,5.3201528,192.45013,2026-06-08 12:00:00,2026-06
2026-06-09 12:00:00,5.9811277,1.0386732,6.070645,260.14835,2026-06-09 12:00:00,2026-06
2026-06-10 12:00:00,5.4492393,0.77770174,5.504455,261.87775,2026-06-10 12:00:00,2026-06
2026-06-11 12:00:00,3.2031083,4.4628525,5.4933553,215.66801,2026-06-11 12:00:00,2026-06
2026-06-12 12:00:00,5.327487,2.3828459,5.836101,245.90228,2026-06-12 12:00:00,2026-06
2026-06-13 12:00:00,7.013883,-2.2955713,7.379987,288.12274,2026-06-13 12:00:00,2026-06
2026-06-14 12:00:00,4.6033864,-6.015916,7.5751176,322.57672,2026-06-14 12:00:00,2026-06
2026-06-15 12:00:00,3.3748229,-3.9583483,5.2017255,319.54962,2026-06-15 12:00:00,2026-06
2026-06-16 12:00:00,1.3351401,-1.1854066,1.7854377,311.60034,2026-06-16 12:00:00,2026-06
2026-06-17 12:00:00,2.1453643,4.9448705,5.3902073,203.45392,2026-06-17 12:00:00,2026-06
2026-06-18 12:00:00,1.688604,3.419122,3.8133683,206.28342,2026-06-18 12:00:00,2026-06
2026-06-19 12:00:00,-0.72128654,6.349742,6.3905773,173.51938,2026-06-19 12:00:00,2026-06
2026-06-20 12:00:00,3.9314957,1.6076137,4.2474794,247.76003,2026-06-20 12:00:00,2026-06
2026-06-21 12:00:00,0.8263896,-0.9937707,1.2924782,320.2541,2026-06-21 12:00:00,2026-06
2026-06-22 12:00:00,-0.74600315,-0.88498265,1.1574606,40.129486,2026-06-22 12:00:00,2026-06
2026-06-23 12:00:00,-0.26641336,3.3528028,3.3633707,175.45683,2026-06-23 12:00:00,2026-06
2026-06-24 12:00:00,1.6931221,-0.91216666,1.9232032,298.31348,2026-06-24 12:00:00,2026-06
2026-06-25 12:00:00,-0.40379426,-0.6378387,0.7549093,32.336533,2026-06-25 12:00:00,2026-06
2026-06-26 12:00:00,-0.13888657,2.8253565,2.828768,177.18576,2026-06-26 12:00:00,2026-06
2026-06-27 12:00:00,1.3886702,2.7651477,3.0942602,206.66602,2026-06-27 12:00:00,2026-06
2026-06-28 12:00:00,3.004982,4.3639693,5.298504,214.55087,2026-06-28 12:00:00,2026-06
2026-06-29 12:00:00,4.54869,1.4701118,4.7803564,252.08945,2026-06-29 12:00:00,2026-06
2026-06-30 12:00:00,0.12220164,2.3290694,2.332273,183.00345,2026-06-30 12:00:00,2026-06
2026-07-01 12:00:00,1.9810665,-0.32035047,2.0068007,279.18555,2026-07-01 12:00:00,2026-07
2026-07-02 12:00:00,8.054648,-1.196626,8.14305,278.45026,2026-07-02 12:00:00,2026-07
2026-07-03 12:00:00,6.7943535,-2.3742938,7.197257,289.26202,2026-07-03 12:00:00,2026-07
2026-07-04 12:00:00,4.989095,1.9919162,5.372039,248.23544,2026-07-04 12:00:00,2026-07
2026-07-05 12:00:00,4.713753,-2.6992447,5.431886,299.7968,2026-07-05 12:00:00,2026-07
2026-07-06 12:00:00,5.59531,0.22793454,5.599951,267.66724,2026-07-06 12:00:00,2026-07
2026-07-07 12:00:00,5.895981,-4.725016,7.555684,308.70856,2026-07-07 12:00:00,2026-07
2026-07-08 12:00:00,3.71289,-2.1062722,4.268716,299.56564,2026-07-08 12:00:00,2026-07
2026-07-09 12:00:00,1.340742,0.16680706,1.3510787,262.90805,2026-07-09 12:00:00,2026-07
2026-07-10 12:00:00,-0.023292657,-1.464768,1.4649533,0.91104126,2026-07-10 12:00:00,2026-07
2026-07-11 12:00:00,-0.7495133,-3.873196,3.9450495,10.952118,2026-07-11 12:00:00,2026-07
2026-07-12 12:00:00,-0.434008,-6.0332656,6.048856,4.1145325,2026-07-12 12:00:00,2026-07
2026-07-13 12:00:00,-1.7183111,-4.4814568,4.799588,20.97818,2026-07-13 12:00:00,2026-07
2026-07-14 12:00:00,-1.4178001,-4.3170595,4.543915,18.181122,2026-07-14 12:00:00,2026-07
2026-07-15 12:00:00,-1.1039592,-3.3737183,3.5497468,18.119308,2026-07-15 12:00:00,2026-07
2026-07-16 12:00:00,-0.5039161,-2.7933648,2.8384535,10.226044,2026-07-16 12:00:00,2026-07
2026-07-17 12:00:00,2.071166,-4.457518,4.9152,335.07825,2026-07-17 12:00:00,2026-07
2026-07-18 12:00:00,3.9242125,-7.375204,8.354225,331.98334,2026-07-18 12:00:00,2026-07
2026-07-19 12:00:00,2.7001386,-6.756179,7.275761,338.21564,2026-07-19 12:00:00,2026-07
2026-07-20 12:00:00,1.652405,-4.558559,4.848804,340.0752,2026-07-20 12:00:00,2026-07
2026-07-21 12:00:00,4.037087,-3.4459233,5.3077736,310.48297,2026-07-21 12:00:00,2026-07
2026-07-22 12:00:00,4.134081,-6.8111773,7.9676065,328.7441,2026-07-22 12:00:00,2026-07
2026-07-23 12:00:00,3.4523656,-3.1245584,4.6563606,312.1466,2026-07-23 12:00:00,2026-07
2026-07-24 12:00:00,4.718209,2.3007033,5.24926,244.0051,2026-07-24 12:00:00,2026-07
2026-07-25 12:00:00,7.0304623,3.1367419,7.698477,245.95526,2026-07-25 12:00:00,2026-07
2026-07-26 12:00:00,5.2062545,0.34440786,5.2176337,266.21524,2026-07-26 12:00:00,2026-07
2026-07-27 12:00:00,7.1641836,-1.3236996,7.285445,280.46826,2026-07-27 12:00:00,2026-07
2026-07-28 12:00:00,2.779855,3.9765806,4.851885,214.95572,2026-07-28 12:00:00,2026-07
2026-07-29 12:00:00,1.4792963,4.282142,4.5304594,199.05783,2026-07-29 12:00:00,2026-07
2026-07-30 12:00:00,3.6123917,0.4247815,3.637281,263.2934,2026-07-30 12:00:00,2026-07
2026-07-31 12:00:00,3.0829976,-0.29645014,3.0972176,275.49246,2026-07-31 12:00:00,2026-07
2026-08-01 12:00:00,4.568769,1.3357651,4.7600336,253.70273,2026-08-01 12:00:00,2026-08
2026-08-02 12:00:00,2.484868,-0.17442413,2.4909823,274.01526,2026-08-02 12:00:00,2026-08
2026-08-03 12:00:00,-2.6699827,-0.11808657,2.6725929,87.467606,2026-08-03 12:00:00,2026-08
2026-08-04 12:00:00,-2.649841,1.8393029,3.2256305,124.76523,2026-08-04 12:00:00,2026-08
2026-08-05 12:00:00,3.5471106,3.6814077,5.1122165,223.93564,2026-08-05 12:00:00,2026-08
2026-08-06 12:00:00,7.054916,-3.1313515,7.718627,293.9342,2026-08-06 12:00:00,2026-08
2026-08-07 12:00:00,4.1477094,2.1288188,4.66212,242.83075,2026-08-07 12:00:00,2026-08
2026-08-08 12:00:00,2.5008018,4.7764983,5.3915625,207.63492,2026-08-08 12:00:00,2026-08
2026-08-09 12:00:00,3.3646493,3.596686,4.9251413,223.09091,2026-08-09 12:00:00,2026-08
2026-08-10 12:00:00,5.68814,-4.813353,7.451396,310.23816,2026-08-10 12:00:00,2026-08
2026-08-11 12:00:00,1.2336297,-1.402311,1.867704,318.6615,2026-08-11 12:00:00,2026-08
2026-08-12 12:00:00,-1.0814998,4.3846717,4.516081,166.1443,2026-08-12 12:00:00,2026-08
2026-08-13 12:00:00,-1.8757471,4.0728164,4.4840007,155.27144,2026-08-13 12:00:00,2026-08
2026-08-14 12:00:00,0.8636417,1.4194245,1.6615183,211.3182,2026-08-14 12:00:00,2026-08
2026-08-15 12:00:00,3.287353,-2.8175638,4.329591,310.5996,2026-08-15 12:00:00,2026-08
2026-08-16 12:00:00,3.2690365,-1.8380913,3.7503572,299.34787,2026-08-16 12:00:00,2026-08
2026-08-17 12:00:00,2.442976,-3.7124493,4.444144,326.65308,2026-08-17 12:00:00,2026-08
2026-08-18 12:00:00,2.1905038,0.5446276,2.2571943,256.0376,2026-08-18 12:00:00,2026-08
2026-08-19 12:00:00,2.2371886,-1.4497386,2.6658497,302.94397,2026-08-19 12:00:00,2026-08
2026-08-20 12:00:00,2.5960505,-0.7814933,2.711127,286.75345,2026-08-20 12:00:00,2026-08
2026-08-21 12:00:00,3.2494504,-5.082416,6.0324025,327.4071,2026-08-21 12:00:00,2026-08
2026-08-22 12:00:00,4.708444,-6.542866,8.060927,324.26007,2026-08-22 12:00:00,2026-08
2026-08-23 12:00:00,3.4753497,-4.429675,5.630282,321.88367,2026-08-23 12:00:00,2026-08
2026-08-24 12:00:00,-1.3018483,-1.7447218,2.176893,36.728973,2026-08-24 12:00:00,2026-08
2026-08-25 12:00:00,-4.167327,-0.1546997,4.170197,87.87405,2026-08-25 12:00:00,2026-08
2026-08-26 12:00:00,-5.13431,1.6414287,5.3903084,107.72898,2026-08-26 12:00:00,2026-08
2026-08-27 12:00:00,-5.922335,2.223833,6.326096,110.58113,2026-08-27 12:00:00,2026-08
2026-08-28 12:00:00,-1.0730292,3.0698884,3.2520158,160.73376,2026-08-28 12:00:00,2026-08
2026-08-29 12:00:00,3.735431,1.8730482,4.178726,243.36955,2026-08-29 12:00:00,2026-08
2026-08-30 12:00:00,3.470828,-0.5635166,3.5162761,279.22195,2026-08-30 12:00:00,2026-08
2026-08-31 12:00:00,2.7613254,0.4437474,2.7967534,260.87057,2026-08-31 12:00:00,2026-08
